INFO buildroot.py:668:  Mock Version: 6.7
DEBUG file_util.py:17:  ensuring that dir exists: /var/lib/mock/e72385b4a8f5cd7f125828f2ec3220030c12951ab2166ae122ccae7e96ee833f.0
DEBUG file_util.py:17:  ensuring that dir exists: /var/lib/mock/e72385b4a8f5cd7f125828f2ec3220030c12951ab2166ae122ccae7e96ee833f.0/root
DEBUG file_util.py:20:  created dir: /var/lib/mock/e72385b4a8f5cd7f125828f2ec3220030c12951ab2166ae122ccae7e96ee833f.0/root
DEBUG file_util.py:17:  ensuring that dir exists: /srv/alternatives/castor/build_node/builder-1/424127/rpm_result
INFO buildroot.py:318:  calling preinit hooks
DEBUG file_util.py:17:  ensuring that dir exists: /var/cache/mock/e72385b4a8f5cd7f125828f2ec3220030c12951ab2166ae122ccae7e96ee833f.0/root_cache/
DEBUG file_util.py:17:  ensuring that dir exists: /var/lib/mock/e72385b4a8f5cd7f125828f2ec3220030c12951ab2166ae122ccae7e96ee833f.0/root
DEBUG util.py:636:  child environment: None
DEBUG util.py:558:  Executing command: ['/bin/tar', '--use-compress-program', 'pigz', '-xf', '/var/cache/mock/e72385b4a8f5cd7f125828f2ec3220030c12951ab2166ae122ccae7e96ee833f.0/root_cache/cache.tar.gz', '-C', '/var/lib/mock/e72385b4a8f5cd7f125828f2ec3220030c12951ab2166ae122ccae7e96ee833f.0/root'] with env {'TERM': 'vt100', 'SHELL': '/bin/sh', 'HOME': '/builddir', 'HOSTNAME': 'mock', 'PATH': '/usr/bin:/bin:/usr/sbin:/sbin', 'LANG': 'C.UTF-8'} and shell False
DEBUG util.py:610:  Child return code was: 0
DEBUG file_util.py:17:  ensuring that dir exists: /var/lib/mock/e72385b4a8f5cd7f125828f2ec3220030c12951ab2166ae122ccae7e96ee833f.0/root/./proc
DEBUG file_util.py:20:  created dir: /var/lib/mock/e72385b4a8f5cd7f125828f2ec3220030c12951ab2166ae122ccae7e96ee833f.0/root/./proc
DEBUG file_util.py:17:  ensuring that dir exists: /var/lib/mock/e72385b4a8f5cd7f125828f2ec3220030c12951ab2166ae122ccae7e96ee833f.0/root/./sys
DEBUG file_util.py:20:  created dir: /var/lib/mock/e72385b4a8f5cd7f125828f2ec3220030c12951ab2166ae122ccae7e96ee833f.0/root/./sys
DEBUG file_util.py:17:  ensuring that dir exists: /var/lib/mock/e72385b4a8f5cd7f125828f2ec3220030c12951ab2166ae122ccae7e96ee833f.0/root/./dev
DEBUG file_util.py:20:  created dir: /var/lib/mock/e72385b4a8f5cd7f125828f2ec3220030c12951ab2166ae122ccae7e96ee833f.0/root/./dev
DEBUG file_util.py:17:  ensuring that dir exists: /var/lib/mock/e72385b4a8f5cd7f125828f2ec3220030c12951ab2166ae122ccae7e96ee833f.0/root/./tmp/ccache
DEBUG file_util.py:20:  created dir: /var/lib/mock/e72385b4a8f5cd7f125828f2ec3220030c12951ab2166ae122ccae7e96ee833f.0/root/./tmp/ccache
DEBUG file_util.py:17:  ensuring that dir exists: /var/lib/mock/e72385b4a8f5cd7f125828f2ec3220030c12951ab2166ae122ccae7e96ee833f.0/root/./var/cache/yum
DEBUG file_util.py:20:  created dir: /var/lib/mock/e72385b4a8f5cd7f125828f2ec3220030c12951ab2166ae122ccae7e96ee833f.0/root/./var/cache/yum
DEBUG file_util.py:17:  ensuring that dir exists: /var/lib/mock/e72385b4a8f5cd7f125828f2ec3220030c12951ab2166ae122ccae7e96ee833f.0/root/./var/cache/dnf
DEBUG file_util.py:20:  created dir: /var/lib/mock/e72385b4a8f5cd7f125828f2ec3220030c12951ab2166ae122ccae7e96ee833f.0/root/./var/cache/dnf
DEBUG file_util.py:17:  ensuring that dir exists: /var/lib/mock/e72385b4a8f5cd7f125828f2ec3220030c12951ab2166ae122ccae7e96ee833f.0/root/./var/log
DEBUG file_util.py:20:  created dir: /var/lib/mock/e72385b4a8f5cd7f125828f2ec3220030c12951ab2166ae122ccae7e96ee833f.0/root/./var/log
DEBUG file_util.py:17:  ensuring that dir exists: /var/cache/mock/e72385b4a8f5cd7f125828f2ec3220030c12951ab2166ae122ccae7e96ee833f.0/yum_cache
DEBUG file_util.py:17:  ensuring that dir exists: /var/cache/mock/e72385b4a8f5cd7f125828f2ec3220030c12951ab2166ae122ccae7e96ee833f.0/dnf_cache
DEBUG util.py:636:  child environment: None
DEBUG util.py:558:  Executing command: ['/usr/bin/lscpu'] with env {'TERM': 'vt100', 'SHELL': '/bin/sh', 'HOME': '/builddir', 'HOSTNAME': 'mock', 'PATH': '/usr/bin:/bin:/usr/sbin:/sbin', 'LANG': 'C.UTF-8'} and shell False
DEBUG util.py:463:  Architecture:                            aarch64
DEBUG util.py:463:  CPU op-mode(s):                          32-bit, 64-bit
DEBUG util.py:463:  Byte Order:                              Little Endian
DEBUG util.py:463:  CPU(s):                                  160
DEBUG util.py:463:  On-line CPU(s) list:                     0-159
DEBUG util.py:463:  Vendor ID:                               ARM
DEBUG util.py:463:  Model name:                              Neoverse-N1
DEBUG util.py:463:  Model:                                   1
DEBUG util.py:463:  Thread(s) per core:                      1
DEBUG util.py:463:  Core(s) per socket:                      80
DEBUG util.py:463:  Socket(s):                               2
DEBUG util.py:463:  Stepping:                                r3p1
DEBUG util.py:463:  Frequency boost:                         disabled
DEBUG util.py:463:  CPU(s) scaling MHz:                      100%
DEBUG util.py:463:  CPU max MHz:                             3000.0000
DEBUG util.py:463:  CPU min MHz:                             1000.0000
DEBUG util.py:463:  BogoMIPS:                                50.00
DEBUG util.py:463:  Flags:                                   fp asimd evtstrm aes pmull sha1 sha2 crc32 atomics fphp asimdhp cpuid asimdrdm lrcpc dcpop asimddp
DEBUG util.py:463:  L1d cache:                               10 MiB (160 instances)
DEBUG util.py:463:  L1i cache:                               10 MiB (160 instances)
DEBUG util.py:463:  L2 cache:                                160 MiB (160 instances)
DEBUG util.py:463:  NUMA node(s):                            2
DEBUG util.py:463:  NUMA node0 CPU(s):                       0-79
DEBUG util.py:463:  NUMA node1 CPU(s):                       80-159
DEBUG util.py:463:  Vulnerability Gather data sampling:      Not affected
DEBUG util.py:463:  Vulnerability Indirect target selection: Not affected
DEBUG util.py:463:  Vulnerability Itlb multihit:             Not affected
DEBUG util.py:463:  Vulnerability L1tf:                      Not affected
DEBUG util.py:463:  Vulnerability Mds:                       Not affected
DEBUG util.py:463:  Vulnerability Meltdown:                  Not affected
DEBUG util.py:463:  Vulnerability Mmio stale data:           Not affected
DEBUG util.py:463:  Vulnerability Reg file data sampling:    Not affected
DEBUG util.py:463:  Vulnerability Retbleed:                  Not affected
DEBUG util.py:463:  Vulnerability Spec rstack overflow:      Not affected
DEBUG util.py:463:  Vulnerability Spec store bypass:         Mitigation; Speculative Store Bypass disabled via prctl
DEBUG util.py:463:  Vulnerability Spectre v1:                Mitigation; __user pointer sanitization
DEBUG util.py:463:  Vulnerability Spectre v2:                Mitigation; CSV2, BHB
DEBUG util.py:463:  Vulnerability Srbds:                     Not affected
DEBUG util.py:463:  Vulnerability Tsa:                       Not affected
DEBUG util.py:463:  Vulnerability Tsx async abort:           Not affected
DEBUG util.py:463:  Vulnerability Vmscape:                   Not affected
DEBUG util.py:610:  Child return code was: 0
DEBUG util.py:636:  child environment: None
DEBUG util.py:558:  Executing command: ['/bin/free', '--human'] with env {'TERM': 'vt100', 'SHELL': '/bin/sh', 'HOME': '/builddir', 'HOSTNAME': 'mock', 'PATH': '/usr/bin:/bin:/usr/sbin:/sbin', 'LANG': 'C.UTF-8'} and shell False
DEBUG util.py:463:                 total        used        free      shared  buff/cache   available
DEBUG util.py:463:  Mem:           249Gi        13Gi       196Gi       2.2Gi        42Gi       235Gi
DEBUG util.py:463:  Swap:           63Gi       1.8Gi        62Gi
DEBUG util.py:610:  Child return code was: 0
DEBUG util.py:636:  child environment: None
DEBUG util.py:558:  Executing command: ['/bin/df', '-H', '-T', '/var/lib/mock/e72385b4a8f5cd7f125828f2ec3220030c12951ab2166ae122ccae7e96ee833f.0/root', '/var/cache/mock'] with env {'TERM': 'vt100', 'SHELL': '/bin/sh', 'HOME': '/builddir', 'HOSTNAME': 'mock', 'PATH': '/usr/bin:/bin:/usr/sbin:/sbin', 'LANG': 'C.UTF-8'} and shell False
DEBUG util.py:463:  Filesystem     Type  Size  Used Avail Use% Mounted on
DEBUG util.py:463:  /dev/nvme0n1p4 ext4  845G  221G  581G  28% /
DEBUG util.py:463:  /dev/nvme0n1p4 ext4  845G  221G  581G  28% /
DEBUG util.py:610:  Child return code was: 0
DEBUG buildroot.py:724:  create skeleton dirs
DEBUG file_util.py:17:  ensuring that dir exists: /var/lib/mock/e72385b4a8f5cd7f125828f2ec3220030c12951ab2166ae122ccae7e96ee833f.0/root/var/lib/rpm
DEBUG file_util.py:17:  ensuring that dir exists: /var/lib/mock/e72385b4a8f5cd7f125828f2ec3220030c12951ab2166ae122ccae7e96ee833f.0/root/var/lib/yum
DEBUG file_util.py:17:  ensuring that dir exists: /var/lib/mock/e72385b4a8f5cd7f125828f2ec3220030c12951ab2166ae122ccae7e96ee833f.0/root/var/lib/dbus
DEBUG file_util.py:17:  ensuring that dir exists: /var/lib/mock/e72385b4a8f5cd7f125828f2ec3220030c12951ab2166ae122ccae7e96ee833f.0/root/var/log
DEBUG file_util.py:17:  ensuring that dir exists: /var/lib/mock/e72385b4a8f5cd7f125828f2ec3220030c12951ab2166ae122ccae7e96ee833f.0/root/var/cache/dnf
DEBUG file_util.py:17:  ensuring that dir exists: /var/lib/mock/e72385b4a8f5cd7f125828f2ec3220030c12951ab2166ae122ccae7e96ee833f.0/root/var/cache/yum
DEBUG file_util.py:17:  ensuring that dir exists: /var/lib/mock/e72385b4a8f5cd7f125828f2ec3220030c12951ab2166ae122ccae7e96ee833f.0/root/etc/rpm
DEBUG file_util.py:17:  ensuring that dir exists: /var/lib/mock/e72385b4a8f5cd7f125828f2ec3220030c12951ab2166ae122ccae7e96ee833f.0/root/tmp
DEBUG file_util.py:17:  ensuring that dir exists: /var/lib/mock/e72385b4a8f5cd7f125828f2ec3220030c12951ab2166ae122ccae7e96ee833f.0/root/tmp/ccache
DEBUG file_util.py:17:  ensuring that dir exists: /var/lib/mock/e72385b4a8f5cd7f125828f2ec3220030c12951ab2166ae122ccae7e96ee833f.0/root/var/tmp
DEBUG file_util.py:17:  ensuring that dir exists: /var/lib/mock/e72385b4a8f5cd7f125828f2ec3220030c12951ab2166ae122ccae7e96ee833f.0/root/etc/dnf
DEBUG file_util.py:17:  ensuring that dir exists: /var/lib/mock/e72385b4a8f5cd7f125828f2ec3220030c12951ab2166ae122ccae7e96ee833f.0/root/etc/dnf/vars
DEBUG file_util.py:17:  ensuring that dir exists: /var/lib/mock/e72385b4a8f5cd7f125828f2ec3220030c12951ab2166ae122ccae7e96ee833f.0/root/etc/yum.repos.d
DEBUG file_util.py:17:  ensuring that dir exists: /var/lib/mock/e72385b4a8f5cd7f125828f2ec3220030c12951ab2166ae122ccae7e96ee833f.0/root/etc/yum
DEBUG file_util.py:17:  ensuring that dir exists: /var/lib/mock/e72385b4a8f5cd7f125828f2ec3220030c12951ab2166ae122ccae7e96ee833f.0/root/proc
DEBUG file_util.py:17:  ensuring that dir exists: /var/lib/mock/e72385b4a8f5cd7f125828f2ec3220030c12951ab2166ae122ccae7e96ee833f.0/root/sys
DEBUG file_util.py:17:  ensuring that dir exists: /var/lib/mock/e72385b4a8f5cd7f125828f2ec3220030c12951ab2166ae122ccae7e96ee833f.0/root/dev/pts
DEBUG file_util.py:20:  created dir: /var/lib/mock/e72385b4a8f5cd7f125828f2ec3220030c12951ab2166ae122ccae7e96ee833f.0/root/dev/pts
DEBUG file_util.py:17:  ensuring that dir exists: /var/lib/mock/e72385b4a8f5cd7f125828f2ec3220030c12951ab2166ae122ccae7e96ee833f.0/root/dev/shm
DEBUG file_util.py:20:  created dir: /var/lib/mock/e72385b4a8f5cd7f125828f2ec3220030c12951ab2166ae122ccae7e96ee833f.0/root/dev/shm
DEBUG file_util.py:17:  ensuring that dir exists: /var/lib/mock/e72385b4a8f5cd7f125828f2ec3220030c12951ab2166ae122ccae7e96ee833f.0/root/dev/mapper
DEBUG file_util.py:20:  created dir: /var/lib/mock/e72385b4a8f5cd7f125828f2ec3220030c12951ab2166ae122ccae7e96ee833f.0/root/dev/mapper
DEBUG buildroot.py:868:  kernel version == 5.14.0-611.49.2.el9_7.aarch64
DEBUG file_util.py:29:  touching file: /var/lib/mock/e72385b4a8f5cd7f125828f2ec3220030c12951ab2166ae122ccae7e96ee833f.0/root/etc/fstab
DEBUG file_util.py:29:  touching file: /var/lib/mock/e72385b4a8f5cd7f125828f2ec3220030c12951ab2166ae122ccae7e96ee833f.0/root/etc/yum/yum.conf
DEBUG file_util.py:29:  touching file: /var/lib/mock/e72385b4a8f5cd7f125828f2ec3220030c12951ab2166ae122ccae7e96ee833f.0/root/etc/dnf/dnf.conf
DEBUG file_util.py:29:  touching file: /var/lib/mock/e72385b4a8f5cd7f125828f2ec3220030c12951ab2166ae122ccae7e96ee833f.0/root/var/log/yum.log
DEBUG buildroot.py:332:  rootdir = /var/lib/mock/e72385b4a8f5cd7f125828f2ec3220030c12951ab2166ae122ccae7e96ee833f.0/root
DEBUG buildroot.py:333:  resultdir = /srv/alternatives/castor/build_node/builder-1/424127/rpm_result
DEBUG package_manager.py:63:  searching for 'dnf4' package manager or alternatives
INFO buildroot.py:181:  Package manager dnf4 detected and used (fallback)
DEBUG file_util.py:17:  ensuring that dir exists: /var/lib/mock/e72385b4a8f5cd7f125828f2ec3220030c12951ab2166ae122ccae7e96ee833f.0/root/etc/pki/mock
DEBUG package_manager.py:404:  copying CA trust dir into chroot: /etc/pki/ca-trust => /etc/pki/ca-trust
DEBUG file_util.py:178:  Updating files in /var/lib/mock/e72385b4a8f5cd7f125828f2ec3220030c12951ab2166ae122ccae7e96ee833f.0/root/etc/pki/ca-trust with files from /etc/pki/ca-trust
DEBUG file_util.py:17:  ensuring that dir exists: /var/lib/mock/e72385b4a8f5cd7f125828f2ec3220030c12951ab2166ae122ccae7e96ee833f.0/root/etc/pki/ca-trust
DEBUG file_util.py:17:  ensuring that dir exists: /var/lib/mock/e72385b4a8f5cd7f125828f2ec3220030c12951ab2166ae122ccae7e96ee833f.0/root/etc/pki/ca-trust/./source
DEBUG file_util.py:17:  ensuring that dir exists: /var/lib/mock/e72385b4a8f5cd7f125828f2ec3220030c12951ab2166ae122ccae7e96ee833f.0/root/etc/pki/ca-trust/./extracted
DEBUG file_util.py:17:  ensuring that dir exists: /var/lib/mock/e72385b4a8f5cd7f125828f2ec3220030c12951ab2166ae122ccae7e96ee833f.0/root/etc/pki/ca-trust/source/anchors
DEBUG file_util.py:17:  ensuring that dir exists: /var/lib/mock/e72385b4a8f5cd7f125828f2ec3220030c12951ab2166ae122ccae7e96ee833f.0/root/etc/pki/ca-trust/source/blocklist
DEBUG file_util.py:17:  ensuring that dir exists: /var/lib/mock/e72385b4a8f5cd7f125828f2ec3220030c12951ab2166ae122ccae7e96ee833f.0/root/etc/pki/ca-trust/extracted/edk2
DEBUG file_util.py:17:  ensuring that dir exists: /var/lib/mock/e72385b4a8f5cd7f125828f2ec3220030c12951ab2166ae122ccae7e96ee833f.0/root/etc/pki/ca-trust/extracted/java
DEBUG file_util.py:17:  ensuring that dir exists: /var/lib/mock/e72385b4a8f5cd7f125828f2ec3220030c12951ab2166ae122ccae7e96ee833f.0/root/etc/pki/ca-trust/extracted/pem
DEBUG file_util.py:17:  ensuring that dir exists: /var/lib/mock/e72385b4a8f5cd7f125828f2ec3220030c12951ab2166ae122ccae7e96ee833f.0/root/etc/pki/ca-trust/extracted/openssl
DEBUG file_util.py:17:  ensuring that dir exists: /var/lib/mock/e72385b4a8f5cd7f125828f2ec3220030c12951ab2166ae122ccae7e96ee833f.0/root/etc/pki/ca-trust/extracted/pem/directory-hash
DEBUG package_manager.py:404:  copying CA trust dir into chroot: /usr/share/pki/ca-trust-source => /usr/share/pki/ca-trust-source
DEBUG file_util.py:178:  Updating files in /var/lib/mock/e72385b4a8f5cd7f125828f2ec3220030c12951ab2166ae122ccae7e96ee833f.0/root/usr/share/pki/ca-trust-source with files from /usr/share/pki/ca-trust-source
DEBUG file_util.py:17:  ensuring that dir exists: /var/lib/mock/e72385b4a8f5cd7f125828f2ec3220030c12951ab2166ae122ccae7e96ee833f.0/root/usr/share/pki/ca-trust-source
DEBUG file_util.py:17:  ensuring that dir exists: /var/lib/mock/e72385b4a8f5cd7f125828f2ec3220030c12951ab2166ae122ccae7e96ee833f.0/root/usr/share/pki/ca-trust-source/./anchors
DEBUG file_util.py:17:  ensuring that dir exists: /var/lib/mock/e72385b4a8f5cd7f125828f2ec3220030c12951ab2166ae122ccae7e96ee833f.0/root/usr/share/pki/ca-trust-source/./blocklist
DEBUG file_util.py:17:  ensuring that dir exists: /var/lib/mock/e72385b4a8f5cd7f125828f2ec3220030c12951ab2166ae122ccae7e96ee833f.0/root/etc/dnf
DEBUG package_manager.py:691:  configure DNF vars
DEBUG file_util.py:17:  ensuring that dir exists: /var/lib/mock/e72385b4a8f5cd7f125828f2ec3220030c12951ab2166ae122ccae7e96ee833f.0/root/var/cache/yum
DEBUG util.py:636:  child environment: None
DEBUG util.py:558:  Executing command: ['/bin/mount', '-n', '-o', 'bind', '/var/cache/mock/e72385b4a8f5cd7f125828f2ec3220030c12951ab2166ae122ccae7e96ee833f.0/yum_cache', '/var/lib/mock/e72385b4a8f5cd7f125828f2ec3220030c12951ab2166ae122ccae7e96ee833f.0/root/var/cache/yum'] with env {'TERM': 'vt100', 'SHELL': '/bin/sh', 'HOME': '/builddir', 'HOSTNAME': 'mock', 'PATH': '/usr/bin:/bin:/usr/sbin:/sbin', 'LANG': 'C.UTF-8'} and shell False
DEBUG util.py:610:  Child return code was: 0
DEBUG file_util.py:17:  ensuring that dir exists: /var/lib/mock/e72385b4a8f5cd7f125828f2ec3220030c12951ab2166ae122ccae7e96ee833f.0/root/var/cache/dnf
DEBUG util.py:636:  child environment: None
DEBUG util.py:558:  Executing command: ['/bin/mount', '-n', '-o', 'bind', '/var/cache/mock/e72385b4a8f5cd7f125828f2ec3220030c12951ab2166ae122ccae7e96ee833f.0/dnf_cache', '/var/lib/mock/e72385b4a8f5cd7f125828f2ec3220030c12951ab2166ae122ccae7e96ee833f.0/root/var/cache/dnf'] with env {'TERM': 'vt100', 'SHELL': '/bin/sh', 'HOME': '/builddir', 'HOSTNAME': 'mock', 'PATH': '/usr/bin:/bin:/usr/sbin:/sbin', 'LANG': 'C.UTF-8'} and shell False
DEBUG util.py:610:  Child return code was: 0
DEBUG file_util.py:17:  ensuring that dir exists: /var/lib/mock/e72385b4a8f5cd7f125828f2ec3220030c12951ab2166ae122ccae7e96ee833f.0/root/etc
DEBUG file_util.py:17:  ensuring that dir exists: /var/lib/mock/e72385b4a8f5cd7f125828f2ec3220030c12951ab2166ae122ccae7e96ee833f.0/root/etc
DEBUG util.py:636:  child environment: None
DEBUG util.py:558:  Executing command: ['rpm', '-q', 'rpm', 'rpm-sequoia', 'python3-dnf', 'python3-dnf-plugins-core', 'yum', 'yum-utils', 'dnf5', 'dnf5-plugins'] with env {'TERM': 'vt100', 'SHELL': '/bin/sh', 'HOME': '/builddir', 'HOSTNAME': 'mock', 'PATH': '/usr/bin:/bin:/usr/sbin:/sbin', 'LANG': 'C.UTF-8'} and shell False
DEBUG util.py:463:  rpm-4.16.1.3-39.el9.aarch64
DEBUG util.py:463:  package rpm-sequoia is not installed
DEBUG util.py:463:  python3-dnf-4.14.0-31.el9.alma.1.noarch
DEBUG util.py:463:  python3-dnf-plugins-core-4.3.0-24.el9_7.noarch
DEBUG util.py:463:  yum-4.14.0-31.el9.alma.1.noarch
DEBUG util.py:463:  yum-utils-4.3.0-24.el9_7.noarch
DEBUG util.py:463:  package dnf5 is not installed
DEBUG util.py:463:  package dnf5-plugins is not installed
DEBUG util.py:610:  Child return code was: 3
INFO package_manager.py:201:  Buildroot is handled by package management from host and used with --installroot:
  rpm-4.16.1.3-39.el9.aarch64
  python3-dnf-4.14.0-31.el9.alma.1.noarch
  python3-dnf-plugins-core-4.3.0-24.el9_7.noarch
  yum-4.14.0-31.el9.alma.1.noarch
  yum-utils-4.3.0-24.el9_7.noarch
DEBUG util.py:636:  child environment: None
DEBUG util.py:558:  Executing command: ['/bin/rpm', '-qa', '--root', '/var/lib/mock/e72385b4a8f5cd7f125828f2ec3220030c12951ab2166ae122ccae7e96ee833f.0/root'] with env {'TERM': 'vt100', 'SHELL': '/bin/sh', 'HOME': '/builddir', 'HOSTNAME': 'mock', 'PATH': '/usr/bin:/bin:/usr/sbin:/sbin', 'LANG': 'C.UTF-8'} and shell False
DEBUG util.py:463:  vim-filesystem-8.2.2637-26.el9_8.4.noarch
DEBUG util.py:463:  tzdata-2026b-1.el9.noarch
DEBUG util.py:463:  publicsuffix-list-dafsa-20210518-3.el9.noarch
DEBUG util.py:463:  pkgconf-m4-1.7.3-10.el9.noarch
DEBUG util.py:463:  pcre2-syntax-10.40-6.el9.noarch
DEBUG util.py:463:  ncurses-base-6.2-12.20210508.el9.noarch
DEBUG util.py:463:  libssh-config-0.10.4-18.el9.noarch
DEBUG util.py:463:  coreutils-common-8.32-40.el9.aarch64
DEBUG util.py:463:  almalinux-gpg-keys-9.8-1.el9.aarch64
DEBUG util.py:463:  almalinux-release-9.8-1.el9.aarch64
DEBUG util.py:463:  almalinux-repos-9.8-1.el9.aarch64
DEBUG util.py:463:  setup-2.13.7-10.el9.noarch
DEBUG util.py:463:  filesystem-3.16-5.el9.aarch64
DEBUG util.py:463:  basesystem-11-13.el9.noarch
DEBUG util.py:463:  ncurses-libs-6.2-12.20210508.el9.aarch64
DEBUG util.py:463:  bash-5.1.8-9.el9.aarch64
DEBUG util.py:463:  glibc-gconv-extra-2.34-270.el9_8.aarch64
DEBUG util.py:463:  libgcc-11.5.0-14.el9.alma.1.aarch64
DEBUG util.py:463:  glibc-minimal-langpack-2.34-270.el9_8.aarch64
DEBUG util.py:463:  glibc-common-2.34-270.el9_8.aarch64
DEBUG util.py:463:  glibc-2.34-270.el9_8.aarch64
DEBUG util.py:463:  zlib-1.2.11-40.el9.aarch64
DEBUG util.py:463:  libstdc++-11.5.0-14.el9.alma.1.aarch64
DEBUG util.py:463:  libzstd-1.5.5-1.el9.aarch64
DEBUG util.py:463:  xz-libs-5.2.5-8.el9_0.aarch64
DEBUG util.py:463:  bzip2-libs-1.0.8-11.el9.aarch64
DEBUG util.py:463:  gmp-6.2.0-13.el9.aarch64
DEBUG util.py:463:  elfutils-libelf-0.194-1.el9.alma.1.aarch64
DEBUG util.py:463:  libxcrypt-4.4.18-3.el9.aarch64
DEBUG util.py:463:  mpfr-4.1.0-10.el9.aarch64
DEBUG util.py:463:  libuuid-2.37.4-25.el9.aarch64
DEBUG util.py:463:  alternatives-1.24-2.el9.aarch64
DEBUG util.py:463:  libattr-2.5.1-3.el9.aarch64
DEBUG util.py:463:  libacl-2.3.1-4.el9.aarch64
DEBUG util.py:463:  libcap-2.48-10.el9_8.1.aarch64
DEBUG util.py:463:  popt-1.18-8.el9.aarch64
DEBUG util.py:463:  crypto-policies-20260224-1.gitea0f072.el9_8.noarch
DEBUG util.py:463:  libmpc-1.2.1-4.el9.aarch64
DEBUG util.py:463:  libxml2-2.9.13-14.el9_7.aarch64
DEBUG util.py:463:  less-590-6.el9.aarch64
DEBUG util.py:463:  libcom_err-1.46.5-8.el9.aarch64
DEBUG util.py:463:  libffi-3.4.2-8.el9.aarch64
DEBUG util.py:463:  lz4-libs-1.9.3-5.el9.aarch64
DEBUG util.py:463:  readline-8.1-4.el9.aarch64
DEBUG util.py:463:  dwz-0.16-1.el9.aarch64
DEBUG util.py:463:  unzip-6.0-60.el9.aarch64
DEBUG util.py:463:  groff-base-1.22.4-10.el9.aarch64
DEBUG util.py:463:  file-libs-5.39-17.el9.aarch64
DEBUG util.py:463:  file-5.39-17.el9.aarch64
DEBUG util.py:463:  sqlite-libs-3.34.1-10.el9_8.aarch64
DEBUG util.py:463:  gdbm-libs-1.23-1.el9.aarch64
DEBUG util.py:463:  libcap-ng-0.8.2-7.el9.aarch64
DEBUG util.py:463:  audit-libs-3.1.5-8.el9.aarch64
DEBUG util.py:463:  libedit-3.1-39.20210216cvs.el9.aarch64
DEBUG util.py:463:  libgomp-11.5.0-14.el9.alma.1.aarch64
DEBUG util.py:463:  libsepol-3.6-3.el9.aarch64
DEBUG util.py:463:  libsigsegv-2.13-4.el9.aarch64
DEBUG util.py:463:  gawk-5.1.0-6.el9.aarch64
DEBUG util.py:463:  libsmartcols-2.37.4-25.el9.aarch64
DEBUG util.py:463:  libtasn1-4.16.0-9.el9.aarch64
DEBUG util.py:463:  p11-kit-0.26.2-1.el9.aarch64
DEBUG util.py:463:  libunistring-0.9.10-15.el9.aarch64
DEBUG util.py:463:  libidn2-2.3.0-7.el9.aarch64
DEBUG util.py:463:  lua-libs-5.4.4-4.el9.aarch64
DEBUG util.py:463:  pcre2-10.40-6.el9.aarch64
DEBUG util.py:463:  libselinux-3.6-3.el9.aarch64
DEBUG util.py:463:  sed-4.8-10.el9.aarch64
DEBUG util.py:463:  findutils-4.8.0-7.el9.aarch64
DEBUG util.py:463:  libsemanage-3.6-5.el9_6.aarch64
DEBUG util.py:463:  shadow-utils-4.9-16.el9.aarch64
DEBUG util.py:463:  libutempter-1.2.1-6.el9.aarch64
DEBUG util.py:463:  tar-1.34-11.el9.aarch64
DEBUG util.py:463:  libpsl-0.21.1-5.el9.aarch64
DEBUG util.py:463:  p11-kit-trust-0.26.2-1.el9.aarch64
DEBUG util.py:463:  zip-3.0-35.el9.aarch64
DEBUG util.py:463:  zstd-1.5.5-1.el9.aarch64
DEBUG util.py:463:  xml-common-0.6.3-58.el9.noarch
DEBUG util.py:463:  iso-codes-4.6.0-3.el9.noarch
DEBUG util.py:463:  cpp-11.5.0-14.el9.alma.1.aarch64
DEBUG util.py:463:  bzip2-1.0.8-11.el9.aarch64
DEBUG util.py:463:  libasan-11.5.0-14.el9.alma.1.aarch64
DEBUG util.py:463:  libstdc++-devel-11.5.0-14.el9.alma.1.aarch64
DEBUG util.py:463:  libubsan-11.5.0-14.el9.alma.1.aarch64
DEBUG util.py:463:  info-6.7-15.el9.aarch64
DEBUG util.py:463:  ed-1.14.2-12.el9.aarch64
DEBUG util.py:463:  patch-2.7.6-16.el9.aarch64
DEBUG util.py:463:  tcl-8.6.10-7.el9.aarch64
DEBUG util.py:463:  cpio-2.13-16.el9.aarch64
DEBUG util.py:463:  diffutils-3.7-12.el9.aarch64
DEBUG util.py:463:  expat-2.5.0-6.el9.aarch64
DEBUG util.py:463:  json-c-0.14-11.el9.aarch64
DEBUG util.py:463:  keyutils-libs-1.6.3-1.el9.aarch64
DEBUG util.py:463:  libatomic-11.5.0-14.el9.alma.1.aarch64
DEBUG util.py:463:  libbrotli-1.0.9-9.el9_7.aarch64
DEBUG util.py:463:  libcbor-0.7.0-5.el9.aarch64
DEBUG util.py:463:  libdb-5.3.28-57.el9_6.aarch64
DEBUG util.py:463:  libeconf-0.4.1-5.el9.aarch64
DEBUG util.py:463:  libgpg-error-1.42-5.el9.aarch64
DEBUG util.py:463:  libgcrypt-1.10.0-11.el9.aarch64
DEBUG util.py:463:  libnghttp2-1.43.0-6.el9_8.1.aarch64
DEBUG util.py:463:  libpipeline-1.5.3-4.el9.aarch64
DEBUG util.py:463:  libpkgconf-1.7.3-10.el9.aarch64
DEBUG util.py:463:  pkgconf-1.7.3-10.el9.aarch64
DEBUG util.py:463:  pkgconf-pkg-config-1.7.3-10.el9.aarch64
DEBUG util.py:463:  libtool-ltdl-2.4.6-46.el9.aarch64
DEBUG util.py:463:  libverto-0.3.2-3.el9.aarch64
DEBUG util.py:463:  make-4.3-8.el9.aarch64
DEBUG util.py:463:  ncurses-6.2-12.20210508.el9.aarch64
DEBUG util.py:463:  pcre-8.44-4.el9.aarch64
DEBUG util.py:463:  grep-3.6-5.el9.aarch64
DEBUG util.py:463:  openssl-fips-provider-3.5.5-2.el9_8.aarch64
DEBUG util.py:463:  openssl-libs-3.5.5-2.el9_8.aarch64
DEBUG util.py:463:  coreutils-8.32-40.el9.aarch64
DEBUG util.py:463:  ca-certificates-2025.2.80_v9.0.305-91.el9.noarch
DEBUG util.py:463:  krb5-libs-1.21.1-10.el9_8.aarch64
DEBUG util.py:463:  libblkid-2.37.4-25.el9.aarch64
DEBUG util.py:463:  systemd-libs-252-67.el9_8.2.alma.1.aarch64
DEBUG util.py:463:  gzip-1.12-1.el9.aarch64
DEBUG util.py:463:  cracklib-2.9.6-28.el9.aarch64
DEBUG util.py:463:  libmount-2.37.4-25.el9.aarch64
DEBUG util.py:463:  libarchive-3.5.3-9.el9_7.aarch64
DEBUG util.py:463:  xz-5.2.5-8.el9_0.aarch64
DEBUG util.py:463:  util-linux-core-2.37.4-25.el9.aarch64
DEBUG util.py:463:  cracklib-dicts-2.9.6-28.el9.aarch64
DEBUG util.py:463:  man-db-2.9.3-9.el9.aarch64
DEBUG util.py:463:  libfido2-1.13.0-2.el9.aarch64
DEBUG util.py:463:  procps-ng-3.3.17-14.el9.aarch64
DEBUG util.py:463:  environment-modules-5.3.0-2.el9.aarch64
DEBUG util.py:463:  libfdisk-2.37.4-25.el9.aarch64
DEBUG util.py:463:  cyrus-sasl-lib-2.1.27-22.el9.aarch64
DEBUG util.py:463:  libssh-0.10.4-18.el9.aarch64
DEBUG util.py:463:  perl-Digest-1.19-4.el9.noarch
DEBUG util.py:463:  perl-Digest-MD5-2.58-4.el9.aarch64
DEBUG util.py:463:  perl-B-1.80-481.1.el9_6.aarch64
DEBUG util.py:463:  perl-FileHandle-2.03-481.1.el9_6.noarch
DEBUG util.py:463:  perl-Data-Dumper-2.174-462.el9.aarch64
DEBUG util.py:463:  perl-libnet-3.13-4.el9.noarch
DEBUG util.py:463:  perl-base-2.27-481.1.el9_6.noarch
DEBUG util.py:463:  perl-URI-5.09-3.el9.noarch
DEBUG util.py:463:  perl-AutoLoader-5.74-481.1.el9_6.noarch
DEBUG util.py:463:  perl-if-0.60.800-481.1.el9_6.noarch
DEBUG util.py:463:  perl-Mozilla-CA-20200520-6.el9.noarch
DEBUG util.py:463:  perl-IO-Socket-IP-0.41-5.el9.noarch
DEBUG util.py:463:  perl-Time-Local-1.300-7.el9.noarch
DEBUG util.py:463:  perl-File-Path-2.18-4.el9.noarch
DEBUG util.py:463:  perl-Pod-Escapes-1.07-460.el9.noarch
DEBUG util.py:463:  perl-Text-Tabs+Wrap-2013.0523-460.el9.noarch
DEBUG util.py:463:  perl-IO-Socket-SSL-2.073-2.el9.noarch
DEBUG util.py:463:  perl-Net-SSLeay-1.94-3.el9.aarch64
DEBUG util.py:463:  perl-Class-Struct-0.66-481.1.el9_6.noarch
DEBUG util.py:463:  perl-POSIX-1.94-481.1.el9_6.aarch64
DEBUG util.py:463:  perl-subs-1.03-481.1.el9_6.noarch
DEBUG util.py:463:  perl-IPC-Open3-1.21-481.1.el9_6.noarch
DEBUG util.py:463:  perl-Term-ANSIColor-5.01-461.el9.noarch
DEBUG util.py:463:  perl-File-Temp-0.231.100-4.el9.noarch
DEBUG util.py:463:  perl-Term-Cap-1.17-460.el9.noarch
DEBUG util.py:463:  perl-Pod-Simple-3.42-4.el9.noarch
DEBUG util.py:463:  perl-HTTP-Tiny-0.076-462.el9.noarch
DEBUG util.py:463:  perl-Socket-2.031-4.el9.aarch64
DEBUG util.py:463:  perl-File-stat-1.09-481.1.el9_6.noarch
DEBUG util.py:463:  perl-SelectSaver-1.02-481.1.el9_6.noarch
DEBUG util.py:463:  perl-Symbol-1.08-481.1.el9_6.noarch
DEBUG util.py:463:  perl-podlators-4.14-460.el9.noarch
DEBUG util.py:463:  perl-Pod-Perldoc-3.28.01-461.el9.noarch
DEBUG util.py:463:  perl-Fcntl-1.13-481.1.el9_6.aarch64
DEBUG util.py:463:  perl-mro-1.23-481.1.el9_6.aarch64
DEBUG util.py:463:  perl-overloading-0.02-481.1.el9_6.noarch
DEBUG util.py:463:  perl-IO-1.43-481.1.el9_6.aarch64
DEBUG util.py:463:  perl-Text-ParseWords-3.30-460.el9.noarch
DEBUG util.py:463:  perl-Pod-Usage-2.01-4.el9.noarch
DEBUG util.py:463:  perl-constant-1.33-461.el9.noarch
DEBUG util.py:463:  perl-Errno-1.30-481.1.el9_6.aarch64
DEBUG util.py:463:  perl-File-Basename-2.85-481.1.el9_6.noarch
DEBUG util.py:463:  perl-Getopt-Std-1.12-481.1.el9_6.noarch
DEBUG util.py:463:  perl-MIME-Base64-3.16-4.el9.aarch64
DEBUG util.py:463:  perl-parent-0.238-460.el9.noarch
DEBUG util.py:463:  perl-overload-1.31-481.1.el9_6.noarch
DEBUG util.py:463:  perl-Scalar-List-Utils-1.56-462.el9.aarch64
DEBUG util.py:463:  perl-Storable-3.21-460.el9.aarch64
DEBUG util.py:463:  perl-vars-1.05-481.1.el9_6.noarch
DEBUG util.py:463:  perl-Getopt-Long-2.52-4.el9.noarch
DEBUG util.py:463:  perl-Carp-1.50-460.el9.noarch
DEBUG util.py:463:  perl-Exporter-5.74-461.el9.noarch
DEBUG util.py:463:  perl-PathTools-3.78-461.el9.aarch64
DEBUG util.py:463:  perl-Encode-3.08-462.el9.aarch64
DEBUG util.py:463:  perl-libs-5.32.1-481.1.el9_6.aarch64
DEBUG util.py:463:  perl-interpreter-5.32.1-481.1.el9_6.aarch64
DEBUG util.py:463:  kernel-srpm-macros-1.0-14.el9.noarch
DEBUG util.py:463:  openssl-3.5.5-2.el9_8.aarch64
DEBUG util.py:463:  libpwquality-1.4.4-8.el9.aarch64
DEBUG util.py:463:  pam-1.5.1-28.el9.aarch64
DEBUG util.py:463:  util-linux-2.37.4-25.el9.aarch64
DEBUG util.py:463:  openssh-9.9p1-7.el9_8.alma.1.aarch64
DEBUG util.py:463:  openssh-clients-9.9p1-7.el9_8.alma.1.aarch64
DEBUG util.py:463:  libevent-2.1.12-8.el9_4.aarch64
DEBUG util.py:463:  openldap-2.6.8-4.el9.aarch64
DEBUG util.py:463:  libcurl-7.76.1-40.el9.aarch64
DEBUG util.py:463:  curl-7.76.1-40.el9.aarch64
DEBUG util.py:463:  rpm-libs-4.16.1.3-40.el9.aarch64
DEBUG util.py:463:  rpm-4.16.1.3-40.el9.aarch64
DEBUG util.py:463:  efi-srpm-macros-6-4.el9.noarch
DEBUG util.py:463:  lua-srpm-macros-1-6.el9.noarch
DEBUG util.py:463:  elfutils-default-yama-scope-0.194-1.el9.alma.1.noarch
DEBUG util.py:463:  elfutils-libs-0.194-1.el9.alma.1.aarch64
DEBUG util.py:463:  elfutils-debuginfod-client-0.194-1.el9.alma.1.aarch64
DEBUG util.py:463:  binutils-gold-2.35.2-72.el9.aarch64
DEBUG util.py:463:  binutils-2.35.2-72.el9.aarch64
DEBUG util.py:463:  gdb-minimal-16.3-3.el9.aarch64
DEBUG util.py:463:  elfutils-0.194-1.el9.alma.1.aarch64
DEBUG util.py:463:  debugedit-5.0-11.el9.aarch64
DEBUG util.py:463:  rpm-build-libs-4.16.1.3-40.el9.aarch64
DEBUG util.py:463:  rust-srpm-macros-17-4.el9.noarch
DEBUG util.py:463:  qt5-srpm-macros-5.15.9-1.el9.noarch
DEBUG util.py:463:  perl-srpm-macros-1-41.el9.noarch
DEBUG util.py:463:  openblas-srpm-macros-2-11.el9.noarch
DEBUG util.py:463:  ocaml-srpm-macros-6-6.el9.noarch
DEBUG util.py:463:  llvm-filesystem-21.1.8-2.el9.aarch64
DEBUG util.py:463:  llvm-libs-21.1.8-2.el9.aarch64
DEBUG util.py:463:  kernel-headers-5.14.0-687.5.3.el9_8.aarch64
DEBUG util.py:463:  libxcrypt-devel-4.4.18-3.el9.aarch64
DEBUG util.py:463:  glibc-devel-2.34-270.el9_8.aarch64
DEBUG util.py:463:  gcc-11.5.0-14.el9.alma.1.aarch64
DEBUG util.py:463:  annobin-12.98-2.el9.aarch64
DEBUG util.py:463:  gcc-plugin-annobin-11.5.0-14.el9.alma.1.aarch64
DEBUG util.py:463:  ghc-srpm-macros-1.5.0-6.el9.noarch
DEBUG util.py:463:  fonts-srpm-macros-2.0.5-7.el9.1.noarch
DEBUG util.py:463:  go-srpm-macros-3.8.1-1.el9.noarch
DEBUG util.py:463:  python-srpm-macros-3.9-54.el9.noarch
DEBUG util.py:463:  pyproject-srpm-macros-1.18.5-1.el9.noarch
DEBUG util.py:463:  redhat-rpm-config-210-1.el9.alma.1.noarch
DEBUG util.py:463:  rpm-build-4.16.1.3-40.el9.aarch64
DEBUG util.py:463:  scl-utils-build-2.0.3-4.el9.aarch64
DEBUG util.py:463:  gcc-c++-11.5.0-14.el9.alma.1.aarch64
DEBUG util.py:463:  scl-utils-2.0.3-4.el9.aarch64
DEBUG util.py:463:  git-core-2.52.0-1.el9.aarch64
DEBUG util.py:463:  which-2.21-30.el9_6.aarch64
DEBUG util.py:610:  Child return code was: 0
DEBUG file_util.py:17:  ensuring that dir exists: /var/lib/mock/e72385b4a8f5cd7f125828f2ec3220030c12951ab2166ae122ccae7e96ee833f.0/root/proc
DEBUG util.py:636:  child environment: None
DEBUG util.py:558:  Executing command: ['/bin/mount', '-n', '-t', 'tmpfs', '-o', 'rprivate,mode=0755', 'tmpfs', '/var/lib/mock/e72385b4a8f5cd7f125828f2ec3220030c12951ab2166ae122ccae7e96ee833f.0/root/proc'] with env {'TERM': 'vt100', 'SHELL': '/bin/sh', 'HOME': '/builddir', 'HOSTNAME': 'mock', 'PATH': '/usr/bin:/bin:/usr/sbin:/sbin', 'LANG': 'C.UTF-8'} and shell False
DEBUG util.py:610:  Child return code was: 0
DEBUG file_util.py:17:  ensuring that dir exists: /var/lib/mock/e72385b4a8f5cd7f125828f2ec3220030c12951ab2166ae122ccae7e96ee833f.0/root/proc
DEBUG util.py:636:  child environment: None
DEBUG util.py:558:  Executing command: ['/bin/mount', '-n', '-o', 'rbind', '/proc', '/var/lib/mock/e72385b4a8f5cd7f125828f2ec3220030c12951ab2166ae122ccae7e96ee833f.0/root/proc'] with env {'TERM': 'vt100', 'SHELL': '/bin/sh', 'HOME': '/builddir', 'HOSTNAME': 'mock', 'PATH': '/usr/bin:/bin:/usr/sbin:/sbin', 'LANG': 'C.UTF-8'} and shell False
DEBUG util.py:610:  Child return code was: 0
DEBUG util.py:636:  child environment: None
DEBUG util.py:558:  Executing command: ['/bin/mount', '-n', '-o', 'remount,nodev,noexec,nosuid,readonly,rprivate,rbind', '--target', '/var/lib/mock/e72385b4a8f5cd7f125828f2ec3220030c12951ab2166ae122ccae7e96ee833f.0/root/proc'] with env {'TERM': 'vt100', 'SHELL': '/bin/sh', 'HOME': '/builddir', 'HOSTNAME': 'mock', 'PATH': '/usr/bin:/bin:/usr/sbin:/sbin', 'LANG': 'C.UTF-8'} and shell False
DEBUG util.py:610:  Child return code was: 0
DEBUG file_util.py:17:  ensuring that dir exists: /var/lib/mock/e72385b4a8f5cd7f125828f2ec3220030c12951ab2166ae122ccae7e96ee833f.0/root/sys
DEBUG util.py:636:  child environment: None
DEBUG util.py:558:  Executing command: ['/bin/mount', '-n', '-t', 'tmpfs', '-o', 'rprivate,mode=0755', 'tmpfs', '/var/lib/mock/e72385b4a8f5cd7f125828f2ec3220030c12951ab2166ae122ccae7e96ee833f.0/root/sys'] with env {'TERM': 'vt100', 'SHELL': '/bin/sh', 'HOME': '/builddir', 'HOSTNAME': 'mock', 'PATH': '/usr/bin:/bin:/usr/sbin:/sbin', 'LANG': 'C.UTF-8'} and shell False
DEBUG util.py:610:  Child return code was: 0
DEBUG file_util.py:17:  ensuring that dir exists: /var/lib/mock/e72385b4a8f5cd7f125828f2ec3220030c12951ab2166ae122ccae7e96ee833f.0/root/sys
DEBUG util.py:636:  child environment: None
DEBUG util.py:558:  Executing command: ['/bin/mount', '-n', '-o', 'rbind', '/sys', '/var/lib/mock/e72385b4a8f5cd7f125828f2ec3220030c12951ab2166ae122ccae7e96ee833f.0/root/sys'] with env {'TERM': 'vt100', 'SHELL': '/bin/sh', 'HOME': '/builddir', 'HOSTNAME': 'mock', 'PATH': '/usr/bin:/bin:/usr/sbin:/sbin', 'LANG': 'C.UTF-8'} and shell False
DEBUG util.py:610:  Child return code was: 0
DEBUG util.py:636:  child environment: None
DEBUG util.py:558:  Executing command: ['/bin/mount', '-n', '-o', 'remount,nodev,noexec,nosuid,readonly,rprivate,rbind', '--target', '/var/lib/mock/e72385b4a8f5cd7f125828f2ec3220030c12951ab2166ae122ccae7e96ee833f.0/root/sys'] with env {'TERM': 'vt100', 'SHELL': '/bin/sh', 'HOME': '/builddir', 'HOSTNAME': 'mock', 'PATH': '/usr/bin:/bin:/usr/sbin:/sbin', 'LANG': 'C.UTF-8'} and shell False
DEBUG util.py:610:  Child return code was: 0
DEBUG file_util.py:17:  ensuring that dir exists: /var/lib/mock/e72385b4a8f5cd7f125828f2ec3220030c12951ab2166ae122ccae7e96ee833f.0/root/dev/shm
DEBUG util.py:636:  child environment: None
DEBUG util.py:558:  Executing command: ['/bin/mount', '-n', '-t', 'tmpfs', 'tmpfs', '/var/lib/mock/e72385b4a8f5cd7f125828f2ec3220030c12951ab2166ae122ccae7e96ee833f.0/root/dev/shm'] with env {'TERM': 'vt100', 'SHELL': '/bin/sh', 'HOME': '/builddir', 'HOSTNAME': 'mock', 'PATH': '/usr/bin:/bin:/usr/sbin:/sbin', 'LANG': 'C.UTF-8'} and shell False
DEBUG util.py:610:  Child return code was: 0
DEBUG file_util.py:17:  ensuring that dir exists: /var/lib/mock/e72385b4a8f5cd7f125828f2ec3220030c12951ab2166ae122ccae7e96ee833f.0/root/dev/pts
DEBUG util.py:636:  child environment: None
DEBUG util.py:558:  Executing command: ['/bin/mount', '-n', '-t', 'devpts', '-o', 'gid=5,mode=0620,ptmxmode=0666,newinstance', 'devpts', '/var/lib/mock/e72385b4a8f5cd7f125828f2ec3220030c12951ab2166ae122ccae7e96ee833f.0/root/dev/pts'] with env {'TERM': 'vt100', 'SHELL': '/bin/sh', 'HOME': '/builddir', 'HOSTNAME': 'mock', 'PATH': '/usr/bin:/bin:/usr/sbin:/sbin', 'LANG': 'C.UTF-8'} and shell False
DEBUG util.py:610:  Child return code was: 0
DEBUG util.py:636:  child environment: None
DEBUG util.py:558:  Executing command: ['/bin/mount', '-n', '-o', 'bind', '/tmp/mock-selinux-plugin.ib12mc8z', '/var/lib/mock/e72385b4a8f5cd7f125828f2ec3220030c12951ab2166ae122ccae7e96ee833f.0/root/proc/filesystems'] with env {'TERM': 'vt100', 'SHELL': '/bin/sh', 'HOME': '/builddir', 'HOSTNAME': 'mock', 'PATH': '/usr/bin:/bin:/usr/sbin:/sbin', 'LANG': 'C.UTF-8'} and shell False
DEBUG util.py:610:  Child return code was: 0
DEBUG file_util.py:17:  ensuring that dir exists: /var/lib/mock/e72385b4a8f5cd7f125828f2ec3220030c12951ab2166ae122ccae7e96ee833f.0/root/sys/fs/selinux
DEBUG util.py:636:  child environment: None
DEBUG util.py:558:  Executing command: ['/bin/mount', '-n', '-t', 'tmpfs', 'tmpfs', '/var/lib/mock/e72385b4a8f5cd7f125828f2ec3220030c12951ab2166ae122ccae7e96ee833f.0/root/sys/fs/selinux'] with env {'TERM': 'vt100', 'SHELL': '/bin/sh', 'HOME': '/builddir', 'HOSTNAME': 'mock', 'PATH': '/usr/bin:/bin:/usr/sbin:/sbin', 'LANG': 'C.UTF-8'} and shell False
DEBUG util.py:610:  Child return code was: 0
DEBUG file_util.py:17:  ensuring that dir exists: /var/lib/mock/e72385b4a8f5cd7f125828f2ec3220030c12951ab2166ae122ccae7e96ee833f.0/root/installation-homedir
DEBUG package_manager.py:295:  ['/usr/bin/dnf-3', '--installroot', '/var/lib/mock/e72385b4a8f5cd7f125828f2ec3220030c12951ab2166ae122ccae7e96ee833f.0/root/', '-y', '--releasever', '9', '--setopt=deltarpm=False', '--allowerasing', '--setopt=install_weak_deps=False', '--disableplugin=local', '--disableplugin=spacewalk', '--disableplugin=versionlock', 'update']
DEBUG util.py:636:  child environment: None
DEBUG util.py:558:  Executing command: ['/usr/bin/dnf-3', '--installroot', '/var/lib/mock/e72385b4a8f5cd7f125828f2ec3220030c12951ab2166ae122ccae7e96ee833f.0/root/', '-y', '--releasever', '9', '--setopt=deltarpm=False', '--allowerasing', '--setopt=install_weak_deps=False', '--disableplugin=local', '--disableplugin=spacewalk', '--disableplugin=versionlock', 'update', '--setopt=tsflags=nocontexts'] with env {'TERM': 'vt100', 'SHELL': '/bin/bash', 'HOME': '/var/lib/mock/e72385b4a8f5cd7f125828f2ec3220030c12951ab2166ae122ccae7e96ee833f.0/root/installation-homedir', 'HOSTNAME': 'mock', 'PATH': '/usr/bin:/bin:/usr/sbin:/sbin', 'PROMPT_COMMAND': 'printf "\\033]0;<mock-chroot>\\007"', 'PS1': '<mock-chroot> \\s-\\v\\$ ', 'LANG': 'C.UTF-8', 'LC_MESSAGES': 'C.UTF-8'} and shell False
DEBUG util.py:461:  No matches found for the following disable plugin patterns: local, spacewalk, versionlock
DEBUG util.py:463:  Dependencies resolved.
DEBUG util.py:463:  Nothing to do.
DEBUG util.py:463:  Complete!
DEBUG util.py:610:  Child return code was: 0
DEBUG util.py:185:  kill orphans in chroot /var/lib/mock/e72385b4a8f5cd7f125828f2ec3220030c12951ab2166ae122ccae7e96ee833f.0/root
DEBUG util.py:636:  child environment: None
DEBUG util.py:558:  Executing command: ['/bin/umount', '-n', '-l', '/var/lib/mock/e72385b4a8f5cd7f125828f2ec3220030c12951ab2166ae122ccae7e96ee833f.0/root/sys/fs/selinux'] with env {'TERM': 'vt100', 'SHELL': '/bin/sh', 'HOME': '/builddir', 'HOSTNAME': 'mock', 'PATH': '/usr/bin:/bin:/usr/sbin:/sbin', 'LANG': 'C.UTF-8'} and shell False
DEBUG util.py:610:  Child return code was: 0
DEBUG util.py:636:  child environment: None
DEBUG util.py:558:  Executing command: ['/bin/umount', '-n', '/var/lib/mock/e72385b4a8f5cd7f125828f2ec3220030c12951ab2166ae122ccae7e96ee833f.0/root/proc/filesystems'] with env {'TERM': 'vt100', 'SHELL': '/bin/sh', 'HOME': '/builddir', 'HOSTNAME': 'mock', 'PATH': '/usr/bin:/bin:/usr/sbin:/sbin', 'LANG': 'C.UTF-8'} and shell False
DEBUG util.py:610:  Child return code was: 0
DEBUG util.py:636:  child environment: None
DEBUG util.py:558:  Executing command: ['/bin/umount', '-n', '-l', '/var/lib/mock/e72385b4a8f5cd7f125828f2ec3220030c12951ab2166ae122ccae7e96ee833f.0/root/dev/pts'] with env {'TERM': 'vt100', 'SHELL': '/bin/sh', 'HOME': '/builddir', 'HOSTNAME': 'mock', 'PATH': '/usr/bin:/bin:/usr/sbin:/sbin', 'LANG': 'C.UTF-8'} and shell False
DEBUG util.py:610:  Child return code was: 0
DEBUG util.py:636:  child environment: None
DEBUG util.py:558:  Executing command: ['/bin/umount', '-n', '-l', '/var/lib/mock/e72385b4a8f5cd7f125828f2ec3220030c12951ab2166ae122ccae7e96ee833f.0/root/dev/shm'] with env {'TERM': 'vt100', 'SHELL': '/bin/sh', 'HOME': '/builddir', 'HOSTNAME': 'mock', 'PATH': '/usr/bin:/bin:/usr/sbin:/sbin', 'LANG': 'C.UTF-8'} and shell False
DEBUG util.py:610:  Child return code was: 0
DEBUG util.py:636:  child environment: None
DEBUG util.py:558:  Executing command: ['/bin/umount', '-n', '-l', '/var/lib/mock/e72385b4a8f5cd7f125828f2ec3220030c12951ab2166ae122ccae7e96ee833f.0/root/sys'] with env {'TERM': 'vt100', 'SHELL': '/bin/sh', 'HOME': '/builddir', 'HOSTNAME': 'mock', 'PATH': '/usr/bin:/bin:/usr/sbin:/sbin', 'LANG': 'C.UTF-8'} and shell False
DEBUG util.py:610:  Child return code was: 0
DEBUG util.py:636:  child environment: None
DEBUG util.py:558:  Executing command: ['/bin/umount', '-n', '-l', '/var/lib/mock/e72385b4a8f5cd7f125828f2ec3220030c12951ab2166ae122ccae7e96ee833f.0/root/sys'] with env {'TERM': 'vt100', 'SHELL': '/bin/sh', 'HOME': '/builddir', 'HOSTNAME': 'mock', 'PATH': '/usr/bin:/bin:/usr/sbin:/sbin', 'LANG': 'C.UTF-8'} and shell False
DEBUG util.py:610:  Child return code was: 0
DEBUG util.py:636:  child environment: None
DEBUG util.py:558:  Executing command: ['/bin/umount', '-n', '-l', '/var/lib/mock/e72385b4a8f5cd7f125828f2ec3220030c12951ab2166ae122ccae7e96ee833f.0/root/proc'] with env {'TERM': 'vt100', 'SHELL': '/bin/sh', 'HOME': '/builddir', 'HOSTNAME': 'mock', 'PATH': '/usr/bin:/bin:/usr/sbin:/sbin', 'LANG': 'C.UTF-8'} and shell False
DEBUG util.py:610:  Child return code was: 0
DEBUG util.py:636:  child environment: None
DEBUG util.py:558:  Executing command: ['/bin/umount', '-n', '-l', '/var/lib/mock/e72385b4a8f5cd7f125828f2ec3220030c12951ab2166ae122ccae7e96ee833f.0/root/proc'] with env {'TERM': 'vt100', 'SHELL': '/bin/sh', 'HOME': '/builddir', 'HOSTNAME': 'mock', 'PATH': '/usr/bin:/bin:/usr/sbin:/sbin', 'LANG': 'C.UTF-8'} and shell False
DEBUG util.py:610:  Child return code was: 0
DEBUG util.py:636:  child environment: None
DEBUG util.py:558:  Executing command: ['/bin/rpm', '-qa', '--root', '/var/lib/mock/e72385b4a8f5cd7f125828f2ec3220030c12951ab2166ae122ccae7e96ee833f.0/root'] with env {'TERM': 'vt100', 'SHELL': '/bin/sh', 'HOME': '/builddir', 'HOSTNAME': 'mock', 'PATH': '/usr/bin:/bin:/usr/sbin:/sbin', 'LANG': 'C.UTF-8'} and shell False
DEBUG util.py:463:  vim-filesystem-8.2.2637-26.el9_8.4.noarch
DEBUG util.py:463:  tzdata-2026b-1.el9.noarch
DEBUG util.py:463:  publicsuffix-list-dafsa-20210518-3.el9.noarch
DEBUG util.py:463:  pkgconf-m4-1.7.3-10.el9.noarch
DEBUG util.py:463:  pcre2-syntax-10.40-6.el9.noarch
DEBUG util.py:463:  ncurses-base-6.2-12.20210508.el9.noarch
DEBUG util.py:463:  libssh-config-0.10.4-18.el9.noarch
DEBUG util.py:463:  coreutils-common-8.32-40.el9.aarch64
DEBUG util.py:463:  almalinux-gpg-keys-9.8-1.el9.aarch64
DEBUG util.py:463:  almalinux-release-9.8-1.el9.aarch64
DEBUG util.py:463:  almalinux-repos-9.8-1.el9.aarch64
DEBUG util.py:463:  setup-2.13.7-10.el9.noarch
DEBUG util.py:463:  filesystem-3.16-5.el9.aarch64
DEBUG util.py:463:  basesystem-11-13.el9.noarch
DEBUG util.py:463:  ncurses-libs-6.2-12.20210508.el9.aarch64
DEBUG util.py:463:  bash-5.1.8-9.el9.aarch64
DEBUG util.py:463:  glibc-gconv-extra-2.34-270.el9_8.aarch64
DEBUG util.py:463:  libgcc-11.5.0-14.el9.alma.1.aarch64
DEBUG util.py:463:  glibc-minimal-langpack-2.34-270.el9_8.aarch64
DEBUG util.py:463:  glibc-common-2.34-270.el9_8.aarch64
DEBUG util.py:463:  glibc-2.34-270.el9_8.aarch64
DEBUG util.py:463:  zlib-1.2.11-40.el9.aarch64
DEBUG util.py:463:  libstdc++-11.5.0-14.el9.alma.1.aarch64
DEBUG util.py:463:  libzstd-1.5.5-1.el9.aarch64
DEBUG util.py:463:  xz-libs-5.2.5-8.el9_0.aarch64
DEBUG util.py:463:  bzip2-libs-1.0.8-11.el9.aarch64
DEBUG util.py:463:  gmp-6.2.0-13.el9.aarch64
DEBUG util.py:463:  elfutils-libelf-0.194-1.el9.alma.1.aarch64
DEBUG util.py:463:  libxcrypt-4.4.18-3.el9.aarch64
DEBUG util.py:463:  mpfr-4.1.0-10.el9.aarch64
DEBUG util.py:463:  libuuid-2.37.4-25.el9.aarch64
DEBUG util.py:463:  alternatives-1.24-2.el9.aarch64
DEBUG util.py:463:  libattr-2.5.1-3.el9.aarch64
DEBUG util.py:463:  libacl-2.3.1-4.el9.aarch64
DEBUG util.py:463:  libcap-2.48-10.el9_8.1.aarch64
DEBUG util.py:463:  popt-1.18-8.el9.aarch64
DEBUG util.py:463:  crypto-policies-20260224-1.gitea0f072.el9_8.noarch
DEBUG util.py:463:  libmpc-1.2.1-4.el9.aarch64
DEBUG util.py:463:  libxml2-2.9.13-14.el9_7.aarch64
DEBUG util.py:463:  less-590-6.el9.aarch64
DEBUG util.py:463:  libcom_err-1.46.5-8.el9.aarch64
DEBUG util.py:463:  libffi-3.4.2-8.el9.aarch64
DEBUG util.py:463:  lz4-libs-1.9.3-5.el9.aarch64
DEBUG util.py:463:  readline-8.1-4.el9.aarch64
DEBUG util.py:463:  dwz-0.16-1.el9.aarch64
DEBUG util.py:463:  unzip-6.0-60.el9.aarch64
DEBUG util.py:463:  groff-base-1.22.4-10.el9.aarch64
DEBUG util.py:463:  file-libs-5.39-17.el9.aarch64
DEBUG util.py:463:  file-5.39-17.el9.aarch64
DEBUG util.py:463:  sqlite-libs-3.34.1-10.el9_8.aarch64
DEBUG util.py:463:  gdbm-libs-1.23-1.el9.aarch64
DEBUG util.py:463:  libcap-ng-0.8.2-7.el9.aarch64
DEBUG util.py:463:  audit-libs-3.1.5-8.el9.aarch64
DEBUG util.py:463:  libedit-3.1-39.20210216cvs.el9.aarch64
DEBUG util.py:463:  libgomp-11.5.0-14.el9.alma.1.aarch64
DEBUG util.py:463:  libsepol-3.6-3.el9.aarch64
DEBUG util.py:463:  libsigsegv-2.13-4.el9.aarch64
DEBUG util.py:463:  gawk-5.1.0-6.el9.aarch64
DEBUG util.py:463:  libsmartcols-2.37.4-25.el9.aarch64
DEBUG util.py:463:  libtasn1-4.16.0-9.el9.aarch64
DEBUG util.py:463:  p11-kit-0.26.2-1.el9.aarch64
DEBUG util.py:463:  libunistring-0.9.10-15.el9.aarch64
DEBUG util.py:463:  libidn2-2.3.0-7.el9.aarch64
DEBUG util.py:463:  lua-libs-5.4.4-4.el9.aarch64
DEBUG util.py:463:  pcre2-10.40-6.el9.aarch64
DEBUG util.py:463:  libselinux-3.6-3.el9.aarch64
DEBUG util.py:463:  sed-4.8-10.el9.aarch64
DEBUG util.py:463:  findutils-4.8.0-7.el9.aarch64
DEBUG util.py:463:  libsemanage-3.6-5.el9_6.aarch64
DEBUG util.py:463:  shadow-utils-4.9-16.el9.aarch64
DEBUG util.py:463:  libutempter-1.2.1-6.el9.aarch64
DEBUG util.py:463:  tar-1.34-11.el9.aarch64
DEBUG util.py:463:  libpsl-0.21.1-5.el9.aarch64
DEBUG util.py:463:  p11-kit-trust-0.26.2-1.el9.aarch64
DEBUG util.py:463:  zip-3.0-35.el9.aarch64
DEBUG util.py:463:  zstd-1.5.5-1.el9.aarch64
DEBUG util.py:463:  xml-common-0.6.3-58.el9.noarch
DEBUG util.py:463:  iso-codes-4.6.0-3.el9.noarch
DEBUG util.py:463:  cpp-11.5.0-14.el9.alma.1.aarch64
DEBUG util.py:463:  bzip2-1.0.8-11.el9.aarch64
DEBUG util.py:463:  libasan-11.5.0-14.el9.alma.1.aarch64
DEBUG util.py:463:  libstdc++-devel-11.5.0-14.el9.alma.1.aarch64
DEBUG util.py:463:  libubsan-11.5.0-14.el9.alma.1.aarch64
DEBUG util.py:463:  info-6.7-15.el9.aarch64
DEBUG util.py:463:  ed-1.14.2-12.el9.aarch64
DEBUG util.py:463:  patch-2.7.6-16.el9.aarch64
DEBUG util.py:463:  tcl-8.6.10-7.el9.aarch64
DEBUG util.py:463:  cpio-2.13-16.el9.aarch64
DEBUG util.py:463:  diffutils-3.7-12.el9.aarch64
DEBUG util.py:463:  expat-2.5.0-6.el9.aarch64
DEBUG util.py:463:  json-c-0.14-11.el9.aarch64
DEBUG util.py:463:  keyutils-libs-1.6.3-1.el9.aarch64
DEBUG util.py:463:  libatomic-11.5.0-14.el9.alma.1.aarch64
DEBUG util.py:463:  libbrotli-1.0.9-9.el9_7.aarch64
DEBUG util.py:463:  libcbor-0.7.0-5.el9.aarch64
DEBUG util.py:463:  libdb-5.3.28-57.el9_6.aarch64
DEBUG util.py:463:  libeconf-0.4.1-5.el9.aarch64
DEBUG util.py:463:  libgpg-error-1.42-5.el9.aarch64
DEBUG util.py:463:  libgcrypt-1.10.0-11.el9.aarch64
DEBUG util.py:463:  libnghttp2-1.43.0-6.el9_8.1.aarch64
DEBUG util.py:463:  libpipeline-1.5.3-4.el9.aarch64
DEBUG util.py:463:  libpkgconf-1.7.3-10.el9.aarch64
DEBUG util.py:463:  pkgconf-1.7.3-10.el9.aarch64
DEBUG util.py:463:  pkgconf-pkg-config-1.7.3-10.el9.aarch64
DEBUG util.py:463:  libtool-ltdl-2.4.6-46.el9.aarch64
DEBUG util.py:463:  libverto-0.3.2-3.el9.aarch64
DEBUG util.py:463:  make-4.3-8.el9.aarch64
DEBUG util.py:463:  ncurses-6.2-12.20210508.el9.aarch64
DEBUG util.py:463:  pcre-8.44-4.el9.aarch64
DEBUG util.py:463:  grep-3.6-5.el9.aarch64
DEBUG util.py:463:  openssl-fips-provider-3.5.5-2.el9_8.aarch64
DEBUG util.py:463:  openssl-libs-3.5.5-2.el9_8.aarch64
DEBUG util.py:463:  coreutils-8.32-40.el9.aarch64
DEBUG util.py:463:  ca-certificates-2025.2.80_v9.0.305-91.el9.noarch
DEBUG util.py:463:  krb5-libs-1.21.1-10.el9_8.aarch64
DEBUG util.py:463:  libblkid-2.37.4-25.el9.aarch64
DEBUG util.py:463:  systemd-libs-252-67.el9_8.2.alma.1.aarch64
DEBUG util.py:463:  gzip-1.12-1.el9.aarch64
DEBUG util.py:463:  cracklib-2.9.6-28.el9.aarch64
DEBUG util.py:463:  libmount-2.37.4-25.el9.aarch64
DEBUG util.py:463:  libarchive-3.5.3-9.el9_7.aarch64
DEBUG util.py:463:  xz-5.2.5-8.el9_0.aarch64
DEBUG util.py:463:  util-linux-core-2.37.4-25.el9.aarch64
DEBUG util.py:463:  cracklib-dicts-2.9.6-28.el9.aarch64
DEBUG util.py:463:  man-db-2.9.3-9.el9.aarch64
DEBUG util.py:463:  libfido2-1.13.0-2.el9.aarch64
DEBUG util.py:463:  procps-ng-3.3.17-14.el9.aarch64
DEBUG util.py:463:  environment-modules-5.3.0-2.el9.aarch64
DEBUG util.py:463:  libfdisk-2.37.4-25.el9.aarch64
DEBUG util.py:463:  cyrus-sasl-lib-2.1.27-22.el9.aarch64
DEBUG util.py:463:  libssh-0.10.4-18.el9.aarch64
DEBUG util.py:463:  perl-Digest-1.19-4.el9.noarch
DEBUG util.py:463:  perl-Digest-MD5-2.58-4.el9.aarch64
DEBUG util.py:463:  perl-B-1.80-481.1.el9_6.aarch64
DEBUG util.py:463:  perl-FileHandle-2.03-481.1.el9_6.noarch
DEBUG util.py:463:  perl-Data-Dumper-2.174-462.el9.aarch64
DEBUG util.py:463:  perl-libnet-3.13-4.el9.noarch
DEBUG util.py:463:  perl-base-2.27-481.1.el9_6.noarch
DEBUG util.py:463:  perl-URI-5.09-3.el9.noarch
DEBUG util.py:463:  perl-AutoLoader-5.74-481.1.el9_6.noarch
DEBUG util.py:463:  perl-if-0.60.800-481.1.el9_6.noarch
DEBUG util.py:463:  perl-Mozilla-CA-20200520-6.el9.noarch
DEBUG util.py:463:  perl-IO-Socket-IP-0.41-5.el9.noarch
DEBUG util.py:463:  perl-Time-Local-1.300-7.el9.noarch
DEBUG util.py:463:  perl-File-Path-2.18-4.el9.noarch
DEBUG util.py:463:  perl-Pod-Escapes-1.07-460.el9.noarch
DEBUG util.py:463:  perl-Text-Tabs+Wrap-2013.0523-460.el9.noarch
DEBUG util.py:463:  perl-IO-Socket-SSL-2.073-2.el9.noarch
DEBUG util.py:463:  perl-Net-SSLeay-1.94-3.el9.aarch64
DEBUG util.py:463:  perl-Class-Struct-0.66-481.1.el9_6.noarch
DEBUG util.py:463:  perl-POSIX-1.94-481.1.el9_6.aarch64
DEBUG util.py:463:  perl-subs-1.03-481.1.el9_6.noarch
DEBUG util.py:463:  perl-IPC-Open3-1.21-481.1.el9_6.noarch
DEBUG util.py:463:  perl-Term-ANSIColor-5.01-461.el9.noarch
DEBUG util.py:463:  perl-File-Temp-0.231.100-4.el9.noarch
DEBUG util.py:463:  perl-Term-Cap-1.17-460.el9.noarch
DEBUG util.py:463:  perl-Pod-Simple-3.42-4.el9.noarch
DEBUG util.py:463:  perl-HTTP-Tiny-0.076-462.el9.noarch
DEBUG util.py:463:  perl-Socket-2.031-4.el9.aarch64
DEBUG util.py:463:  perl-File-stat-1.09-481.1.el9_6.noarch
DEBUG util.py:463:  perl-SelectSaver-1.02-481.1.el9_6.noarch
DEBUG util.py:463:  perl-Symbol-1.08-481.1.el9_6.noarch
DEBUG util.py:463:  perl-podlators-4.14-460.el9.noarch
DEBUG util.py:463:  perl-Pod-Perldoc-3.28.01-461.el9.noarch
DEBUG util.py:463:  perl-Fcntl-1.13-481.1.el9_6.aarch64
DEBUG util.py:463:  perl-mro-1.23-481.1.el9_6.aarch64
DEBUG util.py:463:  perl-overloading-0.02-481.1.el9_6.noarch
DEBUG util.py:463:  perl-IO-1.43-481.1.el9_6.aarch64
DEBUG util.py:463:  perl-Text-ParseWords-3.30-460.el9.noarch
DEBUG util.py:463:  perl-Pod-Usage-2.01-4.el9.noarch
DEBUG util.py:463:  perl-constant-1.33-461.el9.noarch
DEBUG util.py:463:  perl-Errno-1.30-481.1.el9_6.aarch64
DEBUG util.py:463:  perl-File-Basename-2.85-481.1.el9_6.noarch
DEBUG util.py:463:  perl-Getopt-Std-1.12-481.1.el9_6.noarch
DEBUG util.py:463:  perl-MIME-Base64-3.16-4.el9.aarch64
DEBUG util.py:463:  perl-parent-0.238-460.el9.noarch
DEBUG util.py:463:  perl-overload-1.31-481.1.el9_6.noarch
DEBUG util.py:463:  perl-Scalar-List-Utils-1.56-462.el9.aarch64
DEBUG util.py:463:  perl-Storable-3.21-460.el9.aarch64
DEBUG util.py:463:  perl-vars-1.05-481.1.el9_6.noarch
DEBUG util.py:463:  perl-Getopt-Long-2.52-4.el9.noarch
DEBUG util.py:463:  perl-Carp-1.50-460.el9.noarch
DEBUG util.py:463:  perl-Exporter-5.74-461.el9.noarch
DEBUG util.py:463:  perl-PathTools-3.78-461.el9.aarch64
DEBUG util.py:463:  perl-Encode-3.08-462.el9.aarch64
DEBUG util.py:463:  perl-libs-5.32.1-481.1.el9_6.aarch64
DEBUG util.py:463:  perl-interpreter-5.32.1-481.1.el9_6.aarch64
DEBUG util.py:463:  kernel-srpm-macros-1.0-14.el9.noarch
DEBUG util.py:463:  openssl-3.5.5-2.el9_8.aarch64
DEBUG util.py:463:  libpwquality-1.4.4-8.el9.aarch64
DEBUG util.py:463:  pam-1.5.1-28.el9.aarch64
DEBUG util.py:463:  util-linux-2.37.4-25.el9.aarch64
DEBUG util.py:463:  openssh-9.9p1-7.el9_8.alma.1.aarch64
DEBUG util.py:463:  openssh-clients-9.9p1-7.el9_8.alma.1.aarch64
DEBUG util.py:463:  libevent-2.1.12-8.el9_4.aarch64
DEBUG util.py:463:  openldap-2.6.8-4.el9.aarch64
DEBUG util.py:463:  libcurl-7.76.1-40.el9.aarch64
DEBUG util.py:463:  curl-7.76.1-40.el9.aarch64
DEBUG util.py:463:  rpm-libs-4.16.1.3-40.el9.aarch64
DEBUG util.py:463:  rpm-4.16.1.3-40.el9.aarch64
DEBUG util.py:463:  efi-srpm-macros-6-4.el9.noarch
DEBUG util.py:463:  lua-srpm-macros-1-6.el9.noarch
DEBUG util.py:463:  elfutils-default-yama-scope-0.194-1.el9.alma.1.noarch
DEBUG util.py:463:  elfutils-libs-0.194-1.el9.alma.1.aarch64
DEBUG util.py:463:  elfutils-debuginfod-client-0.194-1.el9.alma.1.aarch64
DEBUG util.py:463:  binutils-gold-2.35.2-72.el9.aarch64
DEBUG util.py:463:  binutils-2.35.2-72.el9.aarch64
DEBUG util.py:463:  gdb-minimal-16.3-3.el9.aarch64
DEBUG util.py:463:  elfutils-0.194-1.el9.alma.1.aarch64
DEBUG util.py:463:  debugedit-5.0-11.el9.aarch64
DEBUG util.py:463:  rpm-build-libs-4.16.1.3-40.el9.aarch64
DEBUG util.py:463:  rust-srpm-macros-17-4.el9.noarch
DEBUG util.py:463:  qt5-srpm-macros-5.15.9-1.el9.noarch
DEBUG util.py:463:  perl-srpm-macros-1-41.el9.noarch
DEBUG util.py:463:  openblas-srpm-macros-2-11.el9.noarch
DEBUG util.py:463:  ocaml-srpm-macros-6-6.el9.noarch
DEBUG util.py:463:  llvm-filesystem-21.1.8-2.el9.aarch64
DEBUG util.py:463:  llvm-libs-21.1.8-2.el9.aarch64
DEBUG util.py:463:  kernel-headers-5.14.0-687.5.3.el9_8.aarch64
DEBUG util.py:463:  libxcrypt-devel-4.4.18-3.el9.aarch64
DEBUG util.py:463:  glibc-devel-2.34-270.el9_8.aarch64
DEBUG util.py:463:  gcc-11.5.0-14.el9.alma.1.aarch64
DEBUG util.py:463:  annobin-12.98-2.el9.aarch64
DEBUG util.py:463:  gcc-plugin-annobin-11.5.0-14.el9.alma.1.aarch64
DEBUG util.py:463:  ghc-srpm-macros-1.5.0-6.el9.noarch
DEBUG util.py:463:  fonts-srpm-macros-2.0.5-7.el9.1.noarch
DEBUG util.py:463:  go-srpm-macros-3.8.1-1.el9.noarch
DEBUG util.py:463:  python-srpm-macros-3.9-54.el9.noarch
DEBUG util.py:463:  pyproject-srpm-macros-1.18.5-1.el9.noarch
DEBUG util.py:463:  redhat-rpm-config-210-1.el9.alma.1.noarch
DEBUG util.py:463:  rpm-build-4.16.1.3-40.el9.aarch64
DEBUG util.py:463:  scl-utils-build-2.0.3-4.el9.aarch64
DEBUG util.py:463:  gcc-c++-11.5.0-14.el9.alma.1.aarch64
DEBUG util.py:463:  scl-utils-2.0.3-4.el9.aarch64
DEBUG util.py:463:  git-core-2.52.0-1.el9.aarch64
DEBUG util.py:463:  which-2.21-30.el9_6.aarch64
DEBUG util.py:610:  Child return code was: 0
DEBUG file_util.py:17:  ensuring that dir exists: /var/lib/mock/e72385b4a8f5cd7f125828f2ec3220030c12951ab2166ae122ccae7e96ee833f.0/root/builddir/build
DEBUG file_util.py:17:  ensuring that dir exists: /var/lib/mock/e72385b4a8f5cd7f125828f2ec3220030c12951ab2166ae122ccae7e96ee833f.0/root/builddir/build/RPMS
DEBUG file_util.py:20:  created dir: /var/lib/mock/e72385b4a8f5cd7f125828f2ec3220030c12951ab2166ae122ccae7e96ee833f.0/root/builddir/build/RPMS
DEBUG file_util.py:17:  ensuring that dir exists: /var/lib/mock/e72385b4a8f5cd7f125828f2ec3220030c12951ab2166ae122ccae7e96ee833f.0/root/builddir/build/SPECS
DEBUG file_util.py:20:  created dir: /var/lib/mock/e72385b4a8f5cd7f125828f2ec3220030c12951ab2166ae122ccae7e96ee833f.0/root/builddir/build/SPECS
DEBUG file_util.py:17:  ensuring that dir exists: /var/lib/mock/e72385b4a8f5cd7f125828f2ec3220030c12951ab2166ae122ccae7e96ee833f.0/root/builddir/build/SRPMS
DEBUG file_util.py:20:  created dir: /var/lib/mock/e72385b4a8f5cd7f125828f2ec3220030c12951ab2166ae122ccae7e96ee833f.0/root/builddir/build/SRPMS
DEBUG file_util.py:17:  ensuring that dir exists: /var/lib/mock/e72385b4a8f5cd7f125828f2ec3220030c12951ab2166ae122ccae7e96ee833f.0/root/builddir/build/SOURCES
DEBUG file_util.py:17:  ensuring that dir exists: /var/lib/mock/e72385b4a8f5cd7f125828f2ec3220030c12951ab2166ae122ccae7e96ee833f.0/root/builddir/build/BUILD
DEBUG file_util.py:20:  created dir: /var/lib/mock/e72385b4a8f5cd7f125828f2ec3220030c12951ab2166ae122ccae7e96ee833f.0/root/builddir/build/BUILD
DEBUG file_util.py:17:  ensuring that dir exists: /var/lib/mock/e72385b4a8f5cd7f125828f2ec3220030c12951ab2166ae122ccae7e96ee833f.0/root/builddir/build/BUILDROOT
DEBUG file_util.py:20:  created dir: /var/lib/mock/e72385b4a8f5cd7f125828f2ec3220030c12951ab2166ae122ccae7e96ee833f.0/root/builddir/build/BUILDROOT
DEBUG file_util.py:17:  ensuring that dir exists: /var/lib/mock/e72385b4a8f5cd7f125828f2ec3220030c12951ab2166ae122ccae7e96ee833f.0/root/builddir/build/originals
DEBUG file_util.py:20:  created dir: /var/lib/mock/e72385b4a8f5cd7f125828f2ec3220030c12951ab2166ae122ccae7e96ee833f.0/root/builddir/build/originals
DEBUG file_util.py:17:  ensuring that dir exists: /var/lib/mock/e72385b4a8f5cd7f125828f2ec3220030c12951ab2166ae122ccae7e96ee833f.0/root/builddir
DEBUG util.py:636:  child environment: None
DEBUG util.py:558:  Executing command: ['userdel', '-f', 'mockbuild', '--prefix', '/var/lib/mock/e72385b4a8f5cd7f125828f2ec3220030c12951ab2166ae122ccae7e96ee833f.0/root'] with env {'TERM': 'vt100', 'SHELL': '/bin/sh', 'HOME': '/builddir', 'HOSTNAME': 'mock', 'PATH': '/usr/bin:/bin:/usr/sbin:/sbin', 'LANG': 'C.UTF-8'} and shell False
DEBUG util.py:610:  Child return code was: 0
DEBUG util.py:636:  child environment: None
DEBUG util.py:558:  Executing command: ['groupdel', 'mock', '--prefix', '/var/lib/mock/e72385b4a8f5cd7f125828f2ec3220030c12951ab2166ae122ccae7e96ee833f.0/root'] with env {'TERM': 'vt100', 'SHELL': '/bin/sh', 'HOME': '/builddir', 'HOSTNAME': 'mock', 'PATH': '/usr/bin:/bin:/usr/sbin:/sbin', 'LANG': 'C.UTF-8'} and shell False
DEBUG util.py:610:  Child return code was: 0
DEBUG util.py:636:  child environment: None
DEBUG util.py:558:  Executing command: ['groupadd', 'mock', '-g', '135', '--prefix', '/var/lib/mock/e72385b4a8f5cd7f125828f2ec3220030c12951ab2166ae122ccae7e96ee833f.0/root'] with env {'TERM': 'vt100', 'SHELL': '/bin/sh', 'HOME': '/builddir', 'HOSTNAME': 'mock', 'PATH': '/usr/bin:/bin:/usr/sbin:/sbin', 'LANG': 'C.UTF-8'} and shell False
DEBUG util.py:610:  Child return code was: 0
DEBUG util.py:636:  child environment: None
DEBUG util.py:558:  Executing command: ['useradd', 'mockbuild', '-o', '-u', '1000', '-g', '135', '-N', '-d', '/builddir', '--prefix', '/var/lib/mock/e72385b4a8f5cd7f125828f2ec3220030c12951ab2166ae122ccae7e96ee833f.0/root'] with env {'TERM': 'vt100', 'SHELL': '/bin/sh', 'HOME': '/builddir', 'HOSTNAME': 'mock', 'PATH': '/usr/bin:/bin:/usr/sbin:/sbin', 'LANG': 'C.UTF-8'} and shell False
DEBUG util.py:461:  useradd: warning: the home directory /builddir already exists.
DEBUG util.py:461:  useradd: Not copying any file from skel directory into it.
DEBUG util.py:461:  Creating mailbox file: File exists
DEBUG util.py:610:  Child return code was: 0
DEBUG file_util.py:29:  touching file: /var/lib/mock/e72385b4a8f5cd7f125828f2ec3220030c12951ab2166ae122ccae7e96ee833f.0/root/.initialized
DEBUG util.py:636:  child environment: None
DEBUG util.py:553:  Using nspawn with args ['--rlimit=RLIMIT_NOFILE=20480', '--capability=cap_ipc_lock', '--bind=/tmp/mock-resolv.0nt31vpe:/etc/resolv.conf', '--bind=/dev/mapper/control', '--bind=/dev/fuse', '--bind=/dev/loop-control', '--bind=/dev/loop0', '--bind=/dev/loop1', '--bind=/dev/loop2', '--bind=/dev/loop3', '--bind=/dev/loop4', '--bind=/dev/loop5', '--bind=/dev/loop6', '--bind=/dev/loop7', '--bind=/dev/loop8', '--bind=/dev/loop9', '--bind=/dev/loop10', '--bind=/dev/loop11']
DEBUG util.py:558:  Executing command: ['/usr/bin/systemd-nspawn', '-q', '-M', '152880a623104c6a9e5da2653399b399', '-D', '/var/lib/mock/e72385b4a8f5cd7f125828f2ec3220030c12951ab2166ae122ccae7e96ee833f.0/root', '-a', '-u', 'mockbuild', '--rlimit=RLIMIT_NOFILE=20480', '--capability=cap_ipc_lock', '--bind=/tmp/mock-resolv.0nt31vpe:/etc/resolv.conf', '--bind=/dev/mapper/control', '--bind=/dev/fuse', '--bind=/dev/loop-control', '--bind=/dev/loop0', '--bind=/dev/loop1', '--bind=/dev/loop2', '--bind=/dev/loop3', '--bind=/dev/loop4', '--bind=/dev/loop5', '--bind=/dev/loop6', '--bind=/dev/loop7', '--bind=/dev/loop8', '--bind=/dev/loop9', '--bind=/dev/loop10', '--bind=/dev/loop11', '--console=pipe', '--setenv=TERM=vt100', '--setenv=SHELL=/bin/bash', '--setenv=HOME=/builddir', '--setenv=HOSTNAME=mock', '--setenv=PATH=/usr/bin:/bin:/usr/sbin:/sbin', '--setenv=PROMPT_COMMAND=printf "\\033]0;<mock-chroot>\\007"', '--setenv=PS1=<mock-chroot> \\s-\\v\\$ ', '--setenv=LANG=C.UTF-8', '--resolv-conf=off', '/bin/rpm', '-Uvh', '--nodeps', '/builddir/build/originals/shim-unsigned-aarch64-16.1-2.el9.alma.2.src.rpm'] with env {'TERM': 'vt100', 'SHELL': '/bin/bash', 'HOME': '/builddir', 'HOSTNAME': 'mock', 'PATH': '/usr/bin:/bin:/usr/sbin:/sbin', 'PROMPT_COMMAND': 'printf "\\033]0;<mock-chroot>\\007"', 'PS1': '<mock-chroot> \\s-\\v\\$ ', 'LANG': 'C.UTF-8', 'SYSTEMD_NSPAWN_TMPFS_TMP': '0', 'SYSTEMD_SECCOMP': '0'} and shell False
DEBUG util.py:463:  Updating / installing...
DEBUG util.py:463:  shim-unsigned-aarch64-16.1-2.el9.alma.########################################
DEBUG util.py:610:  Child return code was: 0
DEBUG util.py:636:  child environment: None
DEBUG util.py:553:  Using nspawn with args ['--rlimit=RLIMIT_NOFILE=20480', '--capability=cap_ipc_lock', '--bind=/tmp/mock-resolv.0nt31vpe:/etc/resolv.conf', '--bind=/dev/mapper/control', '--bind=/dev/fuse', '--bind=/dev/loop-control', '--bind=/dev/loop0', '--bind=/dev/loop1', '--bind=/dev/loop2', '--bind=/dev/loop3', '--bind=/dev/loop4', '--bind=/dev/loop5', '--bind=/dev/loop6', '--bind=/dev/loop7', '--bind=/dev/loop8', '--bind=/dev/loop9', '--bind=/dev/loop10', '--bind=/dev/loop11']
DEBUG util.py:558:  Executing command: ['/usr/bin/systemd-nspawn', '-q', '-M', '3e31e91d58bc47f1b009bf87a0bcc6e7', '-D', '/var/lib/mock/e72385b4a8f5cd7f125828f2ec3220030c12951ab2166ae122ccae7e96ee833f.0/root', '-a', '-u', 'mockbuild', '--rlimit=RLIMIT_NOFILE=20480', '--capability=cap_ipc_lock', '--bind=/tmp/mock-resolv.0nt31vpe:/etc/resolv.conf', '--bind=/dev/mapper/control', '--bind=/dev/fuse', '--bind=/dev/loop-control', '--bind=/dev/loop0', '--bind=/dev/loop1', '--bind=/dev/loop2', '--bind=/dev/loop3', '--bind=/dev/loop4', '--bind=/dev/loop5', '--bind=/dev/loop6', '--bind=/dev/loop7', '--bind=/dev/loop8', '--bind=/dev/loop9', '--bind=/dev/loop10', '--bind=/dev/loop11', '--console=pipe', '--setenv=TERM=vt100', '--setenv=SHELL=/bin/bash', '--setenv=HOME=/builddir', '--setenv=HOSTNAME=mock', '--setenv=PATH=/usr/bin:/bin:/usr/sbin:/sbin', '--setenv=PROMPT_COMMAND=printf "\\033]0;<mock-chroot>\\007"', '--setenv=PS1=<mock-chroot> \\s-\\v\\$ ', '--setenv=LANG=C.UTF-8', '--resolv-conf=off', '/bin/rpm', '-qpl', '/builddir/build/originals/shim-unsigned-aarch64-16.1-2.el9.alma.2.src.rpm'] with env {'TERM': 'vt100', 'SHELL': '/bin/bash', 'HOME': '/builddir', 'HOSTNAME': 'mock', 'PATH': '/usr/bin:/bin:/usr/sbin:/sbin', 'PROMPT_COMMAND': 'printf "\\033]0;<mock-chroot>\\007"', 'PS1': '<mock-chroot> \\s-\\v\\$ ', 'LANG': 'C.UTF-8', 'SYSTEMD_NSPAWN_TMPFS_TMP': '0', 'SYSTEMD_SECCOMP': '0'} and shell False
DEBUG util.py:463:  almalinux-sb-cert-1.der
DEBUG util.py:463:  almalinux-sb-cert-2.der
DEBUG util.py:463:  almalinux-sb-cert-3.der
DEBUG util.py:463:  dbx.esl
DEBUG util.py:463:  sbat.almalinux.csv
DEBUG util.py:463:  shim-16.1.tar.bz2
DEBUG util.py:463:  shim-find-debuginfo.sh
DEBUG util.py:463:  shim-unsigned-aarch64.spec
DEBUG util.py:463:  shim.patches
DEBUG util.py:610:  Child return code was: 0
DEBUG util.py:636:  child environment: None
DEBUG util.py:558:  Executing command: ['/bin/rpm', '-qa', '--root', '/var/lib/mock/e72385b4a8f5cd7f125828f2ec3220030c12951ab2166ae122ccae7e96ee833f.0/root'] with env {'TERM': 'vt100', 'SHELL': '/bin/sh', 'HOME': '/builddir', 'HOSTNAME': 'mock', 'PATH': '/usr/bin:/bin:/usr/sbin:/sbin', 'LANG': 'C.UTF-8'} and shell False
DEBUG util.py:463:  vim-filesystem-8.2.2637-26.el9_8.4.noarch
DEBUG util.py:463:  tzdata-2026b-1.el9.noarch
DEBUG util.py:463:  publicsuffix-list-dafsa-20210518-3.el9.noarch
DEBUG util.py:463:  pkgconf-m4-1.7.3-10.el9.noarch
DEBUG util.py:463:  pcre2-syntax-10.40-6.el9.noarch
DEBUG util.py:463:  ncurses-base-6.2-12.20210508.el9.noarch
DEBUG util.py:463:  libssh-config-0.10.4-18.el9.noarch
DEBUG util.py:463:  coreutils-common-8.32-40.el9.aarch64
DEBUG util.py:463:  almalinux-gpg-keys-9.8-1.el9.aarch64
DEBUG util.py:463:  almalinux-release-9.8-1.el9.aarch64
DEBUG util.py:463:  almalinux-repos-9.8-1.el9.aarch64
DEBUG util.py:463:  setup-2.13.7-10.el9.noarch
DEBUG util.py:463:  filesystem-3.16-5.el9.aarch64
DEBUG util.py:463:  basesystem-11-13.el9.noarch
DEBUG util.py:463:  ncurses-libs-6.2-12.20210508.el9.aarch64
DEBUG util.py:463:  bash-5.1.8-9.el9.aarch64
DEBUG util.py:463:  glibc-gconv-extra-2.34-270.el9_8.aarch64
DEBUG util.py:463:  libgcc-11.5.0-14.el9.alma.1.aarch64
DEBUG util.py:463:  glibc-minimal-langpack-2.34-270.el9_8.aarch64
DEBUG util.py:463:  glibc-common-2.34-270.el9_8.aarch64
DEBUG util.py:463:  glibc-2.34-270.el9_8.aarch64
DEBUG util.py:463:  zlib-1.2.11-40.el9.aarch64
DEBUG util.py:463:  libstdc++-11.5.0-14.el9.alma.1.aarch64
DEBUG util.py:463:  libzstd-1.5.5-1.el9.aarch64
DEBUG util.py:463:  xz-libs-5.2.5-8.el9_0.aarch64
DEBUG util.py:463:  bzip2-libs-1.0.8-11.el9.aarch64
DEBUG util.py:463:  gmp-6.2.0-13.el9.aarch64
DEBUG util.py:463:  elfutils-libelf-0.194-1.el9.alma.1.aarch64
DEBUG util.py:463:  libxcrypt-4.4.18-3.el9.aarch64
DEBUG util.py:463:  mpfr-4.1.0-10.el9.aarch64
DEBUG util.py:463:  libuuid-2.37.4-25.el9.aarch64
DEBUG util.py:463:  alternatives-1.24-2.el9.aarch64
DEBUG util.py:463:  libattr-2.5.1-3.el9.aarch64
DEBUG util.py:463:  libacl-2.3.1-4.el9.aarch64
DEBUG util.py:463:  libcap-2.48-10.el9_8.1.aarch64
DEBUG util.py:463:  popt-1.18-8.el9.aarch64
DEBUG util.py:463:  crypto-policies-20260224-1.gitea0f072.el9_8.noarch
DEBUG util.py:463:  libmpc-1.2.1-4.el9.aarch64
DEBUG util.py:463:  libxml2-2.9.13-14.el9_7.aarch64
DEBUG util.py:463:  less-590-6.el9.aarch64
DEBUG util.py:463:  libcom_err-1.46.5-8.el9.aarch64
DEBUG util.py:463:  libffi-3.4.2-8.el9.aarch64
DEBUG util.py:463:  lz4-libs-1.9.3-5.el9.aarch64
DEBUG util.py:463:  readline-8.1-4.el9.aarch64
DEBUG util.py:463:  dwz-0.16-1.el9.aarch64
DEBUG util.py:463:  unzip-6.0-60.el9.aarch64
DEBUG util.py:463:  groff-base-1.22.4-10.el9.aarch64
DEBUG util.py:463:  file-libs-5.39-17.el9.aarch64
DEBUG util.py:463:  file-5.39-17.el9.aarch64
DEBUG util.py:463:  sqlite-libs-3.34.1-10.el9_8.aarch64
DEBUG util.py:463:  gdbm-libs-1.23-1.el9.aarch64
DEBUG util.py:463:  libcap-ng-0.8.2-7.el9.aarch64
DEBUG util.py:463:  audit-libs-3.1.5-8.el9.aarch64
DEBUG util.py:463:  libedit-3.1-39.20210216cvs.el9.aarch64
DEBUG util.py:463:  libgomp-11.5.0-14.el9.alma.1.aarch64
DEBUG util.py:463:  libsepol-3.6-3.el9.aarch64
DEBUG util.py:463:  libsigsegv-2.13-4.el9.aarch64
DEBUG util.py:463:  gawk-5.1.0-6.el9.aarch64
DEBUG util.py:463:  libsmartcols-2.37.4-25.el9.aarch64
DEBUG util.py:463:  libtasn1-4.16.0-9.el9.aarch64
DEBUG util.py:463:  p11-kit-0.26.2-1.el9.aarch64
DEBUG util.py:463:  libunistring-0.9.10-15.el9.aarch64
DEBUG util.py:463:  libidn2-2.3.0-7.el9.aarch64
DEBUG util.py:463:  lua-libs-5.4.4-4.el9.aarch64
DEBUG util.py:463:  pcre2-10.40-6.el9.aarch64
DEBUG util.py:463:  libselinux-3.6-3.el9.aarch64
DEBUG util.py:463:  sed-4.8-10.el9.aarch64
DEBUG util.py:463:  findutils-4.8.0-7.el9.aarch64
DEBUG util.py:463:  libsemanage-3.6-5.el9_6.aarch64
DEBUG util.py:463:  shadow-utils-4.9-16.el9.aarch64
DEBUG util.py:463:  libutempter-1.2.1-6.el9.aarch64
DEBUG util.py:463:  tar-1.34-11.el9.aarch64
DEBUG util.py:463:  libpsl-0.21.1-5.el9.aarch64
DEBUG util.py:463:  p11-kit-trust-0.26.2-1.el9.aarch64
DEBUG util.py:463:  zip-3.0-35.el9.aarch64
DEBUG util.py:463:  zstd-1.5.5-1.el9.aarch64
DEBUG util.py:463:  xml-common-0.6.3-58.el9.noarch
DEBUG util.py:463:  iso-codes-4.6.0-3.el9.noarch
DEBUG util.py:463:  cpp-11.5.0-14.el9.alma.1.aarch64
DEBUG util.py:463:  bzip2-1.0.8-11.el9.aarch64
DEBUG util.py:463:  libasan-11.5.0-14.el9.alma.1.aarch64
DEBUG util.py:463:  libstdc++-devel-11.5.0-14.el9.alma.1.aarch64
DEBUG util.py:463:  libubsan-11.5.0-14.el9.alma.1.aarch64
DEBUG util.py:463:  info-6.7-15.el9.aarch64
DEBUG util.py:463:  ed-1.14.2-12.el9.aarch64
DEBUG util.py:463:  patch-2.7.6-16.el9.aarch64
DEBUG util.py:463:  tcl-8.6.10-7.el9.aarch64
DEBUG util.py:463:  cpio-2.13-16.el9.aarch64
DEBUG util.py:463:  diffutils-3.7-12.el9.aarch64
DEBUG util.py:463:  expat-2.5.0-6.el9.aarch64
DEBUG util.py:463:  json-c-0.14-11.el9.aarch64
DEBUG util.py:463:  keyutils-libs-1.6.3-1.el9.aarch64
DEBUG util.py:463:  libatomic-11.5.0-14.el9.alma.1.aarch64
DEBUG util.py:463:  libbrotli-1.0.9-9.el9_7.aarch64
DEBUG util.py:463:  libcbor-0.7.0-5.el9.aarch64
DEBUG util.py:463:  libdb-5.3.28-57.el9_6.aarch64
DEBUG util.py:463:  libeconf-0.4.1-5.el9.aarch64
DEBUG util.py:463:  libgpg-error-1.42-5.el9.aarch64
DEBUG util.py:463:  libgcrypt-1.10.0-11.el9.aarch64
DEBUG util.py:463:  libnghttp2-1.43.0-6.el9_8.1.aarch64
DEBUG util.py:463:  libpipeline-1.5.3-4.el9.aarch64
DEBUG util.py:463:  libpkgconf-1.7.3-10.el9.aarch64
DEBUG util.py:463:  pkgconf-1.7.3-10.el9.aarch64
DEBUG util.py:463:  pkgconf-pkg-config-1.7.3-10.el9.aarch64
DEBUG util.py:463:  libtool-ltdl-2.4.6-46.el9.aarch64
DEBUG util.py:463:  libverto-0.3.2-3.el9.aarch64
DEBUG util.py:463:  make-4.3-8.el9.aarch64
DEBUG util.py:463:  ncurses-6.2-12.20210508.el9.aarch64
DEBUG util.py:463:  pcre-8.44-4.el9.aarch64
DEBUG util.py:463:  grep-3.6-5.el9.aarch64
DEBUG util.py:463:  openssl-fips-provider-3.5.5-2.el9_8.aarch64
DEBUG util.py:463:  openssl-libs-3.5.5-2.el9_8.aarch64
DEBUG util.py:463:  coreutils-8.32-40.el9.aarch64
DEBUG util.py:463:  ca-certificates-2025.2.80_v9.0.305-91.el9.noarch
DEBUG util.py:463:  krb5-libs-1.21.1-10.el9_8.aarch64
DEBUG util.py:463:  libblkid-2.37.4-25.el9.aarch64
DEBUG util.py:463:  systemd-libs-252-67.el9_8.2.alma.1.aarch64
DEBUG util.py:463:  gzip-1.12-1.el9.aarch64
DEBUG util.py:463:  cracklib-2.9.6-28.el9.aarch64
DEBUG util.py:463:  libmount-2.37.4-25.el9.aarch64
DEBUG util.py:463:  libarchive-3.5.3-9.el9_7.aarch64
DEBUG util.py:463:  xz-5.2.5-8.el9_0.aarch64
DEBUG util.py:463:  util-linux-core-2.37.4-25.el9.aarch64
DEBUG util.py:463:  cracklib-dicts-2.9.6-28.el9.aarch64
DEBUG util.py:463:  man-db-2.9.3-9.el9.aarch64
DEBUG util.py:463:  libfido2-1.13.0-2.el9.aarch64
DEBUG util.py:463:  procps-ng-3.3.17-14.el9.aarch64
DEBUG util.py:463:  environment-modules-5.3.0-2.el9.aarch64
DEBUG util.py:463:  libfdisk-2.37.4-25.el9.aarch64
DEBUG util.py:463:  cyrus-sasl-lib-2.1.27-22.el9.aarch64
DEBUG util.py:463:  libssh-0.10.4-18.el9.aarch64
DEBUG util.py:463:  perl-Digest-1.19-4.el9.noarch
DEBUG util.py:463:  perl-Digest-MD5-2.58-4.el9.aarch64
DEBUG util.py:463:  perl-B-1.80-481.1.el9_6.aarch64
DEBUG util.py:463:  perl-FileHandle-2.03-481.1.el9_6.noarch
DEBUG util.py:463:  perl-Data-Dumper-2.174-462.el9.aarch64
DEBUG util.py:463:  perl-libnet-3.13-4.el9.noarch
DEBUG util.py:463:  perl-base-2.27-481.1.el9_6.noarch
DEBUG util.py:463:  perl-URI-5.09-3.el9.noarch
DEBUG util.py:463:  perl-AutoLoader-5.74-481.1.el9_6.noarch
DEBUG util.py:463:  perl-if-0.60.800-481.1.el9_6.noarch
DEBUG util.py:463:  perl-Mozilla-CA-20200520-6.el9.noarch
DEBUG util.py:463:  perl-IO-Socket-IP-0.41-5.el9.noarch
DEBUG util.py:463:  perl-Time-Local-1.300-7.el9.noarch
DEBUG util.py:463:  perl-File-Path-2.18-4.el9.noarch
DEBUG util.py:463:  perl-Pod-Escapes-1.07-460.el9.noarch
DEBUG util.py:463:  perl-Text-Tabs+Wrap-2013.0523-460.el9.noarch
DEBUG util.py:463:  perl-IO-Socket-SSL-2.073-2.el9.noarch
DEBUG util.py:463:  perl-Net-SSLeay-1.94-3.el9.aarch64
DEBUG util.py:463:  perl-Class-Struct-0.66-481.1.el9_6.noarch
DEBUG util.py:463:  perl-POSIX-1.94-481.1.el9_6.aarch64
DEBUG util.py:463:  perl-subs-1.03-481.1.el9_6.noarch
DEBUG util.py:463:  perl-IPC-Open3-1.21-481.1.el9_6.noarch
DEBUG util.py:463:  perl-Term-ANSIColor-5.01-461.el9.noarch
DEBUG util.py:463:  perl-File-Temp-0.231.100-4.el9.noarch
DEBUG util.py:463:  perl-Term-Cap-1.17-460.el9.noarch
DEBUG util.py:463:  perl-Pod-Simple-3.42-4.el9.noarch
DEBUG util.py:463:  perl-HTTP-Tiny-0.076-462.el9.noarch
DEBUG util.py:463:  perl-Socket-2.031-4.el9.aarch64
DEBUG util.py:463:  perl-File-stat-1.09-481.1.el9_6.noarch
DEBUG util.py:463:  perl-SelectSaver-1.02-481.1.el9_6.noarch
DEBUG util.py:463:  perl-Symbol-1.08-481.1.el9_6.noarch
DEBUG util.py:463:  perl-podlators-4.14-460.el9.noarch
DEBUG util.py:463:  perl-Pod-Perldoc-3.28.01-461.el9.noarch
DEBUG util.py:463:  perl-Fcntl-1.13-481.1.el9_6.aarch64
DEBUG util.py:463:  perl-mro-1.23-481.1.el9_6.aarch64
DEBUG util.py:463:  perl-overloading-0.02-481.1.el9_6.noarch
DEBUG util.py:463:  perl-IO-1.43-481.1.el9_6.aarch64
DEBUG util.py:463:  perl-Text-ParseWords-3.30-460.el9.noarch
DEBUG util.py:463:  perl-Pod-Usage-2.01-4.el9.noarch
DEBUG util.py:463:  perl-constant-1.33-461.el9.noarch
DEBUG util.py:463:  perl-Errno-1.30-481.1.el9_6.aarch64
DEBUG util.py:463:  perl-File-Basename-2.85-481.1.el9_6.noarch
DEBUG util.py:463:  perl-Getopt-Std-1.12-481.1.el9_6.noarch
DEBUG util.py:463:  perl-MIME-Base64-3.16-4.el9.aarch64
DEBUG util.py:463:  perl-parent-0.238-460.el9.noarch
DEBUG util.py:463:  perl-overload-1.31-481.1.el9_6.noarch
DEBUG util.py:463:  perl-Scalar-List-Utils-1.56-462.el9.aarch64
DEBUG util.py:463:  perl-Storable-3.21-460.el9.aarch64
DEBUG util.py:463:  perl-vars-1.05-481.1.el9_6.noarch
DEBUG util.py:463:  perl-Getopt-Long-2.52-4.el9.noarch
DEBUG util.py:463:  perl-Carp-1.50-460.el9.noarch
DEBUG util.py:463:  perl-Exporter-5.74-461.el9.noarch
DEBUG util.py:463:  perl-PathTools-3.78-461.el9.aarch64
DEBUG util.py:463:  perl-Encode-3.08-462.el9.aarch64
DEBUG util.py:463:  perl-libs-5.32.1-481.1.el9_6.aarch64
DEBUG util.py:463:  perl-interpreter-5.32.1-481.1.el9_6.aarch64
DEBUG util.py:463:  kernel-srpm-macros-1.0-14.el9.noarch
DEBUG util.py:463:  openssl-3.5.5-2.el9_8.aarch64
DEBUG util.py:463:  libpwquality-1.4.4-8.el9.aarch64
DEBUG util.py:463:  pam-1.5.1-28.el9.aarch64
DEBUG util.py:463:  util-linux-2.37.4-25.el9.aarch64
DEBUG util.py:463:  openssh-9.9p1-7.el9_8.alma.1.aarch64
DEBUG util.py:463:  openssh-clients-9.9p1-7.el9_8.alma.1.aarch64
DEBUG util.py:463:  libevent-2.1.12-8.el9_4.aarch64
DEBUG util.py:463:  openldap-2.6.8-4.el9.aarch64
DEBUG util.py:463:  libcurl-7.76.1-40.el9.aarch64
DEBUG util.py:463:  curl-7.76.1-40.el9.aarch64
DEBUG util.py:463:  rpm-libs-4.16.1.3-40.el9.aarch64
DEBUG util.py:463:  rpm-4.16.1.3-40.el9.aarch64
DEBUG util.py:463:  efi-srpm-macros-6-4.el9.noarch
DEBUG util.py:463:  lua-srpm-macros-1-6.el9.noarch
DEBUG util.py:463:  elfutils-default-yama-scope-0.194-1.el9.alma.1.noarch
DEBUG util.py:463:  elfutils-libs-0.194-1.el9.alma.1.aarch64
DEBUG util.py:463:  elfutils-debuginfod-client-0.194-1.el9.alma.1.aarch64
DEBUG util.py:463:  binutils-gold-2.35.2-72.el9.aarch64
DEBUG util.py:463:  binutils-2.35.2-72.el9.aarch64
DEBUG util.py:463:  gdb-minimal-16.3-3.el9.aarch64
DEBUG util.py:463:  elfutils-0.194-1.el9.alma.1.aarch64
DEBUG util.py:463:  debugedit-5.0-11.el9.aarch64
DEBUG util.py:463:  rpm-build-libs-4.16.1.3-40.el9.aarch64
DEBUG util.py:463:  rust-srpm-macros-17-4.el9.noarch
DEBUG util.py:463:  qt5-srpm-macros-5.15.9-1.el9.noarch
DEBUG util.py:463:  perl-srpm-macros-1-41.el9.noarch
DEBUG util.py:463:  openblas-srpm-macros-2-11.el9.noarch
DEBUG util.py:463:  ocaml-srpm-macros-6-6.el9.noarch
DEBUG util.py:463:  llvm-filesystem-21.1.8-2.el9.aarch64
DEBUG util.py:463:  llvm-libs-21.1.8-2.el9.aarch64
DEBUG util.py:463:  kernel-headers-5.14.0-687.5.3.el9_8.aarch64
DEBUG util.py:463:  libxcrypt-devel-4.4.18-3.el9.aarch64
DEBUG util.py:463:  glibc-devel-2.34-270.el9_8.aarch64
DEBUG util.py:463:  gcc-11.5.0-14.el9.alma.1.aarch64
DEBUG util.py:463:  annobin-12.98-2.el9.aarch64
DEBUG util.py:463:  gcc-plugin-annobin-11.5.0-14.el9.alma.1.aarch64
DEBUG util.py:463:  ghc-srpm-macros-1.5.0-6.el9.noarch
DEBUG util.py:463:  fonts-srpm-macros-2.0.5-7.el9.1.noarch
DEBUG util.py:463:  go-srpm-macros-3.8.1-1.el9.noarch
DEBUG util.py:463:  python-srpm-macros-3.9-54.el9.noarch
DEBUG util.py:463:  pyproject-srpm-macros-1.18.5-1.el9.noarch
DEBUG util.py:463:  redhat-rpm-config-210-1.el9.alma.1.noarch
DEBUG util.py:463:  rpm-build-4.16.1.3-40.el9.aarch64
DEBUG util.py:463:  scl-utils-build-2.0.3-4.el9.aarch64
DEBUG util.py:463:  gcc-c++-11.5.0-14.el9.alma.1.aarch64
DEBUG util.py:463:  scl-utils-2.0.3-4.el9.aarch64
DEBUG util.py:463:  git-core-2.52.0-1.el9.aarch64
DEBUG util.py:463:  which-2.21-30.el9_6.aarch64
DEBUG util.py:610:  Child return code was: 0
DEBUG util.py:636:  child environment: None
DEBUG util.py:553:  Using nspawn with args ['--rlimit=RLIMIT_NOFILE=20480', '--capability=cap_ipc_lock', '--bind=/tmp/mock-resolv.0nt31vpe:/etc/resolv.conf', '--bind=/dev/mapper/control', '--bind=/dev/fuse', '--bind=/dev/loop-control', '--bind=/dev/loop0', '--bind=/dev/loop1', '--bind=/dev/loop2', '--bind=/dev/loop3', '--bind=/dev/loop4', '--bind=/dev/loop5', '--bind=/dev/loop6', '--bind=/dev/loop7', '--bind=/dev/loop8', '--bind=/dev/loop9', '--bind=/dev/loop10', '--bind=/dev/loop11']
DEBUG util.py:558:  Executing command: ['/usr/bin/systemd-nspawn', '-q', '-M', 'cd36ff5d33344df3988aa44f7e6f6bd2', '-D', '/var/lib/mock/e72385b4a8f5cd7f125828f2ec3220030c12951ab2166ae122ccae7e96ee833f.0/root', '-a', '--rlimit=RLIMIT_NOFILE=20480', '--capability=cap_ipc_lock', '--bind=/tmp/mock-resolv.0nt31vpe:/etc/resolv.conf', '--bind=/dev/mapper/control', '--bind=/dev/fuse', '--bind=/dev/loop-control', '--bind=/dev/loop0', '--bind=/dev/loop1', '--bind=/dev/loop2', '--bind=/dev/loop3', '--bind=/dev/loop4', '--bind=/dev/loop5', '--bind=/dev/loop6', '--bind=/dev/loop7', '--bind=/dev/loop8', '--bind=/dev/loop9', '--bind=/dev/loop10', '--bind=/dev/loop11', '--console=pipe', '--setenv=TERM=vt100', '--setenv=SHELL=/bin/bash', '--setenv=HOME=/builddir', '--setenv=HOSTNAME=mock', '--setenv=PATH=/usr/bin:/bin:/usr/sbin:/sbin', '--setenv=PROMPT_COMMAND=printf "\\033]0;<mock-chroot>\\007"', '--setenv=PS1=<mock-chroot> \\s-\\v\\$ ', '--setenv=LANG=C.UTF-8', '--resolv-conf=off', '/bin/sh', '-c', 'case $(rpmbuild --help) in *--noclean*) exit 0; esac; exit 1'] with env {'TERM': 'vt100', 'SHELL': '/bin/bash', 'HOME': '/builddir', 'HOSTNAME': 'mock', 'PATH': '/usr/bin:/bin:/usr/sbin:/sbin', 'PROMPT_COMMAND': 'printf "\\033]0;<mock-chroot>\\007"', 'PS1': '<mock-chroot> \\s-\\v\\$ ', 'LANG': 'C.UTF-8', 'SYSTEMD_NSPAWN_TMPFS_TMP': '0', 'SYSTEMD_SECCOMP': '0'} and shell False
DEBUG util.py:610:  Child return code was: 0
DEBUG util.py:636:  child environment: None
DEBUG util.py:553:  Using nspawn with args ['--rlimit=RLIMIT_NOFILE=20480', '--capability=cap_ipc_lock', '--bind=/tmp/mock-resolv.0nt31vpe:/etc/resolv.conf', '--bind=/dev/mapper/control', '--bind=/dev/fuse', '--bind=/dev/loop-control', '--bind=/dev/loop0', '--bind=/dev/loop1', '--bind=/dev/loop2', '--bind=/dev/loop3', '--bind=/dev/loop4', '--bind=/dev/loop5', '--bind=/dev/loop6', '--bind=/dev/loop7', '--bind=/dev/loop8', '--bind=/dev/loop9', '--bind=/dev/loop10', '--bind=/dev/loop11']
DEBUG util.py:558:  Executing command: ['/usr/bin/systemd-nspawn', '-q', '-M', '73a1f860ffc349f8b913f324e4867a8b', '-D', '/var/lib/mock/e72385b4a8f5cd7f125828f2ec3220030c12951ab2166ae122ccae7e96ee833f.0/root', '-a', '-u', 'mockbuild', '--rlimit=RLIMIT_NOFILE=20480', '--capability=cap_ipc_lock', '--bind=/tmp/mock-resolv.0nt31vpe:/etc/resolv.conf', '--bind=/dev/mapper/control', '--bind=/dev/fuse', '--bind=/dev/loop-control', '--bind=/dev/loop0', '--bind=/dev/loop1', '--bind=/dev/loop2', '--bind=/dev/loop3', '--bind=/dev/loop4', '--bind=/dev/loop5', '--bind=/dev/loop6', '--bind=/dev/loop7', '--bind=/dev/loop8', '--bind=/dev/loop9', '--bind=/dev/loop10', '--bind=/dev/loop11', '--console=pipe', '--setenv=TERM=vt100', '--setenv=SHELL=/bin/bash', '--setenv=HOME=/builddir', '--setenv=HOSTNAME=mock', '--setenv=PATH=/usr/bin:/bin:/usr/sbin:/sbin', '--setenv=PROMPT_COMMAND=printf "\\033]0;<mock-chroot>\\007"', '--setenv=PS1=<mock-chroot> \\s-\\v\\$ ', '--setenv=LANG=C.UTF-8', '--resolv-conf=off', 'bash', '--login', '-c', '/usr/bin/rpmbuild -bs --noclean --target aarch64 --nodeps /builddir/build/SPECS/shim-unsigned-aarch64.spec'] with env {'TERM': 'vt100', 'SHELL': '/bin/bash', 'HOME': '/builddir', 'HOSTNAME': 'mock', 'PATH': '/usr/bin:/bin:/usr/sbin:/sbin', 'PROMPT_COMMAND': 'printf "\\033]0;<mock-chroot>\\007"', 'PS1': '<mock-chroot> \\s-\\v\\$ ', 'LANG': 'C.UTF-8', 'SYSTEMD_NSPAWN_TMPFS_TMP': '0', 'SYSTEMD_SECCOMP': '0'} and shell False
DEBUG util.py:463:  Building target platforms: aarch64
DEBUG util.py:463:  Building for target aarch64
DEBUG util.py:463:  setting SOURCE_DATE_EPOCH=1780185600
DEBUG util.py:463:  Wrote: /builddir/build/SRPMS/shim-unsigned-aarch64-16.1-2.el9.alma.2.src.rpm
DEBUG util.py:610:  Child return code was: 0
DEBUG file_util.py:17:  ensuring that dir exists: /var/lib/mock/e72385b4a8f5cd7f125828f2ec3220030c12951ab2166ae122ccae7e96ee833f.0/root/proc
DEBUG util.py:636:  child environment: None
DEBUG util.py:558:  Executing command: ['/bin/mount', '-n', '-t', 'tmpfs', '-o', 'rprivate,mode=0755', 'tmpfs', '/var/lib/mock/e72385b4a8f5cd7f125828f2ec3220030c12951ab2166ae122ccae7e96ee833f.0/root/proc'] with env {'TERM': 'vt100', 'SHELL': '/bin/sh', 'HOME': '/builddir', 'HOSTNAME': 'mock', 'PATH': '/usr/bin:/bin:/usr/sbin:/sbin', 'LANG': 'C.UTF-8'} and shell False
DEBUG util.py:610:  Child return code was: 0
DEBUG file_util.py:17:  ensuring that dir exists: /var/lib/mock/e72385b4a8f5cd7f125828f2ec3220030c12951ab2166ae122ccae7e96ee833f.0/root/proc
DEBUG util.py:636:  child environment: None
DEBUG util.py:558:  Executing command: ['/bin/mount', '-n', '-o', 'rbind', '/proc', '/var/lib/mock/e72385b4a8f5cd7f125828f2ec3220030c12951ab2166ae122ccae7e96ee833f.0/root/proc'] with env {'TERM': 'vt100', 'SHELL': '/bin/sh', 'HOME': '/builddir', 'HOSTNAME': 'mock', 'PATH': '/usr/bin:/bin:/usr/sbin:/sbin', 'LANG': 'C.UTF-8'} and shell False
DEBUG util.py:610:  Child return code was: 0
DEBUG util.py:636:  child environment: None
DEBUG util.py:558:  Executing command: ['/bin/mount', '-n', '-o', 'remount,nodev,noexec,nosuid,readonly,rprivate,rbind', '--target', '/var/lib/mock/e72385b4a8f5cd7f125828f2ec3220030c12951ab2166ae122ccae7e96ee833f.0/root/proc'] with env {'TERM': 'vt100', 'SHELL': '/bin/sh', 'HOME': '/builddir', 'HOSTNAME': 'mock', 'PATH': '/usr/bin:/bin:/usr/sbin:/sbin', 'LANG': 'C.UTF-8'} and shell False
DEBUG util.py:610:  Child return code was: 0
DEBUG file_util.py:17:  ensuring that dir exists: /var/lib/mock/e72385b4a8f5cd7f125828f2ec3220030c12951ab2166ae122ccae7e96ee833f.0/root/sys
DEBUG util.py:636:  child environment: None
DEBUG util.py:558:  Executing command: ['/bin/mount', '-n', '-t', 'tmpfs', '-o', 'rprivate,mode=0755', 'tmpfs', '/var/lib/mock/e72385b4a8f5cd7f125828f2ec3220030c12951ab2166ae122ccae7e96ee833f.0/root/sys'] with env {'TERM': 'vt100', 'SHELL': '/bin/sh', 'HOME': '/builddir', 'HOSTNAME': 'mock', 'PATH': '/usr/bin:/bin:/usr/sbin:/sbin', 'LANG': 'C.UTF-8'} and shell False
DEBUG util.py:610:  Child return code was: 0
DEBUG file_util.py:17:  ensuring that dir exists: /var/lib/mock/e72385b4a8f5cd7f125828f2ec3220030c12951ab2166ae122ccae7e96ee833f.0/root/sys
DEBUG util.py:636:  child environment: None
DEBUG util.py:558:  Executing command: ['/bin/mount', '-n', '-o', 'rbind', '/sys', '/var/lib/mock/e72385b4a8f5cd7f125828f2ec3220030c12951ab2166ae122ccae7e96ee833f.0/root/sys'] with env {'TERM': 'vt100', 'SHELL': '/bin/sh', 'HOME': '/builddir', 'HOSTNAME': 'mock', 'PATH': '/usr/bin:/bin:/usr/sbin:/sbin', 'LANG': 'C.UTF-8'} and shell False
DEBUG util.py:610:  Child return code was: 0
DEBUG util.py:636:  child environment: None
DEBUG util.py:558:  Executing command: ['/bin/mount', '-n', '-o', 'remount,nodev,noexec,nosuid,readonly,rprivate,rbind', '--target', '/var/lib/mock/e72385b4a8f5cd7f125828f2ec3220030c12951ab2166ae122ccae7e96ee833f.0/root/sys'] with env {'TERM': 'vt100', 'SHELL': '/bin/sh', 'HOME': '/builddir', 'HOSTNAME': 'mock', 'PATH': '/usr/bin:/bin:/usr/sbin:/sbin', 'LANG': 'C.UTF-8'} and shell False
DEBUG util.py:610:  Child return code was: 0
DEBUG file_util.py:17:  ensuring that dir exists: /var/lib/mock/e72385b4a8f5cd7f125828f2ec3220030c12951ab2166ae122ccae7e96ee833f.0/root/dev/shm
DEBUG util.py:636:  child environment: None
DEBUG util.py:558:  Executing command: ['/bin/mount', '-n', '-t', 'tmpfs', 'tmpfs', '/var/lib/mock/e72385b4a8f5cd7f125828f2ec3220030c12951ab2166ae122ccae7e96ee833f.0/root/dev/shm'] with env {'TERM': 'vt100', 'SHELL': '/bin/sh', 'HOME': '/builddir', 'HOSTNAME': 'mock', 'PATH': '/usr/bin:/bin:/usr/sbin:/sbin', 'LANG': 'C.UTF-8'} and shell False
DEBUG util.py:610:  Child return code was: 0
DEBUG file_util.py:17:  ensuring that dir exists: /var/lib/mock/e72385b4a8f5cd7f125828f2ec3220030c12951ab2166ae122ccae7e96ee833f.0/root/dev/pts
DEBUG util.py:636:  child environment: None
DEBUG util.py:558:  Executing command: ['/bin/mount', '-n', '-t', 'devpts', '-o', 'gid=5,mode=0620,ptmxmode=0666,newinstance', 'devpts', '/var/lib/mock/e72385b4a8f5cd7f125828f2ec3220030c12951ab2166ae122ccae7e96ee833f.0/root/dev/pts'] with env {'TERM': 'vt100', 'SHELL': '/bin/sh', 'HOME': '/builddir', 'HOSTNAME': 'mock', 'PATH': '/usr/bin:/bin:/usr/sbin:/sbin', 'LANG': 'C.UTF-8'} and shell False
DEBUG util.py:610:  Child return code was: 0
DEBUG util.py:636:  child environment: None
DEBUG util.py:558:  Executing command: ['/bin/mount', '-n', '-o', 'bind', '/tmp/mock-selinux-plugin.ib12mc8z', '/var/lib/mock/e72385b4a8f5cd7f125828f2ec3220030c12951ab2166ae122ccae7e96ee833f.0/root/proc/filesystems'] with env {'TERM': 'vt100', 'SHELL': '/bin/sh', 'HOME': '/builddir', 'HOSTNAME': 'mock', 'PATH': '/usr/bin:/bin:/usr/sbin:/sbin', 'LANG': 'C.UTF-8'} and shell False
DEBUG util.py:610:  Child return code was: 0
DEBUG file_util.py:17:  ensuring that dir exists: /var/lib/mock/e72385b4a8f5cd7f125828f2ec3220030c12951ab2166ae122ccae7e96ee833f.0/root/sys/fs/selinux
DEBUG util.py:636:  child environment: None
DEBUG util.py:558:  Executing command: ['/bin/mount', '-n', '-t', 'tmpfs', 'tmpfs', '/var/lib/mock/e72385b4a8f5cd7f125828f2ec3220030c12951ab2166ae122ccae7e96ee833f.0/root/sys/fs/selinux'] with env {'TERM': 'vt100', 'SHELL': '/bin/sh', 'HOME': '/builddir', 'HOSTNAME': 'mock', 'PATH': '/usr/bin:/bin:/usr/sbin:/sbin', 'LANG': 'C.UTF-8'} and shell False
DEBUG util.py:610:  Child return code was: 0
DEBUG file_util.py:17:  ensuring that dir exists: /var/lib/mock/e72385b4a8f5cd7f125828f2ec3220030c12951ab2166ae122ccae7e96ee833f.0/root/installation-homedir
DEBUG package_manager.py:295:  ['/usr/bin/dnf-3', 'builddep', '--installroot', '/var/lib/mock/e72385b4a8f5cd7f125828f2ec3220030c12951ab2166ae122ccae7e96ee833f.0/root/', '--releasever', '9', '--setopt=deltarpm=False', '--allowerasing', '--setopt=install_weak_deps=False', '--disableplugin=local', '--disableplugin=spacewalk', '--disableplugin=versionlock', '/var/lib/mock/e72385b4a8f5cd7f125828f2ec3220030c12951ab2166ae122ccae7e96ee833f.0/root//builddir/build/SRPMS/shim-unsigned-aarch64-16.1-2.el9.alma.2.src.rpm']
DEBUG util.py:636:  child environment: None
DEBUG util.py:558:  Executing command: ['/usr/bin/dnf-3', 'builddep', '--installroot', '/var/lib/mock/e72385b4a8f5cd7f125828f2ec3220030c12951ab2166ae122ccae7e96ee833f.0/root/', '--releasever', '9', '--setopt=deltarpm=False', '--allowerasing', '--setopt=install_weak_deps=False', '--disableplugin=local', '--disableplugin=spacewalk', '--disableplugin=versionlock', '/var/lib/mock/e72385b4a8f5cd7f125828f2ec3220030c12951ab2166ae122ccae7e96ee833f.0/root//builddir/build/SRPMS/shim-unsigned-aarch64-16.1-2.el9.alma.2.src.rpm', '--setopt=tsflags=nocontexts'] with env {'TERM': 'vt100', 'SHELL': '/bin/bash', 'HOME': '/var/lib/mock/e72385b4a8f5cd7f125828f2ec3220030c12951ab2166ae122ccae7e96ee833f.0/root/installation-homedir', 'HOSTNAME': 'mock', 'PATH': '/usr/bin:/bin:/usr/sbin:/sbin', 'PROMPT_COMMAND': 'printf "\\033]0;<mock-chroot>\\007"', 'PS1': '<mock-chroot> \\s-\\v\\$ ', 'LANG': 'C.UTF-8', 'LC_MESSAGES': 'C.UTF-8'} and shell False
DEBUG util.py:461:  No matches found for the following disable plugin patterns: local, spacewalk, versionlock
DEBUG util.py:463:  Last metadata expiration check: 0:00:01 ago on Sun May 31 11:28:21 2026.
DEBUG util.py:463:  Package findutils-1:4.8.0-7.el9.aarch64 is already installed.
DEBUG util.py:463:  Package gcc-11.5.0-14.el9.alma.1.aarch64 is already installed.
DEBUG util.py:463:  Package make-1:4.3-8.el9.aarch64 is already installed.
DEBUG util.py:463:  Package openssl-1:3.5.5-2.el9_8.aarch64 is already installed.
DEBUG util.py:463:  Dependencies resolved.
DEBUG util.py:463:  =================================================================================================
DEBUG util.py:463:   Package                        Arch     Version                     Repository              Size
DEBUG util.py:463:  =================================================================================================
DEBUG util.py:463:  Installing:
DEBUG util.py:463:   dos2unix                       aarch64  7.4.2-4.el9                 almalinux-9-baseos     234 k
DEBUG util.py:463:   efitools                       aarch64  1.9.2-9.el9                 almalinux-9-devel      150 k
DEBUG util.py:463:   elfutils-libelf-devel          aarch64  0.194-1.el9.alma.1          almalinux-9-appstream   67 k
DEBUG util.py:463:   gcc-toolset-12-binutils        aarch64  2.38-19.el9                 almalinux-9-appstream  5.8 M
DEBUG util.py:463:   gcc-toolset-12-gcc             aarch64  12.2.1-7.7.el9_4            almalinux-9-appstream   36 M
DEBUG util.py:463:   git                            aarch64  2.52.0-1.el9                almalinux-9-appstream   39 k
DEBUG util.py:463:   openssl-devel                  aarch64  1:3.5.5-2.el9_8             almalinux-9-appstream  3.4 M
DEBUG util.py:463:   pesign                         aarch64  115-6.el9_1                 almalinux-9-appstream  169 k
DEBUG util.py:463:  Installing dependencies:
DEBUG util.py:463:   acl                            aarch64  2.3.1-4.el9                 almalinux-9-baseos      69 k
DEBUG util.py:463:   checkpolicy                    aarch64  3.6-1.el9                   almalinux-9-appstream  345 k
DEBUG util.py:463:   crypto-policies-scripts        noarch   20260224-1.gitea0f072.el9_8 almalinux-9-baseos      87 k
DEBUG util.py:463:   dbus                           aarch64  1:1.12.20-8.el9             almalinux-9-baseos     6.7 k
DEBUG util.py:463:   dbus-broker                    aarch64  28-7.el9                    almalinux-9-baseos     165 k
DEBUG util.py:463:   dbus-common                    noarch   1:1.12.20-8.el9             almalinux-9-baseos      14 k
DEBUG util.py:463:   device-mapper                  aarch64  9:1.02.207-4.el9            almalinux-9-baseos     136 k
DEBUG util.py:463:   device-mapper-libs             aarch64  9:1.02.207-4.el9            almalinux-9-baseos     173 k
DEBUG util.py:463:   efivar-libs                    aarch64  38-3.el9                    almalinux-9-baseos     116 k
DEBUG util.py:463:   gcc-toolset-12-binutils-gold   aarch64  2.38-19.el9                 almalinux-9-appstream  911 k
DEBUG util.py:463:   gcc-toolset-12-runtime         aarch64  12.0-6.el9                  almalinux-9-appstream   27 k
DEBUG util.py:463:   git-core-doc                   noarch   2.52.0-1.el9                almalinux-9-appstream  2.8 M
DEBUG util.py:463:   kmod-libs                      aarch64  28-11.el9                   almalinux-9-baseos      61 k
DEBUG util.py:463:   libseccomp                     aarch64  2.5.2-2.el9                 almalinux-9-baseos      71 k
DEBUG util.py:463:   libselinux-utils               aarch64  3.6-3.el9                   almalinux-9-baseos     164 k
DEBUG util.py:463:   libzstd-devel                  aarch64  1.5.5-1.el9                 almalinux-9-appstream   50 k
DEBUG util.py:463:   mtools                         aarch64  4.0.26-5.el9_7              almalinux-9-baseos     207 k
DEBUG util.py:463:   nspr                           aarch64  4.36.0-8.el9_4              almalinux-9-appstream  130 k
DEBUG util.py:463:   nss                            aarch64  3.112.0-8.el9_4             almalinux-9-appstream  698 k
DEBUG util.py:463:   nss-softokn                    aarch64  3.112.0-8.el9_4             almalinux-9-appstream  389 k
DEBUG util.py:463:   nss-softokn-freebl             aarch64  3.112.0-8.el9_4             almalinux-9-appstream  416 k
DEBUG util.py:463:   nss-sysinit                    aarch64  3.112.0-8.el9_4             almalinux-9-appstream   18 k
DEBUG util.py:463:   nss-tools                      aarch64  3.112.0-8.el9_4             almalinux-9-appstream  425 k
DEBUG util.py:463:   nss-util                       aarch64  3.112.0-8.el9_4             almalinux-9-appstream   86 k
DEBUG util.py:463:   parted                         aarch64  3.5-3.el9                   almalinux-9-baseos     573 k
DEBUG util.py:463:   perl-DynaLoader                aarch64  1.47-481.1.el9_6            almalinux-9-appstream   24 k
DEBUG util.py:463:   perl-Error                     noarch   1:0.17029-7.el9             almalinux-9-appstream   41 k
DEBUG util.py:463:   perl-Git                       noarch   2.52.0-1.el9                almalinux-9-appstream   37 k
DEBUG util.py:463:   perl-TermReadKey               aarch64  2.38-11.el9                 almalinux-9-appstream   35 k
DEBUG util.py:463:   perl-lib                       aarch64  0.65-481.1.el9_6            almalinux-9-appstream   13 k
DEBUG util.py:463:   policycoreutils                aarch64  3.6-5.el9                   almalinux-9-baseos     205 k
DEBUG util.py:463:   policycoreutils-python-utils   noarch   3.6-5.el9                   almalinux-9-appstream   69 k
DEBUG util.py:463:   python3                        aarch64  3.9.25-7.el9_8              almalinux-9-baseos      26 k
DEBUG util.py:463:   python3-audit                  aarch64  3.1.5-8.el9                 almalinux-9-appstream   83 k
DEBUG util.py:463:   python3-distro                 noarch   1.5.0-7.el9                 almalinux-9-appstream   36 k
DEBUG util.py:463:   python3-libs                   aarch64  3.9.25-7.el9_8              almalinux-9-baseos     7.5 M
DEBUG util.py:463:   python3-libselinux             aarch64  3.6-3.el9                   almalinux-9-appstream  182 k
DEBUG util.py:463:   python3-libsemanage            aarch64  3.6-5.el9_6                 almalinux-9-appstream   78 k
DEBUG util.py:463:   python3-pip-wheel              noarch   21.3.1-2.el9_8              almalinux-9-baseos     1.1 M
DEBUG util.py:463:   python3-policycoreutils        noarch   3.6-5.el9                   almalinux-9-appstream  2.0 M
DEBUG util.py:463:   python3-setools                aarch64  4.4.4-1.el9                 almalinux-9-baseos     541 k
DEBUG util.py:463:   python3-setuptools             noarch   53.0.0-15.el9               almalinux-9-baseos     831 k
DEBUG util.py:463:   python3-setuptools-wheel       noarch   53.0.0-15.el9               almalinux-9-baseos     467 k
DEBUG util.py:463:   systemd                        aarch64  252-67.el9_8.2.alma.1       almalinux-9-baseos     3.8 M
DEBUG util.py:463:   systemd-pam                    aarch64  252-67.el9_8.2.alma.1       almalinux-9-baseos     254 k
DEBUG util.py:463:   systemd-rpm-macros             noarch   252-67.el9_8.2.alma.1       almalinux-9-baseos      51 k
DEBUG util.py:463:   zlib-devel                     aarch64  1.2.11-40.el9               almalinux-9-appstream   44 k
DEBUG util.py:463:  Transaction Summary
DEBUG util.py:463:  =================================================================================================
DEBUG util.py:463:  Install  55 Packages
DEBUG util.py:463:  Total download size: 72 M
DEBUG util.py:463:  Installed size: 228 M
DEBUG util.py:463:  Downloading Packages:
DEBUG util.py:463:  --------------------------------------------------------------------------------
DEBUG util.py:463:  Total                                            42 MB/s |  72 MB     00:01     
DEBUG util.py:463:  Running transaction check
DEBUG util.py:463:  Transaction check succeeded.
DEBUG util.py:463:  Running transaction test
DEBUG util.py:463:  Transaction test succeeded.
DEBUG util.py:463:  Running transaction
DEBUG util.py:463:  Created symlink /etc/systemd/system/sockets.target.wants/dbus.socket → /usr/lib/systemd/system/dbus.socket.
DEBUG util.py:463:  Created symlink /etc/systemd/user/sockets.target.wants/dbus.socket → /usr/lib/systemd/user/dbus.socket.
DEBUG util.py:463:  Created symlink /etc/systemd/system/dbus.service → /usr/lib/systemd/system/dbus-broker.service.
DEBUG util.py:463:  Created symlink /etc/systemd/user/dbus.service → /usr/lib/systemd/user/dbus-broker.service.
DEBUG util.py:463:  ValueError: SELinux policy is not managed or store cannot be accessed.
DEBUG util.py:463:  Installed:
DEBUG util.py:463:    acl-2.3.1-4.el9.aarch64                                                       
DEBUG util.py:463:    checkpolicy-3.6-1.el9.aarch64                                                 
DEBUG util.py:463:    crypto-policies-scripts-20260224-1.gitea0f072.el9_8.noarch                    
DEBUG util.py:463:    dbus-1:1.12.20-8.el9.aarch64                                                  
DEBUG util.py:463:    dbus-broker-28-7.el9.aarch64                                                  
DEBUG util.py:463:    dbus-common-1:1.12.20-8.el9.noarch                                            
DEBUG util.py:463:    device-mapper-9:1.02.207-4.el9.aarch64                                        
DEBUG util.py:463:    device-mapper-libs-9:1.02.207-4.el9.aarch64                                   
DEBUG util.py:463:    dos2unix-7.4.2-4.el9.aarch64                                                  
DEBUG util.py:463:    efitools-1.9.2-9.el9.aarch64                                                  
DEBUG util.py:463:    efivar-libs-38-3.el9.aarch64                                                  
DEBUG util.py:463:    elfutils-libelf-devel-0.194-1.el9.alma.1.aarch64                              
DEBUG util.py:463:    gcc-toolset-12-binutils-2.38-19.el9.aarch64                                   
DEBUG util.py:463:    gcc-toolset-12-binutils-gold-2.38-19.el9.aarch64                              
DEBUG util.py:463:    gcc-toolset-12-gcc-12.2.1-7.7.el9_4.aarch64                                   
DEBUG util.py:463:    gcc-toolset-12-runtime-12.0-6.el9.aarch64                                     
DEBUG util.py:463:    git-2.52.0-1.el9.aarch64                                                      
DEBUG util.py:463:    git-core-doc-2.52.0-1.el9.noarch                                              
DEBUG util.py:463:    kmod-libs-28-11.el9.aarch64                                                   
DEBUG util.py:463:    libseccomp-2.5.2-2.el9.aarch64                                                
DEBUG util.py:463:    libselinux-utils-3.6-3.el9.aarch64                                            
DEBUG util.py:463:    libzstd-devel-1.5.5-1.el9.aarch64                                             
DEBUG util.py:463:    mtools-4.0.26-5.el9_7.aarch64                                                 
DEBUG util.py:463:    nspr-4.36.0-8.el9_4.aarch64                                                   
DEBUG util.py:463:    nss-3.112.0-8.el9_4.aarch64                                                   
DEBUG util.py:463:    nss-softokn-3.112.0-8.el9_4.aarch64                                           
DEBUG util.py:463:    nss-softokn-freebl-3.112.0-8.el9_4.aarch64                                    
DEBUG util.py:463:    nss-sysinit-3.112.0-8.el9_4.aarch64                                           
DEBUG util.py:463:    nss-tools-3.112.0-8.el9_4.aarch64                                             
DEBUG util.py:463:    nss-util-3.112.0-8.el9_4.aarch64                                              
DEBUG util.py:463:    openssl-devel-1:3.5.5-2.el9_8.aarch64                                         
DEBUG util.py:463:    parted-3.5-3.el9.aarch64                                                      
DEBUG util.py:463:    perl-DynaLoader-1.47-481.1.el9_6.aarch64                                      
DEBUG util.py:463:    perl-Error-1:0.17029-7.el9.noarch                                             
DEBUG util.py:463:    perl-Git-2.52.0-1.el9.noarch                                                  
DEBUG util.py:463:    perl-TermReadKey-2.38-11.el9.aarch64                                          
DEBUG util.py:463:    perl-lib-0.65-481.1.el9_6.aarch64                                             
DEBUG util.py:463:    pesign-115-6.el9_1.aarch64                                                    
DEBUG util.py:463:    policycoreutils-3.6-5.el9.aarch64                                             
DEBUG util.py:463:    policycoreutils-python-utils-3.6-5.el9.noarch                                 
DEBUG util.py:463:    python3-3.9.25-7.el9_8.aarch64                                                
DEBUG util.py:463:    python3-audit-3.1.5-8.el9.aarch64                                             
DEBUG util.py:463:    python3-distro-1.5.0-7.el9.noarch                                             
DEBUG util.py:463:    python3-libs-3.9.25-7.el9_8.aarch64                                           
DEBUG util.py:463:    python3-libselinux-3.6-3.el9.aarch64                                          
DEBUG util.py:463:    python3-libsemanage-3.6-5.el9_6.aarch64                                       
DEBUG util.py:463:    python3-pip-wheel-21.3.1-2.el9_8.noarch                                       
DEBUG util.py:463:    python3-policycoreutils-3.6-5.el9.noarch                                      
DEBUG util.py:463:    python3-setools-4.4.4-1.el9.aarch64                                           
DEBUG util.py:463:    python3-setuptools-53.0.0-15.el9.noarch                                       
DEBUG util.py:463:    python3-setuptools-wheel-53.0.0-15.el9.noarch                                 
DEBUG util.py:463:    systemd-252-67.el9_8.2.alma.1.aarch64                                         
DEBUG util.py:463:    systemd-pam-252-67.el9_8.2.alma.1.aarch64                                     
DEBUG util.py:463:    systemd-rpm-macros-252-67.el9_8.2.alma.1.noarch                               
DEBUG util.py:463:    zlib-devel-1.2.11-40.el9.aarch64                                              
DEBUG util.py:463:  Complete!
DEBUG util.py:610:  Child return code was: 0
DEBUG util.py:185:  kill orphans in chroot /var/lib/mock/e72385b4a8f5cd7f125828f2ec3220030c12951ab2166ae122ccae7e96ee833f.0/root
DEBUG util.py:636:  child environment: None
DEBUG util.py:558:  Executing command: ['/bin/umount', '-n', '-l', '/var/lib/mock/e72385b4a8f5cd7f125828f2ec3220030c12951ab2166ae122ccae7e96ee833f.0/root/sys/fs/selinux'] with env {'TERM': 'vt100', 'SHELL': '/bin/sh', 'HOME': '/builddir', 'HOSTNAME': 'mock', 'PATH': '/usr/bin:/bin:/usr/sbin:/sbin', 'LANG': 'C.UTF-8'} and shell False
DEBUG util.py:610:  Child return code was: 0
DEBUG util.py:636:  child environment: None
DEBUG util.py:558:  Executing command: ['/bin/umount', '-n', '/var/lib/mock/e72385b4a8f5cd7f125828f2ec3220030c12951ab2166ae122ccae7e96ee833f.0/root/proc/filesystems'] with env {'TERM': 'vt100', 'SHELL': '/bin/sh', 'HOME': '/builddir', 'HOSTNAME': 'mock', 'PATH': '/usr/bin:/bin:/usr/sbin:/sbin', 'LANG': 'C.UTF-8'} and shell False
DEBUG util.py:610:  Child return code was: 0
DEBUG util.py:636:  child environment: None
DEBUG util.py:558:  Executing command: ['/bin/umount', '-n', '-l', '/var/lib/mock/e72385b4a8f5cd7f125828f2ec3220030c12951ab2166ae122ccae7e96ee833f.0/root/dev/pts'] with env {'TERM': 'vt100', 'SHELL': '/bin/sh', 'HOME': '/builddir', 'HOSTNAME': 'mock', 'PATH': '/usr/bin:/bin:/usr/sbin:/sbin', 'LANG': 'C.UTF-8'} and shell False
DEBUG util.py:610:  Child return code was: 0
DEBUG util.py:636:  child environment: None
DEBUG util.py:558:  Executing command: ['/bin/umount', '-n', '-l', '/var/lib/mock/e72385b4a8f5cd7f125828f2ec3220030c12951ab2166ae122ccae7e96ee833f.0/root/dev/shm'] with env {'TERM': 'vt100', 'SHELL': '/bin/sh', 'HOME': '/builddir', 'HOSTNAME': 'mock', 'PATH': '/usr/bin:/bin:/usr/sbin:/sbin', 'LANG': 'C.UTF-8'} and shell False
DEBUG util.py:610:  Child return code was: 0
DEBUG util.py:636:  child environment: None
DEBUG util.py:558:  Executing command: ['/bin/umount', '-n', '-l', '/var/lib/mock/e72385b4a8f5cd7f125828f2ec3220030c12951ab2166ae122ccae7e96ee833f.0/root/sys'] with env {'TERM': 'vt100', 'SHELL': '/bin/sh', 'HOME': '/builddir', 'HOSTNAME': 'mock', 'PATH': '/usr/bin:/bin:/usr/sbin:/sbin', 'LANG': 'C.UTF-8'} and shell False
DEBUG util.py:610:  Child return code was: 0
DEBUG util.py:636:  child environment: None
DEBUG util.py:558:  Executing command: ['/bin/umount', '-n', '-l', '/var/lib/mock/e72385b4a8f5cd7f125828f2ec3220030c12951ab2166ae122ccae7e96ee833f.0/root/sys'] with env {'TERM': 'vt100', 'SHELL': '/bin/sh', 'HOME': '/builddir', 'HOSTNAME': 'mock', 'PATH': '/usr/bin:/bin:/usr/sbin:/sbin', 'LANG': 'C.UTF-8'} and shell False
DEBUG util.py:610:  Child return code was: 0
DEBUG util.py:636:  child environment: None
DEBUG util.py:558:  Executing command: ['/bin/umount', '-n', '-l', '/var/lib/mock/e72385b4a8f5cd7f125828f2ec3220030c12951ab2166ae122ccae7e96ee833f.0/root/proc'] with env {'TERM': 'vt100', 'SHELL': '/bin/sh', 'HOME': '/builddir', 'HOSTNAME': 'mock', 'PATH': '/usr/bin:/bin:/usr/sbin:/sbin', 'LANG': 'C.UTF-8'} and shell False
DEBUG util.py:610:  Child return code was: 0
DEBUG util.py:636:  child environment: None
DEBUG util.py:558:  Executing command: ['/bin/umount', '-n', '-l', '/var/lib/mock/e72385b4a8f5cd7f125828f2ec3220030c12951ab2166ae122ccae7e96ee833f.0/root/proc'] with env {'TERM': 'vt100', 'SHELL': '/bin/sh', 'HOME': '/builddir', 'HOSTNAME': 'mock', 'PATH': '/usr/bin:/bin:/usr/sbin:/sbin', 'LANG': 'C.UTF-8'} and shell False
DEBUG util.py:610:  Child return code was: 0
DEBUG util.py:636:  child environment: None
DEBUG util.py:558:  Executing command: ['/bin/rpm', '-qa', '--root', '/var/lib/mock/e72385b4a8f5cd7f125828f2ec3220030c12951ab2166ae122ccae7e96ee833f.0/root'] with env {'TERM': 'vt100', 'SHELL': '/bin/sh', 'HOME': '/builddir', 'HOSTNAME': 'mock', 'PATH': '/usr/bin:/bin:/usr/sbin:/sbin', 'LANG': 'C.UTF-8'} and shell False
DEBUG util.py:463:  vim-filesystem-8.2.2637-26.el9_8.4.noarch
DEBUG util.py:463:  tzdata-2026b-1.el9.noarch
DEBUG util.py:463:  publicsuffix-list-dafsa-20210518-3.el9.noarch
DEBUG util.py:463:  pkgconf-m4-1.7.3-10.el9.noarch
DEBUG util.py:463:  pcre2-syntax-10.40-6.el9.noarch
DEBUG util.py:463:  ncurses-base-6.2-12.20210508.el9.noarch
DEBUG util.py:463:  libssh-config-0.10.4-18.el9.noarch
DEBUG util.py:463:  coreutils-common-8.32-40.el9.aarch64
DEBUG util.py:463:  almalinux-gpg-keys-9.8-1.el9.aarch64
DEBUG util.py:463:  almalinux-release-9.8-1.el9.aarch64
DEBUG util.py:463:  almalinux-repos-9.8-1.el9.aarch64
DEBUG util.py:463:  setup-2.13.7-10.el9.noarch
DEBUG util.py:463:  filesystem-3.16-5.el9.aarch64
DEBUG util.py:463:  basesystem-11-13.el9.noarch
DEBUG util.py:463:  ncurses-libs-6.2-12.20210508.el9.aarch64
DEBUG util.py:463:  bash-5.1.8-9.el9.aarch64
DEBUG util.py:463:  glibc-gconv-extra-2.34-270.el9_8.aarch64
DEBUG util.py:463:  libgcc-11.5.0-14.el9.alma.1.aarch64
DEBUG util.py:463:  glibc-minimal-langpack-2.34-270.el9_8.aarch64
DEBUG util.py:463:  glibc-common-2.34-270.el9_8.aarch64
DEBUG util.py:463:  glibc-2.34-270.el9_8.aarch64
DEBUG util.py:463:  zlib-1.2.11-40.el9.aarch64
DEBUG util.py:463:  libstdc++-11.5.0-14.el9.alma.1.aarch64
DEBUG util.py:463:  libzstd-1.5.5-1.el9.aarch64
DEBUG util.py:463:  xz-libs-5.2.5-8.el9_0.aarch64
DEBUG util.py:463:  bzip2-libs-1.0.8-11.el9.aarch64
DEBUG util.py:463:  gmp-6.2.0-13.el9.aarch64
DEBUG util.py:463:  elfutils-libelf-0.194-1.el9.alma.1.aarch64
DEBUG util.py:463:  libxcrypt-4.4.18-3.el9.aarch64
DEBUG util.py:463:  mpfr-4.1.0-10.el9.aarch64
DEBUG util.py:463:  libuuid-2.37.4-25.el9.aarch64
DEBUG util.py:463:  alternatives-1.24-2.el9.aarch64
DEBUG util.py:463:  libattr-2.5.1-3.el9.aarch64
DEBUG util.py:463:  libacl-2.3.1-4.el9.aarch64
DEBUG util.py:463:  libcap-2.48-10.el9_8.1.aarch64
DEBUG util.py:463:  popt-1.18-8.el9.aarch64
DEBUG util.py:463:  crypto-policies-20260224-1.gitea0f072.el9_8.noarch
DEBUG util.py:463:  libmpc-1.2.1-4.el9.aarch64
DEBUG util.py:463:  libxml2-2.9.13-14.el9_7.aarch64
DEBUG util.py:463:  less-590-6.el9.aarch64
DEBUG util.py:463:  libcom_err-1.46.5-8.el9.aarch64
DEBUG util.py:463:  libffi-3.4.2-8.el9.aarch64
DEBUG util.py:463:  lz4-libs-1.9.3-5.el9.aarch64
DEBUG util.py:463:  readline-8.1-4.el9.aarch64
DEBUG util.py:463:  dwz-0.16-1.el9.aarch64
DEBUG util.py:463:  unzip-6.0-60.el9.aarch64
DEBUG util.py:463:  groff-base-1.22.4-10.el9.aarch64
DEBUG util.py:463:  file-libs-5.39-17.el9.aarch64
DEBUG util.py:463:  file-5.39-17.el9.aarch64
DEBUG util.py:463:  sqlite-libs-3.34.1-10.el9_8.aarch64
DEBUG util.py:463:  gdbm-libs-1.23-1.el9.aarch64
DEBUG util.py:463:  libcap-ng-0.8.2-7.el9.aarch64
DEBUG util.py:463:  audit-libs-3.1.5-8.el9.aarch64
DEBUG util.py:463:  libedit-3.1-39.20210216cvs.el9.aarch64
DEBUG util.py:463:  libgomp-11.5.0-14.el9.alma.1.aarch64
DEBUG util.py:463:  libsepol-3.6-3.el9.aarch64
DEBUG util.py:463:  libsigsegv-2.13-4.el9.aarch64
DEBUG util.py:463:  gawk-5.1.0-6.el9.aarch64
DEBUG util.py:463:  libsmartcols-2.37.4-25.el9.aarch64
DEBUG util.py:463:  libtasn1-4.16.0-9.el9.aarch64
DEBUG util.py:463:  p11-kit-0.26.2-1.el9.aarch64
DEBUG util.py:463:  libunistring-0.9.10-15.el9.aarch64
DEBUG util.py:463:  libidn2-2.3.0-7.el9.aarch64
DEBUG util.py:463:  lua-libs-5.4.4-4.el9.aarch64
DEBUG util.py:463:  pcre2-10.40-6.el9.aarch64
DEBUG util.py:463:  libselinux-3.6-3.el9.aarch64
DEBUG util.py:463:  sed-4.8-10.el9.aarch64
DEBUG util.py:463:  findutils-4.8.0-7.el9.aarch64
DEBUG util.py:463:  libsemanage-3.6-5.el9_6.aarch64
DEBUG util.py:463:  shadow-utils-4.9-16.el9.aarch64
DEBUG util.py:463:  libutempter-1.2.1-6.el9.aarch64
DEBUG util.py:463:  tar-1.34-11.el9.aarch64
DEBUG util.py:463:  libpsl-0.21.1-5.el9.aarch64
DEBUG util.py:463:  p11-kit-trust-0.26.2-1.el9.aarch64
DEBUG util.py:463:  zip-3.0-35.el9.aarch64
DEBUG util.py:463:  zstd-1.5.5-1.el9.aarch64
DEBUG util.py:463:  xml-common-0.6.3-58.el9.noarch
DEBUG util.py:463:  iso-codes-4.6.0-3.el9.noarch
DEBUG util.py:463:  cpp-11.5.0-14.el9.alma.1.aarch64
DEBUG util.py:463:  bzip2-1.0.8-11.el9.aarch64
DEBUG util.py:463:  libasan-11.5.0-14.el9.alma.1.aarch64
DEBUG util.py:463:  libstdc++-devel-11.5.0-14.el9.alma.1.aarch64
DEBUG util.py:463:  libubsan-11.5.0-14.el9.alma.1.aarch64
DEBUG util.py:463:  info-6.7-15.el9.aarch64
DEBUG util.py:463:  ed-1.14.2-12.el9.aarch64
DEBUG util.py:463:  patch-2.7.6-16.el9.aarch64
DEBUG util.py:463:  tcl-8.6.10-7.el9.aarch64
DEBUG util.py:463:  cpio-2.13-16.el9.aarch64
DEBUG util.py:463:  diffutils-3.7-12.el9.aarch64
DEBUG util.py:463:  expat-2.5.0-6.el9.aarch64
DEBUG util.py:463:  json-c-0.14-11.el9.aarch64
DEBUG util.py:463:  keyutils-libs-1.6.3-1.el9.aarch64
DEBUG util.py:463:  libatomic-11.5.0-14.el9.alma.1.aarch64
DEBUG util.py:463:  libbrotli-1.0.9-9.el9_7.aarch64
DEBUG util.py:463:  libcbor-0.7.0-5.el9.aarch64
DEBUG util.py:463:  libdb-5.3.28-57.el9_6.aarch64
DEBUG util.py:463:  libeconf-0.4.1-5.el9.aarch64
DEBUG util.py:463:  libgpg-error-1.42-5.el9.aarch64
DEBUG util.py:463:  libgcrypt-1.10.0-11.el9.aarch64
DEBUG util.py:463:  libnghttp2-1.43.0-6.el9_8.1.aarch64
DEBUG util.py:463:  libpipeline-1.5.3-4.el9.aarch64
DEBUG util.py:463:  libpkgconf-1.7.3-10.el9.aarch64
DEBUG util.py:463:  pkgconf-1.7.3-10.el9.aarch64
DEBUG util.py:463:  pkgconf-pkg-config-1.7.3-10.el9.aarch64
DEBUG util.py:463:  libtool-ltdl-2.4.6-46.el9.aarch64
DEBUG util.py:463:  libverto-0.3.2-3.el9.aarch64
DEBUG util.py:463:  make-4.3-8.el9.aarch64
DEBUG util.py:463:  ncurses-6.2-12.20210508.el9.aarch64
DEBUG util.py:463:  pcre-8.44-4.el9.aarch64
DEBUG util.py:463:  grep-3.6-5.el9.aarch64
DEBUG util.py:463:  openssl-fips-provider-3.5.5-2.el9_8.aarch64
DEBUG util.py:463:  openssl-libs-3.5.5-2.el9_8.aarch64
DEBUG util.py:463:  coreutils-8.32-40.el9.aarch64
DEBUG util.py:463:  ca-certificates-2025.2.80_v9.0.305-91.el9.noarch
DEBUG util.py:463:  krb5-libs-1.21.1-10.el9_8.aarch64
DEBUG util.py:463:  libblkid-2.37.4-25.el9.aarch64
DEBUG util.py:463:  systemd-libs-252-67.el9_8.2.alma.1.aarch64
DEBUG util.py:463:  gzip-1.12-1.el9.aarch64
DEBUG util.py:463:  cracklib-2.9.6-28.el9.aarch64
DEBUG util.py:463:  libmount-2.37.4-25.el9.aarch64
DEBUG util.py:463:  libarchive-3.5.3-9.el9_7.aarch64
DEBUG util.py:463:  xz-5.2.5-8.el9_0.aarch64
DEBUG util.py:463:  util-linux-core-2.37.4-25.el9.aarch64
DEBUG util.py:463:  cracklib-dicts-2.9.6-28.el9.aarch64
DEBUG util.py:463:  man-db-2.9.3-9.el9.aarch64
DEBUG util.py:463:  libfido2-1.13.0-2.el9.aarch64
DEBUG util.py:463:  procps-ng-3.3.17-14.el9.aarch64
DEBUG util.py:463:  environment-modules-5.3.0-2.el9.aarch64
DEBUG util.py:463:  libfdisk-2.37.4-25.el9.aarch64
DEBUG util.py:463:  cyrus-sasl-lib-2.1.27-22.el9.aarch64
DEBUG util.py:463:  libssh-0.10.4-18.el9.aarch64
DEBUG util.py:463:  perl-Digest-1.19-4.el9.noarch
DEBUG util.py:463:  perl-Digest-MD5-2.58-4.el9.aarch64
DEBUG util.py:463:  perl-B-1.80-481.1.el9_6.aarch64
DEBUG util.py:463:  perl-FileHandle-2.03-481.1.el9_6.noarch
DEBUG util.py:463:  perl-Data-Dumper-2.174-462.el9.aarch64
DEBUG util.py:463:  perl-libnet-3.13-4.el9.noarch
DEBUG util.py:463:  perl-base-2.27-481.1.el9_6.noarch
DEBUG util.py:463:  perl-URI-5.09-3.el9.noarch
DEBUG util.py:463:  perl-AutoLoader-5.74-481.1.el9_6.noarch
DEBUG util.py:463:  perl-if-0.60.800-481.1.el9_6.noarch
DEBUG util.py:463:  perl-Mozilla-CA-20200520-6.el9.noarch
DEBUG util.py:463:  perl-IO-Socket-IP-0.41-5.el9.noarch
DEBUG util.py:463:  perl-Time-Local-1.300-7.el9.noarch
DEBUG util.py:463:  perl-File-Path-2.18-4.el9.noarch
DEBUG util.py:463:  perl-Pod-Escapes-1.07-460.el9.noarch
DEBUG util.py:463:  perl-Text-Tabs+Wrap-2013.0523-460.el9.noarch
DEBUG util.py:463:  perl-IO-Socket-SSL-2.073-2.el9.noarch
DEBUG util.py:463:  perl-Net-SSLeay-1.94-3.el9.aarch64
DEBUG util.py:463:  perl-Class-Struct-0.66-481.1.el9_6.noarch
DEBUG util.py:463:  perl-POSIX-1.94-481.1.el9_6.aarch64
DEBUG util.py:463:  perl-subs-1.03-481.1.el9_6.noarch
DEBUG util.py:463:  perl-IPC-Open3-1.21-481.1.el9_6.noarch
DEBUG util.py:463:  perl-Term-ANSIColor-5.01-461.el9.noarch
DEBUG util.py:463:  perl-File-Temp-0.231.100-4.el9.noarch
DEBUG util.py:463:  perl-Term-Cap-1.17-460.el9.noarch
DEBUG util.py:463:  perl-Pod-Simple-3.42-4.el9.noarch
DEBUG util.py:463:  perl-HTTP-Tiny-0.076-462.el9.noarch
DEBUG util.py:463:  perl-Socket-2.031-4.el9.aarch64
DEBUG util.py:463:  perl-File-stat-1.09-481.1.el9_6.noarch
DEBUG util.py:463:  perl-SelectSaver-1.02-481.1.el9_6.noarch
DEBUG util.py:463:  perl-Symbol-1.08-481.1.el9_6.noarch
DEBUG util.py:463:  perl-podlators-4.14-460.el9.noarch
DEBUG util.py:463:  perl-Pod-Perldoc-3.28.01-461.el9.noarch
DEBUG util.py:463:  perl-Fcntl-1.13-481.1.el9_6.aarch64
DEBUG util.py:463:  perl-mro-1.23-481.1.el9_6.aarch64
DEBUG util.py:463:  perl-overloading-0.02-481.1.el9_6.noarch
DEBUG util.py:463:  perl-IO-1.43-481.1.el9_6.aarch64
DEBUG util.py:463:  perl-Text-ParseWords-3.30-460.el9.noarch
DEBUG util.py:463:  perl-Pod-Usage-2.01-4.el9.noarch
DEBUG util.py:463:  perl-constant-1.33-461.el9.noarch
DEBUG util.py:463:  perl-Errno-1.30-481.1.el9_6.aarch64
DEBUG util.py:463:  perl-File-Basename-2.85-481.1.el9_6.noarch
DEBUG util.py:463:  perl-Getopt-Std-1.12-481.1.el9_6.noarch
DEBUG util.py:463:  perl-MIME-Base64-3.16-4.el9.aarch64
DEBUG util.py:463:  perl-parent-0.238-460.el9.noarch
DEBUG util.py:463:  perl-overload-1.31-481.1.el9_6.noarch
DEBUG util.py:463:  perl-Scalar-List-Utils-1.56-462.el9.aarch64
DEBUG util.py:463:  perl-Storable-3.21-460.el9.aarch64
DEBUG util.py:463:  perl-vars-1.05-481.1.el9_6.noarch
DEBUG util.py:463:  perl-Getopt-Long-2.52-4.el9.noarch
DEBUG util.py:463:  perl-Carp-1.50-460.el9.noarch
DEBUG util.py:463:  perl-Exporter-5.74-461.el9.noarch
DEBUG util.py:463:  perl-PathTools-3.78-461.el9.aarch64
DEBUG util.py:463:  perl-Encode-3.08-462.el9.aarch64
DEBUG util.py:463:  perl-libs-5.32.1-481.1.el9_6.aarch64
DEBUG util.py:463:  perl-interpreter-5.32.1-481.1.el9_6.aarch64
DEBUG util.py:463:  kernel-srpm-macros-1.0-14.el9.noarch
DEBUG util.py:463:  openssl-3.5.5-2.el9_8.aarch64
DEBUG util.py:463:  libpwquality-1.4.4-8.el9.aarch64
DEBUG util.py:463:  pam-1.5.1-28.el9.aarch64
DEBUG util.py:463:  util-linux-2.37.4-25.el9.aarch64
DEBUG util.py:463:  openssh-9.9p1-7.el9_8.alma.1.aarch64
DEBUG util.py:463:  openssh-clients-9.9p1-7.el9_8.alma.1.aarch64
DEBUG util.py:463:  libevent-2.1.12-8.el9_4.aarch64
DEBUG util.py:463:  openldap-2.6.8-4.el9.aarch64
DEBUG util.py:463:  libcurl-7.76.1-40.el9.aarch64
DEBUG util.py:463:  curl-7.76.1-40.el9.aarch64
DEBUG util.py:463:  rpm-libs-4.16.1.3-40.el9.aarch64
DEBUG util.py:463:  rpm-4.16.1.3-40.el9.aarch64
DEBUG util.py:463:  efi-srpm-macros-6-4.el9.noarch
DEBUG util.py:463:  lua-srpm-macros-1-6.el9.noarch
DEBUG util.py:463:  elfutils-default-yama-scope-0.194-1.el9.alma.1.noarch
DEBUG util.py:463:  elfutils-libs-0.194-1.el9.alma.1.aarch64
DEBUG util.py:463:  elfutils-debuginfod-client-0.194-1.el9.alma.1.aarch64
DEBUG util.py:463:  binutils-gold-2.35.2-72.el9.aarch64
DEBUG util.py:463:  binutils-2.35.2-72.el9.aarch64
DEBUG util.py:463:  gdb-minimal-16.3-3.el9.aarch64
DEBUG util.py:463:  elfutils-0.194-1.el9.alma.1.aarch64
DEBUG util.py:463:  debugedit-5.0-11.el9.aarch64
DEBUG util.py:463:  rpm-build-libs-4.16.1.3-40.el9.aarch64
DEBUG util.py:463:  rust-srpm-macros-17-4.el9.noarch
DEBUG util.py:463:  qt5-srpm-macros-5.15.9-1.el9.noarch
DEBUG util.py:463:  perl-srpm-macros-1-41.el9.noarch
DEBUG util.py:463:  openblas-srpm-macros-2-11.el9.noarch
DEBUG util.py:463:  ocaml-srpm-macros-6-6.el9.noarch
DEBUG util.py:463:  llvm-filesystem-21.1.8-2.el9.aarch64
DEBUG util.py:463:  llvm-libs-21.1.8-2.el9.aarch64
DEBUG util.py:463:  kernel-headers-5.14.0-687.5.3.el9_8.aarch64
DEBUG util.py:463:  libxcrypt-devel-4.4.18-3.el9.aarch64
DEBUG util.py:463:  glibc-devel-2.34-270.el9_8.aarch64
DEBUG util.py:463:  gcc-11.5.0-14.el9.alma.1.aarch64
DEBUG util.py:463:  annobin-12.98-2.el9.aarch64
DEBUG util.py:463:  gcc-plugin-annobin-11.5.0-14.el9.alma.1.aarch64
DEBUG util.py:463:  ghc-srpm-macros-1.5.0-6.el9.noarch
DEBUG util.py:463:  fonts-srpm-macros-2.0.5-7.el9.1.noarch
DEBUG util.py:463:  go-srpm-macros-3.8.1-1.el9.noarch
DEBUG util.py:463:  python-srpm-macros-3.9-54.el9.noarch
DEBUG util.py:463:  pyproject-srpm-macros-1.18.5-1.el9.noarch
DEBUG util.py:463:  redhat-rpm-config-210-1.el9.alma.1.noarch
DEBUG util.py:463:  rpm-build-4.16.1.3-40.el9.aarch64
DEBUG util.py:463:  scl-utils-build-2.0.3-4.el9.aarch64
DEBUG util.py:463:  gcc-c++-11.5.0-14.el9.alma.1.aarch64
DEBUG util.py:463:  scl-utils-2.0.3-4.el9.aarch64
DEBUG util.py:463:  git-core-2.52.0-1.el9.aarch64
DEBUG util.py:463:  which-2.21-30.el9_6.aarch64
DEBUG util.py:463:  nspr-4.36.0-8.el9_4.aarch64
DEBUG util.py:463:  nss-util-3.112.0-8.el9_4.aarch64
DEBUG util.py:463:  nss-softokn-freebl-3.112.0-8.el9_4.aarch64
DEBUG util.py:463:  nss-softokn-3.112.0-8.el9_4.aarch64
DEBUG util.py:463:  systemd-rpm-macros-252-67.el9_8.2.alma.1.noarch
DEBUG util.py:463:  python3-setuptools-wheel-53.0.0-15.el9.noarch
DEBUG util.py:463:  python3-pip-wheel-21.3.1-2.el9_8.noarch
DEBUG util.py:463:  python3-libs-3.9.25-7.el9_8.aarch64
DEBUG util.py:463:  python3-3.9.25-7.el9_8.aarch64
DEBUG util.py:463:  python3-libselinux-3.6-3.el9.aarch64
DEBUG util.py:463:  python3-setuptools-53.0.0-15.el9.noarch
DEBUG util.py:463:  python3-distro-1.5.0-7.el9.noarch
DEBUG util.py:463:  python3-setools-4.4.4-1.el9.aarch64
DEBUG util.py:463:  python3-libsemanage-3.6-5.el9_6.aarch64
DEBUG util.py:463:  python3-audit-3.1.5-8.el9.aarch64
DEBUG util.py:463:  crypto-policies-scripts-20260224-1.gitea0f072.el9_8.noarch
DEBUG util.py:463:  nss-3.112.0-8.el9_4.aarch64
DEBUG util.py:463:  nss-sysinit-3.112.0-8.el9_4.aarch64
DEBUG util.py:463:  nss-tools-3.112.0-8.el9_4.aarch64
DEBUG util.py:463:  mtools-4.0.26-5.el9_7.aarch64
DEBUG util.py:463:  libselinux-utils-3.6-3.el9.aarch64
DEBUG util.py:463:  policycoreutils-3.6-5.el9.aarch64
DEBUG util.py:463:  libseccomp-2.5.2-2.el9.aarch64
DEBUG util.py:463:  kmod-libs-28-11.el9.aarch64
DEBUG util.py:463:  efivar-libs-38-3.el9.aarch64
DEBUG util.py:463:  acl-2.3.1-4.el9.aarch64
DEBUG util.py:463:  dbus-1.12.20-8.el9.aarch64
DEBUG util.py:463:  systemd-pam-252-67.el9_8.2.alma.1.aarch64
DEBUG util.py:463:  systemd-252-67.el9_8.2.alma.1.aarch64
DEBUG util.py:463:  dbus-common-1.12.20-8.el9.noarch
DEBUG util.py:463:  dbus-broker-28-7.el9.aarch64
DEBUG util.py:463:  device-mapper-libs-1.02.207-4.el9.aarch64
DEBUG util.py:463:  device-mapper-1.02.207-4.el9.aarch64
DEBUG util.py:463:  parted-3.5-3.el9.aarch64
DEBUG util.py:463:  zlib-devel-1.2.11-40.el9.aarch64
DEBUG util.py:463:  perl-lib-0.65-481.1.el9_6.aarch64
DEBUG util.py:463:  perl-Error-0.17029-7.el9.noarch
DEBUG util.py:463:  perl-DynaLoader-1.47-481.1.el9_6.aarch64
DEBUG util.py:463:  perl-TermReadKey-2.38-11.el9.aarch64
DEBUG util.py:463:  libzstd-devel-1.5.5-1.el9.aarch64
DEBUG util.py:463:  git-core-doc-2.52.0-1.el9.noarch
DEBUG util.py:463:  perl-Git-2.52.0-1.el9.noarch
DEBUG util.py:463:  git-2.52.0-1.el9.aarch64
DEBUG util.py:463:  checkpolicy-3.6-1.el9.aarch64
DEBUG util.py:463:  python3-policycoreutils-3.6-5.el9.noarch
DEBUG util.py:463:  policycoreutils-python-utils-3.6-5.el9.noarch
DEBUG util.py:463:  gcc-toolset-12-runtime-12.0-6.el9.aarch64
DEBUG util.py:463:  gcc-toolset-12-binutils-2.38-19.el9.aarch64
DEBUG util.py:463:  gcc-toolset-12-binutils-gold-2.38-19.el9.aarch64
DEBUG util.py:463:  gcc-toolset-12-gcc-12.2.1-7.7.el9_4.aarch64
DEBUG util.py:463:  elfutils-libelf-devel-0.194-1.el9.alma.1.aarch64
DEBUG util.py:463:  efitools-1.9.2-9.el9.aarch64
DEBUG util.py:463:  pesign-115-6.el9_1.aarch64
DEBUG util.py:463:  dos2unix-7.4.2-4.el9.aarch64
DEBUG util.py:463:  openssl-devel-3.5.5-2.el9_8.aarch64
DEBUG util.py:610:  Child return code was: 0
DEBUG util.py:636:  child environment: None
DEBUG util.py:558:  Executing command: ['/bin/rpm', '-qa', '--root', '/var/lib/mock/e72385b4a8f5cd7f125828f2ec3220030c12951ab2166ae122ccae7e96ee833f.0/root'] with env {'TERM': 'vt100', 'SHELL': '/bin/sh', 'HOME': '/builddir', 'HOSTNAME': 'mock', 'PATH': '/usr/bin:/bin:/usr/sbin:/sbin', 'LANG': 'C.UTF-8'} and shell False
DEBUG util.py:463:  vim-filesystem-8.2.2637-26.el9_8.4.noarch
DEBUG util.py:463:  tzdata-2026b-1.el9.noarch
DEBUG util.py:463:  publicsuffix-list-dafsa-20210518-3.el9.noarch
DEBUG util.py:463:  pkgconf-m4-1.7.3-10.el9.noarch
DEBUG util.py:463:  pcre2-syntax-10.40-6.el9.noarch
DEBUG util.py:463:  ncurses-base-6.2-12.20210508.el9.noarch
DEBUG util.py:463:  libssh-config-0.10.4-18.el9.noarch
DEBUG util.py:463:  coreutils-common-8.32-40.el9.aarch64
DEBUG util.py:463:  almalinux-gpg-keys-9.8-1.el9.aarch64
DEBUG util.py:463:  almalinux-release-9.8-1.el9.aarch64
DEBUG util.py:463:  almalinux-repos-9.8-1.el9.aarch64
DEBUG util.py:463:  setup-2.13.7-10.el9.noarch
DEBUG util.py:463:  filesystem-3.16-5.el9.aarch64
DEBUG util.py:463:  basesystem-11-13.el9.noarch
DEBUG util.py:463:  ncurses-libs-6.2-12.20210508.el9.aarch64
DEBUG util.py:463:  bash-5.1.8-9.el9.aarch64
DEBUG util.py:463:  glibc-gconv-extra-2.34-270.el9_8.aarch64
DEBUG util.py:463:  libgcc-11.5.0-14.el9.alma.1.aarch64
DEBUG util.py:463:  glibc-minimal-langpack-2.34-270.el9_8.aarch64
DEBUG util.py:463:  glibc-common-2.34-270.el9_8.aarch64
DEBUG util.py:463:  glibc-2.34-270.el9_8.aarch64
DEBUG util.py:463:  zlib-1.2.11-40.el9.aarch64
DEBUG util.py:463:  libstdc++-11.5.0-14.el9.alma.1.aarch64
DEBUG util.py:463:  libzstd-1.5.5-1.el9.aarch64
DEBUG util.py:463:  xz-libs-5.2.5-8.el9_0.aarch64
DEBUG util.py:463:  bzip2-libs-1.0.8-11.el9.aarch64
DEBUG util.py:463:  gmp-6.2.0-13.el9.aarch64
DEBUG util.py:463:  elfutils-libelf-0.194-1.el9.alma.1.aarch64
DEBUG util.py:463:  libxcrypt-4.4.18-3.el9.aarch64
DEBUG util.py:463:  mpfr-4.1.0-10.el9.aarch64
DEBUG util.py:463:  libuuid-2.37.4-25.el9.aarch64
DEBUG util.py:463:  alternatives-1.24-2.el9.aarch64
DEBUG util.py:463:  libattr-2.5.1-3.el9.aarch64
DEBUG util.py:463:  libacl-2.3.1-4.el9.aarch64
DEBUG util.py:463:  libcap-2.48-10.el9_8.1.aarch64
DEBUG util.py:463:  popt-1.18-8.el9.aarch64
DEBUG util.py:463:  crypto-policies-20260224-1.gitea0f072.el9_8.noarch
DEBUG util.py:463:  libmpc-1.2.1-4.el9.aarch64
DEBUG util.py:463:  libxml2-2.9.13-14.el9_7.aarch64
DEBUG util.py:463:  less-590-6.el9.aarch64
DEBUG util.py:463:  libcom_err-1.46.5-8.el9.aarch64
DEBUG util.py:463:  libffi-3.4.2-8.el9.aarch64
DEBUG util.py:463:  lz4-libs-1.9.3-5.el9.aarch64
DEBUG util.py:463:  readline-8.1-4.el9.aarch64
DEBUG util.py:463:  dwz-0.16-1.el9.aarch64
DEBUG util.py:463:  unzip-6.0-60.el9.aarch64
DEBUG util.py:463:  groff-base-1.22.4-10.el9.aarch64
DEBUG util.py:463:  file-libs-5.39-17.el9.aarch64
DEBUG util.py:463:  file-5.39-17.el9.aarch64
DEBUG util.py:463:  sqlite-libs-3.34.1-10.el9_8.aarch64
DEBUG util.py:463:  gdbm-libs-1.23-1.el9.aarch64
DEBUG util.py:463:  libcap-ng-0.8.2-7.el9.aarch64
DEBUG util.py:463:  audit-libs-3.1.5-8.el9.aarch64
DEBUG util.py:463:  libedit-3.1-39.20210216cvs.el9.aarch64
DEBUG util.py:463:  libgomp-11.5.0-14.el9.alma.1.aarch64
DEBUG util.py:463:  libsepol-3.6-3.el9.aarch64
DEBUG util.py:463:  libsigsegv-2.13-4.el9.aarch64
DEBUG util.py:463:  gawk-5.1.0-6.el9.aarch64
DEBUG util.py:463:  libsmartcols-2.37.4-25.el9.aarch64
DEBUG util.py:463:  libtasn1-4.16.0-9.el9.aarch64
DEBUG util.py:463:  p11-kit-0.26.2-1.el9.aarch64
DEBUG util.py:463:  libunistring-0.9.10-15.el9.aarch64
DEBUG util.py:463:  libidn2-2.3.0-7.el9.aarch64
DEBUG util.py:463:  lua-libs-5.4.4-4.el9.aarch64
DEBUG util.py:463:  pcre2-10.40-6.el9.aarch64
DEBUG util.py:463:  libselinux-3.6-3.el9.aarch64
DEBUG util.py:463:  sed-4.8-10.el9.aarch64
DEBUG util.py:463:  findutils-4.8.0-7.el9.aarch64
DEBUG util.py:463:  libsemanage-3.6-5.el9_6.aarch64
DEBUG util.py:463:  shadow-utils-4.9-16.el9.aarch64
DEBUG util.py:463:  libutempter-1.2.1-6.el9.aarch64
DEBUG util.py:463:  tar-1.34-11.el9.aarch64
DEBUG util.py:463:  libpsl-0.21.1-5.el9.aarch64
DEBUG util.py:463:  p11-kit-trust-0.26.2-1.el9.aarch64
DEBUG util.py:463:  zip-3.0-35.el9.aarch64
DEBUG util.py:463:  zstd-1.5.5-1.el9.aarch64
DEBUG util.py:463:  xml-common-0.6.3-58.el9.noarch
DEBUG util.py:463:  iso-codes-4.6.0-3.el9.noarch
DEBUG util.py:463:  cpp-11.5.0-14.el9.alma.1.aarch64
DEBUG util.py:463:  bzip2-1.0.8-11.el9.aarch64
DEBUG util.py:463:  libasan-11.5.0-14.el9.alma.1.aarch64
DEBUG util.py:463:  libstdc++-devel-11.5.0-14.el9.alma.1.aarch64
DEBUG util.py:463:  libubsan-11.5.0-14.el9.alma.1.aarch64
DEBUG util.py:463:  info-6.7-15.el9.aarch64
DEBUG util.py:463:  ed-1.14.2-12.el9.aarch64
DEBUG util.py:463:  patch-2.7.6-16.el9.aarch64
DEBUG util.py:463:  tcl-8.6.10-7.el9.aarch64
DEBUG util.py:463:  cpio-2.13-16.el9.aarch64
DEBUG util.py:463:  diffutils-3.7-12.el9.aarch64
DEBUG util.py:463:  expat-2.5.0-6.el9.aarch64
DEBUG util.py:463:  json-c-0.14-11.el9.aarch64
DEBUG util.py:463:  keyutils-libs-1.6.3-1.el9.aarch64
DEBUG util.py:463:  libatomic-11.5.0-14.el9.alma.1.aarch64
DEBUG util.py:463:  libbrotli-1.0.9-9.el9_7.aarch64
DEBUG util.py:463:  libcbor-0.7.0-5.el9.aarch64
DEBUG util.py:463:  libdb-5.3.28-57.el9_6.aarch64
DEBUG util.py:463:  libeconf-0.4.1-5.el9.aarch64
DEBUG util.py:463:  libgpg-error-1.42-5.el9.aarch64
DEBUG util.py:463:  libgcrypt-1.10.0-11.el9.aarch64
DEBUG util.py:463:  libnghttp2-1.43.0-6.el9_8.1.aarch64
DEBUG util.py:463:  libpipeline-1.5.3-4.el9.aarch64
DEBUG util.py:463:  libpkgconf-1.7.3-10.el9.aarch64
DEBUG util.py:463:  pkgconf-1.7.3-10.el9.aarch64
DEBUG util.py:463:  pkgconf-pkg-config-1.7.3-10.el9.aarch64
DEBUG util.py:463:  libtool-ltdl-2.4.6-46.el9.aarch64
DEBUG util.py:463:  libverto-0.3.2-3.el9.aarch64
DEBUG util.py:463:  make-4.3-8.el9.aarch64
DEBUG util.py:463:  ncurses-6.2-12.20210508.el9.aarch64
DEBUG util.py:463:  pcre-8.44-4.el9.aarch64
DEBUG util.py:463:  grep-3.6-5.el9.aarch64
DEBUG util.py:463:  openssl-fips-provider-3.5.5-2.el9_8.aarch64
DEBUG util.py:463:  openssl-libs-3.5.5-2.el9_8.aarch64
DEBUG util.py:463:  coreutils-8.32-40.el9.aarch64
DEBUG util.py:463:  ca-certificates-2025.2.80_v9.0.305-91.el9.noarch
DEBUG util.py:463:  krb5-libs-1.21.1-10.el9_8.aarch64
DEBUG util.py:463:  libblkid-2.37.4-25.el9.aarch64
DEBUG util.py:463:  systemd-libs-252-67.el9_8.2.alma.1.aarch64
DEBUG util.py:463:  gzip-1.12-1.el9.aarch64
DEBUG util.py:463:  cracklib-2.9.6-28.el9.aarch64
DEBUG util.py:463:  libmount-2.37.4-25.el9.aarch64
DEBUG util.py:463:  libarchive-3.5.3-9.el9_7.aarch64
DEBUG util.py:463:  xz-5.2.5-8.el9_0.aarch64
DEBUG util.py:463:  util-linux-core-2.37.4-25.el9.aarch64
DEBUG util.py:463:  cracklib-dicts-2.9.6-28.el9.aarch64
DEBUG util.py:463:  man-db-2.9.3-9.el9.aarch64
DEBUG util.py:463:  libfido2-1.13.0-2.el9.aarch64
DEBUG util.py:463:  procps-ng-3.3.17-14.el9.aarch64
DEBUG util.py:463:  environment-modules-5.3.0-2.el9.aarch64
DEBUG util.py:463:  libfdisk-2.37.4-25.el9.aarch64
DEBUG util.py:463:  cyrus-sasl-lib-2.1.27-22.el9.aarch64
DEBUG util.py:463:  libssh-0.10.4-18.el9.aarch64
DEBUG util.py:463:  perl-Digest-1.19-4.el9.noarch
DEBUG util.py:463:  perl-Digest-MD5-2.58-4.el9.aarch64
DEBUG util.py:463:  perl-B-1.80-481.1.el9_6.aarch64
DEBUG util.py:463:  perl-FileHandle-2.03-481.1.el9_6.noarch
DEBUG util.py:463:  perl-Data-Dumper-2.174-462.el9.aarch64
DEBUG util.py:463:  perl-libnet-3.13-4.el9.noarch
DEBUG util.py:463:  perl-base-2.27-481.1.el9_6.noarch
DEBUG util.py:463:  perl-URI-5.09-3.el9.noarch
DEBUG util.py:463:  perl-AutoLoader-5.74-481.1.el9_6.noarch
DEBUG util.py:463:  perl-if-0.60.800-481.1.el9_6.noarch
DEBUG util.py:463:  perl-Mozilla-CA-20200520-6.el9.noarch
DEBUG util.py:463:  perl-IO-Socket-IP-0.41-5.el9.noarch
DEBUG util.py:463:  perl-Time-Local-1.300-7.el9.noarch
DEBUG util.py:463:  perl-File-Path-2.18-4.el9.noarch
DEBUG util.py:463:  perl-Pod-Escapes-1.07-460.el9.noarch
DEBUG util.py:463:  perl-Text-Tabs+Wrap-2013.0523-460.el9.noarch
DEBUG util.py:463:  perl-IO-Socket-SSL-2.073-2.el9.noarch
DEBUG util.py:463:  perl-Net-SSLeay-1.94-3.el9.aarch64
DEBUG util.py:463:  perl-Class-Struct-0.66-481.1.el9_6.noarch
DEBUG util.py:463:  perl-POSIX-1.94-481.1.el9_6.aarch64
DEBUG util.py:463:  perl-subs-1.03-481.1.el9_6.noarch
DEBUG util.py:463:  perl-IPC-Open3-1.21-481.1.el9_6.noarch
DEBUG util.py:463:  perl-Term-ANSIColor-5.01-461.el9.noarch
DEBUG util.py:463:  perl-File-Temp-0.231.100-4.el9.noarch
DEBUG util.py:463:  perl-Term-Cap-1.17-460.el9.noarch
DEBUG util.py:463:  perl-Pod-Simple-3.42-4.el9.noarch
DEBUG util.py:463:  perl-HTTP-Tiny-0.076-462.el9.noarch
DEBUG util.py:463:  perl-Socket-2.031-4.el9.aarch64
DEBUG util.py:463:  perl-File-stat-1.09-481.1.el9_6.noarch
DEBUG util.py:463:  perl-SelectSaver-1.02-481.1.el9_6.noarch
DEBUG util.py:463:  perl-Symbol-1.08-481.1.el9_6.noarch
DEBUG util.py:463:  perl-podlators-4.14-460.el9.noarch
DEBUG util.py:463:  perl-Pod-Perldoc-3.28.01-461.el9.noarch
DEBUG util.py:463:  perl-Fcntl-1.13-481.1.el9_6.aarch64
DEBUG util.py:463:  perl-mro-1.23-481.1.el9_6.aarch64
DEBUG util.py:463:  perl-overloading-0.02-481.1.el9_6.noarch
DEBUG util.py:463:  perl-IO-1.43-481.1.el9_6.aarch64
DEBUG util.py:463:  perl-Text-ParseWords-3.30-460.el9.noarch
DEBUG util.py:463:  perl-Pod-Usage-2.01-4.el9.noarch
DEBUG util.py:463:  perl-constant-1.33-461.el9.noarch
DEBUG util.py:463:  perl-Errno-1.30-481.1.el9_6.aarch64
DEBUG util.py:463:  perl-File-Basename-2.85-481.1.el9_6.noarch
DEBUG util.py:463:  perl-Getopt-Std-1.12-481.1.el9_6.noarch
DEBUG util.py:463:  perl-MIME-Base64-3.16-4.el9.aarch64
DEBUG util.py:463:  perl-parent-0.238-460.el9.noarch
DEBUG util.py:463:  perl-overload-1.31-481.1.el9_6.noarch
DEBUG util.py:463:  perl-Scalar-List-Utils-1.56-462.el9.aarch64
DEBUG util.py:463:  perl-Storable-3.21-460.el9.aarch64
DEBUG util.py:463:  perl-vars-1.05-481.1.el9_6.noarch
DEBUG util.py:463:  perl-Getopt-Long-2.52-4.el9.noarch
DEBUG util.py:463:  perl-Carp-1.50-460.el9.noarch
DEBUG util.py:463:  perl-Exporter-5.74-461.el9.noarch
DEBUG util.py:463:  perl-PathTools-3.78-461.el9.aarch64
DEBUG util.py:463:  perl-Encode-3.08-462.el9.aarch64
DEBUG util.py:463:  perl-libs-5.32.1-481.1.el9_6.aarch64
DEBUG util.py:463:  perl-interpreter-5.32.1-481.1.el9_6.aarch64
DEBUG util.py:463:  kernel-srpm-macros-1.0-14.el9.noarch
DEBUG util.py:463:  openssl-3.5.5-2.el9_8.aarch64
DEBUG util.py:463:  libpwquality-1.4.4-8.el9.aarch64
DEBUG util.py:463:  pam-1.5.1-28.el9.aarch64
DEBUG util.py:463:  util-linux-2.37.4-25.el9.aarch64
DEBUG util.py:463:  openssh-9.9p1-7.el9_8.alma.1.aarch64
DEBUG util.py:463:  openssh-clients-9.9p1-7.el9_8.alma.1.aarch64
DEBUG util.py:463:  libevent-2.1.12-8.el9_4.aarch64
DEBUG util.py:463:  openldap-2.6.8-4.el9.aarch64
DEBUG util.py:463:  libcurl-7.76.1-40.el9.aarch64
DEBUG util.py:463:  curl-7.76.1-40.el9.aarch64
DEBUG util.py:463:  rpm-libs-4.16.1.3-40.el9.aarch64
DEBUG util.py:463:  rpm-4.16.1.3-40.el9.aarch64
DEBUG util.py:463:  efi-srpm-macros-6-4.el9.noarch
DEBUG util.py:463:  lua-srpm-macros-1-6.el9.noarch
DEBUG util.py:463:  elfutils-default-yama-scope-0.194-1.el9.alma.1.noarch
DEBUG util.py:463:  elfutils-libs-0.194-1.el9.alma.1.aarch64
DEBUG util.py:463:  elfutils-debuginfod-client-0.194-1.el9.alma.1.aarch64
DEBUG util.py:463:  binutils-gold-2.35.2-72.el9.aarch64
DEBUG util.py:463:  binutils-2.35.2-72.el9.aarch64
DEBUG util.py:463:  gdb-minimal-16.3-3.el9.aarch64
DEBUG util.py:463:  elfutils-0.194-1.el9.alma.1.aarch64
DEBUG util.py:463:  debugedit-5.0-11.el9.aarch64
DEBUG util.py:463:  rpm-build-libs-4.16.1.3-40.el9.aarch64
DEBUG util.py:463:  rust-srpm-macros-17-4.el9.noarch
DEBUG util.py:463:  qt5-srpm-macros-5.15.9-1.el9.noarch
DEBUG util.py:463:  perl-srpm-macros-1-41.el9.noarch
DEBUG util.py:463:  openblas-srpm-macros-2-11.el9.noarch
DEBUG util.py:463:  ocaml-srpm-macros-6-6.el9.noarch
DEBUG util.py:463:  llvm-filesystem-21.1.8-2.el9.aarch64
DEBUG util.py:463:  llvm-libs-21.1.8-2.el9.aarch64
DEBUG util.py:463:  kernel-headers-5.14.0-687.5.3.el9_8.aarch64
DEBUG util.py:463:  libxcrypt-devel-4.4.18-3.el9.aarch64
DEBUG util.py:463:  glibc-devel-2.34-270.el9_8.aarch64
DEBUG util.py:463:  gcc-11.5.0-14.el9.alma.1.aarch64
DEBUG util.py:463:  annobin-12.98-2.el9.aarch64
DEBUG util.py:463:  gcc-plugin-annobin-11.5.0-14.el9.alma.1.aarch64
DEBUG util.py:463:  ghc-srpm-macros-1.5.0-6.el9.noarch
DEBUG util.py:463:  fonts-srpm-macros-2.0.5-7.el9.1.noarch
DEBUG util.py:463:  go-srpm-macros-3.8.1-1.el9.noarch
DEBUG util.py:463:  python-srpm-macros-3.9-54.el9.noarch
DEBUG util.py:463:  pyproject-srpm-macros-1.18.5-1.el9.noarch
DEBUG util.py:463:  redhat-rpm-config-210-1.el9.alma.1.noarch
DEBUG util.py:463:  rpm-build-4.16.1.3-40.el9.aarch64
DEBUG util.py:463:  scl-utils-build-2.0.3-4.el9.aarch64
DEBUG util.py:463:  gcc-c++-11.5.0-14.el9.alma.1.aarch64
DEBUG util.py:463:  scl-utils-2.0.3-4.el9.aarch64
DEBUG util.py:463:  git-core-2.52.0-1.el9.aarch64
DEBUG util.py:463:  which-2.21-30.el9_6.aarch64
DEBUG util.py:463:  nspr-4.36.0-8.el9_4.aarch64
DEBUG util.py:463:  nss-util-3.112.0-8.el9_4.aarch64
DEBUG util.py:463:  nss-softokn-freebl-3.112.0-8.el9_4.aarch64
DEBUG util.py:463:  nss-softokn-3.112.0-8.el9_4.aarch64
DEBUG util.py:463:  systemd-rpm-macros-252-67.el9_8.2.alma.1.noarch
DEBUG util.py:463:  python3-setuptools-wheel-53.0.0-15.el9.noarch
DEBUG util.py:463:  python3-pip-wheel-21.3.1-2.el9_8.noarch
DEBUG util.py:463:  python3-libs-3.9.25-7.el9_8.aarch64
DEBUG util.py:463:  python3-3.9.25-7.el9_8.aarch64
DEBUG util.py:463:  python3-libselinux-3.6-3.el9.aarch64
DEBUG util.py:463:  python3-setuptools-53.0.0-15.el9.noarch
DEBUG util.py:463:  python3-distro-1.5.0-7.el9.noarch
DEBUG util.py:463:  python3-setools-4.4.4-1.el9.aarch64
DEBUG util.py:463:  python3-libsemanage-3.6-5.el9_6.aarch64
DEBUG util.py:463:  python3-audit-3.1.5-8.el9.aarch64
DEBUG util.py:463:  crypto-policies-scripts-20260224-1.gitea0f072.el9_8.noarch
DEBUG util.py:463:  nss-3.112.0-8.el9_4.aarch64
DEBUG util.py:463:  nss-sysinit-3.112.0-8.el9_4.aarch64
DEBUG util.py:463:  nss-tools-3.112.0-8.el9_4.aarch64
DEBUG util.py:463:  mtools-4.0.26-5.el9_7.aarch64
DEBUG util.py:463:  libselinux-utils-3.6-3.el9.aarch64
DEBUG util.py:463:  policycoreutils-3.6-5.el9.aarch64
DEBUG util.py:463:  libseccomp-2.5.2-2.el9.aarch64
DEBUG util.py:463:  kmod-libs-28-11.el9.aarch64
DEBUG util.py:463:  efivar-libs-38-3.el9.aarch64
DEBUG util.py:463:  acl-2.3.1-4.el9.aarch64
DEBUG util.py:463:  dbus-1.12.20-8.el9.aarch64
DEBUG util.py:463:  systemd-pam-252-67.el9_8.2.alma.1.aarch64
DEBUG util.py:463:  systemd-252-67.el9_8.2.alma.1.aarch64
DEBUG util.py:463:  dbus-common-1.12.20-8.el9.noarch
DEBUG util.py:463:  dbus-broker-28-7.el9.aarch64
DEBUG util.py:463:  device-mapper-libs-1.02.207-4.el9.aarch64
DEBUG util.py:463:  device-mapper-1.02.207-4.el9.aarch64
DEBUG util.py:463:  parted-3.5-3.el9.aarch64
DEBUG util.py:463:  zlib-devel-1.2.11-40.el9.aarch64
DEBUG util.py:463:  perl-lib-0.65-481.1.el9_6.aarch64
DEBUG util.py:463:  perl-Error-0.17029-7.el9.noarch
DEBUG util.py:463:  perl-DynaLoader-1.47-481.1.el9_6.aarch64
DEBUG util.py:463:  perl-TermReadKey-2.38-11.el9.aarch64
DEBUG util.py:463:  libzstd-devel-1.5.5-1.el9.aarch64
DEBUG util.py:463:  git-core-doc-2.52.0-1.el9.noarch
DEBUG util.py:463:  perl-Git-2.52.0-1.el9.noarch
DEBUG util.py:463:  git-2.52.0-1.el9.aarch64
DEBUG util.py:463:  checkpolicy-3.6-1.el9.aarch64
DEBUG util.py:463:  python3-policycoreutils-3.6-5.el9.noarch
DEBUG util.py:463:  policycoreutils-python-utils-3.6-5.el9.noarch
DEBUG util.py:463:  gcc-toolset-12-runtime-12.0-6.el9.aarch64
DEBUG util.py:463:  gcc-toolset-12-binutils-2.38-19.el9.aarch64
DEBUG util.py:463:  gcc-toolset-12-binutils-gold-2.38-19.el9.aarch64
DEBUG util.py:463:  gcc-toolset-12-gcc-12.2.1-7.7.el9_4.aarch64
DEBUG util.py:463:  elfutils-libelf-devel-0.194-1.el9.alma.1.aarch64
DEBUG util.py:463:  efitools-1.9.2-9.el9.aarch64
DEBUG util.py:463:  pesign-115-6.el9_1.aarch64
DEBUG util.py:463:  dos2unix-7.4.2-4.el9.aarch64
DEBUG util.py:463:  openssl-devel-3.5.5-2.el9_8.aarch64
DEBUG util.py:610:  Child return code was: 0
DEBUG util.py:636:  child environment: None
DEBUG util.py:553:  Using nspawn with args ['--rlimit=RLIMIT_NOFILE=20480', '--capability=cap_ipc_lock', '--bind=/tmp/mock-resolv.0nt31vpe:/etc/resolv.conf', '--bind=/dev/mapper/control', '--bind=/dev/fuse', '--bind=/dev/loop-control', '--bind=/dev/loop0', '--bind=/dev/loop1', '--bind=/dev/loop2', '--bind=/dev/loop3', '--bind=/dev/loop4', '--bind=/dev/loop5', '--bind=/dev/loop6', '--bind=/dev/loop7', '--bind=/dev/loop8', '--bind=/dev/loop9', '--bind=/dev/loop10', '--bind=/dev/loop11']
DEBUG util.py:558:  Executing command: ['/usr/bin/systemd-nspawn', '-q', '-M', 'ae5df913be8a4d6aad80e2a820972ed4', '-D', '/var/lib/mock/e72385b4a8f5cd7f125828f2ec3220030c12951ab2166ae122ccae7e96ee833f.0/root', '-a', '-u', 'mockbuild', '--rlimit=RLIMIT_NOFILE=20480', '--capability=cap_ipc_lock', '--bind=/tmp/mock-resolv.0nt31vpe:/etc/resolv.conf', '--bind=/dev/mapper/control', '--bind=/dev/fuse', '--bind=/dev/loop-control', '--bind=/dev/loop0', '--bind=/dev/loop1', '--bind=/dev/loop2', '--bind=/dev/loop3', '--bind=/dev/loop4', '--bind=/dev/loop5', '--bind=/dev/loop6', '--bind=/dev/loop7', '--bind=/dev/loop8', '--bind=/dev/loop9', '--bind=/dev/loop10', '--bind=/dev/loop11', '--console=pipe', '--setenv=TERM=vt100', '--setenv=SHELL=/bin/bash', '--setenv=HOME=/builddir', '--setenv=HOSTNAME=mock', '--setenv=PATH=/usr/bin:/bin:/usr/sbin:/sbin', '--setenv=PROMPT_COMMAND=printf "\\033]0;<mock-chroot>\\007"', '--setenv=PS1=<mock-chroot> \\s-\\v\\$ ', '--setenv=LANG=C.UTF-8', '--resolv-conf=off', 'bash', '--login', '-c', '/usr/bin/rpmbuild -bs --noclean --target aarch64 --nodeps /builddir/build/SPECS/shim-unsigned-aarch64.spec'] with env {'TERM': 'vt100', 'SHELL': '/bin/bash', 'HOME': '/builddir', 'HOSTNAME': 'mock', 'PATH': '/usr/bin:/bin:/usr/sbin:/sbin', 'PROMPT_COMMAND': 'printf "\\033]0;<mock-chroot>\\007"', 'PS1': '<mock-chroot> \\s-\\v\\$ ', 'LANG': 'C.UTF-8', 'SYSTEMD_NSPAWN_TMPFS_TMP': '0', 'SYSTEMD_SECCOMP': '0'} and shell False
DEBUG util.py:463:  Building target platforms: aarch64
DEBUG util.py:463:  Building for target aarch64
DEBUG util.py:463:  setting SOURCE_DATE_EPOCH=1780185600
DEBUG util.py:463:  Wrote: /builddir/build/SRPMS/shim-unsigned-aarch64-16.1-2.el9.alma.2.src.rpm
DEBUG util.py:610:  Child return code was: 0
DEBUG file_util.py:17:  ensuring that dir exists: /var/lib/mock/e72385b4a8f5cd7f125828f2ec3220030c12951ab2166ae122ccae7e96ee833f.0/root/proc
DEBUG util.py:636:  child environment: None
DEBUG util.py:558:  Executing command: ['/bin/mount', '-n', '-t', 'tmpfs', '-o', 'rprivate,mode=0755', 'tmpfs', '/var/lib/mock/e72385b4a8f5cd7f125828f2ec3220030c12951ab2166ae122ccae7e96ee833f.0/root/proc'] with env {'TERM': 'vt100', 'SHELL': '/bin/sh', 'HOME': '/builddir', 'HOSTNAME': 'mock', 'PATH': '/usr/bin:/bin:/usr/sbin:/sbin', 'LANG': 'C.UTF-8'} and shell False
DEBUG util.py:610:  Child return code was: 0
DEBUG file_util.py:17:  ensuring that dir exists: /var/lib/mock/e72385b4a8f5cd7f125828f2ec3220030c12951ab2166ae122ccae7e96ee833f.0/root/proc
DEBUG util.py:636:  child environment: None
DEBUG util.py:558:  Executing command: ['/bin/mount', '-n', '-o', 'rbind', '/proc', '/var/lib/mock/e72385b4a8f5cd7f125828f2ec3220030c12951ab2166ae122ccae7e96ee833f.0/root/proc'] with env {'TERM': 'vt100', 'SHELL': '/bin/sh', 'HOME': '/builddir', 'HOSTNAME': 'mock', 'PATH': '/usr/bin:/bin:/usr/sbin:/sbin', 'LANG': 'C.UTF-8'} and shell False
DEBUG util.py:610:  Child return code was: 0
DEBUG util.py:636:  child environment: None
DEBUG util.py:558:  Executing command: ['/bin/mount', '-n', '-o', 'remount,nodev,noexec,nosuid,readonly,rprivate,rbind', '--target', '/var/lib/mock/e72385b4a8f5cd7f125828f2ec3220030c12951ab2166ae122ccae7e96ee833f.0/root/proc'] with env {'TERM': 'vt100', 'SHELL': '/bin/sh', 'HOME': '/builddir', 'HOSTNAME': 'mock', 'PATH': '/usr/bin:/bin:/usr/sbin:/sbin', 'LANG': 'C.UTF-8'} and shell False
DEBUG util.py:610:  Child return code was: 0
DEBUG file_util.py:17:  ensuring that dir exists: /var/lib/mock/e72385b4a8f5cd7f125828f2ec3220030c12951ab2166ae122ccae7e96ee833f.0/root/sys
DEBUG util.py:636:  child environment: None
DEBUG util.py:558:  Executing command: ['/bin/mount', '-n', '-t', 'tmpfs', '-o', 'rprivate,mode=0755', 'tmpfs', '/var/lib/mock/e72385b4a8f5cd7f125828f2ec3220030c12951ab2166ae122ccae7e96ee833f.0/root/sys'] with env {'TERM': 'vt100', 'SHELL': '/bin/sh', 'HOME': '/builddir', 'HOSTNAME': 'mock', 'PATH': '/usr/bin:/bin:/usr/sbin:/sbin', 'LANG': 'C.UTF-8'} and shell False
DEBUG util.py:610:  Child return code was: 0
DEBUG file_util.py:17:  ensuring that dir exists: /var/lib/mock/e72385b4a8f5cd7f125828f2ec3220030c12951ab2166ae122ccae7e96ee833f.0/root/sys
DEBUG util.py:636:  child environment: None
DEBUG util.py:558:  Executing command: ['/bin/mount', '-n', '-o', 'rbind', '/sys', '/var/lib/mock/e72385b4a8f5cd7f125828f2ec3220030c12951ab2166ae122ccae7e96ee833f.0/root/sys'] with env {'TERM': 'vt100', 'SHELL': '/bin/sh', 'HOME': '/builddir', 'HOSTNAME': 'mock', 'PATH': '/usr/bin:/bin:/usr/sbin:/sbin', 'LANG': 'C.UTF-8'} and shell False
DEBUG util.py:610:  Child return code was: 0
DEBUG util.py:636:  child environment: None
DEBUG util.py:558:  Executing command: ['/bin/mount', '-n', '-o', 'remount,nodev,noexec,nosuid,readonly,rprivate,rbind', '--target', '/var/lib/mock/e72385b4a8f5cd7f125828f2ec3220030c12951ab2166ae122ccae7e96ee833f.0/root/sys'] with env {'TERM': 'vt100', 'SHELL': '/bin/sh', 'HOME': '/builddir', 'HOSTNAME': 'mock', 'PATH': '/usr/bin:/bin:/usr/sbin:/sbin', 'LANG': 'C.UTF-8'} and shell False
DEBUG util.py:610:  Child return code was: 0
DEBUG file_util.py:17:  ensuring that dir exists: /var/lib/mock/e72385b4a8f5cd7f125828f2ec3220030c12951ab2166ae122ccae7e96ee833f.0/root/dev/shm
DEBUG util.py:636:  child environment: None
DEBUG util.py:558:  Executing command: ['/bin/mount', '-n', '-t', 'tmpfs', 'tmpfs', '/var/lib/mock/e72385b4a8f5cd7f125828f2ec3220030c12951ab2166ae122ccae7e96ee833f.0/root/dev/shm'] with env {'TERM': 'vt100', 'SHELL': '/bin/sh', 'HOME': '/builddir', 'HOSTNAME': 'mock', 'PATH': '/usr/bin:/bin:/usr/sbin:/sbin', 'LANG': 'C.UTF-8'} and shell False
DEBUG util.py:610:  Child return code was: 0
DEBUG file_util.py:17:  ensuring that dir exists: /var/lib/mock/e72385b4a8f5cd7f125828f2ec3220030c12951ab2166ae122ccae7e96ee833f.0/root/dev/pts
DEBUG util.py:636:  child environment: None
DEBUG util.py:558:  Executing command: ['/bin/mount', '-n', '-t', 'devpts', '-o', 'gid=5,mode=0620,ptmxmode=0666,newinstance', 'devpts', '/var/lib/mock/e72385b4a8f5cd7f125828f2ec3220030c12951ab2166ae122ccae7e96ee833f.0/root/dev/pts'] with env {'TERM': 'vt100', 'SHELL': '/bin/sh', 'HOME': '/builddir', 'HOSTNAME': 'mock', 'PATH': '/usr/bin:/bin:/usr/sbin:/sbin', 'LANG': 'C.UTF-8'} and shell False
DEBUG util.py:610:  Child return code was: 0
DEBUG util.py:636:  child environment: None
DEBUG util.py:558:  Executing command: ['/bin/mount', '-n', '-o', 'bind', '/tmp/mock-selinux-plugin.ib12mc8z', '/var/lib/mock/e72385b4a8f5cd7f125828f2ec3220030c12951ab2166ae122ccae7e96ee833f.0/root/proc/filesystems'] with env {'TERM': 'vt100', 'SHELL': '/bin/sh', 'HOME': '/builddir', 'HOSTNAME': 'mock', 'PATH': '/usr/bin:/bin:/usr/sbin:/sbin', 'LANG': 'C.UTF-8'} and shell False
DEBUG util.py:610:  Child return code was: 0
DEBUG file_util.py:17:  ensuring that dir exists: /var/lib/mock/e72385b4a8f5cd7f125828f2ec3220030c12951ab2166ae122ccae7e96ee833f.0/root/sys/fs/selinux
DEBUG util.py:636:  child environment: None
DEBUG util.py:558:  Executing command: ['/bin/mount', '-n', '-t', 'tmpfs', 'tmpfs', '/var/lib/mock/e72385b4a8f5cd7f125828f2ec3220030c12951ab2166ae122ccae7e96ee833f.0/root/sys/fs/selinux'] with env {'TERM': 'vt100', 'SHELL': '/bin/sh', 'HOME': '/builddir', 'HOSTNAME': 'mock', 'PATH': '/usr/bin:/bin:/usr/sbin:/sbin', 'LANG': 'C.UTF-8'} and shell False
DEBUG util.py:610:  Child return code was: 0
DEBUG file_util.py:17:  ensuring that dir exists: /var/lib/mock/e72385b4a8f5cd7f125828f2ec3220030c12951ab2166ae122ccae7e96ee833f.0/root/installation-homedir
DEBUG package_manager.py:295:  ['/usr/bin/dnf-3', 'builddep', '--installroot', '/var/lib/mock/e72385b4a8f5cd7f125828f2ec3220030c12951ab2166ae122ccae7e96ee833f.0/root/', '--releasever', '9', '--setopt=deltarpm=False', '--allowerasing', '--setopt=install_weak_deps=False', '--disableplugin=local', '--disableplugin=spacewalk', '--disableplugin=versionlock', '/var/lib/mock/e72385b4a8f5cd7f125828f2ec3220030c12951ab2166ae122ccae7e96ee833f.0/root//builddir/build/SRPMS/shim-unsigned-aarch64-16.1-2.el9.alma.2.src.rpm']
DEBUG util.py:636:  child environment: None
DEBUG util.py:558:  Executing command: ['/usr/bin/dnf-3', 'builddep', '--installroot', '/var/lib/mock/e72385b4a8f5cd7f125828f2ec3220030c12951ab2166ae122ccae7e96ee833f.0/root/', '--releasever', '9', '--setopt=deltarpm=False', '--allowerasing', '--setopt=install_weak_deps=False', '--disableplugin=local', '--disableplugin=spacewalk', '--disableplugin=versionlock', '/var/lib/mock/e72385b4a8f5cd7f125828f2ec3220030c12951ab2166ae122ccae7e96ee833f.0/root//builddir/build/SRPMS/shim-unsigned-aarch64-16.1-2.el9.alma.2.src.rpm', '--setopt=tsflags=nocontexts'] with env {'TERM': 'vt100', 'SHELL': '/bin/bash', 'HOME': '/var/lib/mock/e72385b4a8f5cd7f125828f2ec3220030c12951ab2166ae122ccae7e96ee833f.0/root/installation-homedir', 'HOSTNAME': 'mock', 'PATH': '/usr/bin:/bin:/usr/sbin:/sbin', 'PROMPT_COMMAND': 'printf "\\033]0;<mock-chroot>\\007"', 'PS1': '<mock-chroot> \\s-\\v\\$ ', 'LANG': 'C.UTF-8', 'LC_MESSAGES': 'C.UTF-8'} and shell False
DEBUG util.py:461:  No matches found for the following disable plugin patterns: local, spacewalk, versionlock
DEBUG util.py:463:  Last metadata expiration check: 0:00:11 ago on Sun May 31 11:28:21 2026.
DEBUG util.py:463:  Package dos2unix-7.4.2-4.el9.aarch64 is already installed.
DEBUG util.py:463:  Package efitools-1.9.2-9.el9.aarch64 is already installed.
DEBUG util.py:463:  Package elfutils-libelf-devel-0.194-1.el9.alma.1.aarch64 is already installed.
DEBUG util.py:463:  Package findutils-1:4.8.0-7.el9.aarch64 is already installed.
DEBUG util.py:463:  Package gcc-11.5.0-14.el9.alma.1.aarch64 is already installed.
DEBUG util.py:463:  Package gcc-toolset-12-binutils-2.38-19.el9.aarch64 is already installed.
DEBUG util.py:463:  Package gcc-toolset-12-gcc-12.2.1-7.7.el9_4.aarch64 is already installed.
DEBUG util.py:463:  Package git-2.52.0-1.el9.aarch64 is already installed.
DEBUG util.py:463:  Package make-1:4.3-8.el9.aarch64 is already installed.
DEBUG util.py:463:  Package openssl-1:3.5.5-2.el9_8.aarch64 is already installed.
DEBUG util.py:463:  Package openssl-devel-1:3.5.5-2.el9_8.aarch64 is already installed.
DEBUG util.py:463:  Package pesign-115-6.el9_1.aarch64 is already installed.
DEBUG util.py:463:  Dependencies resolved.
DEBUG util.py:463:  Nothing to do.
DEBUG util.py:463:  Complete!
DEBUG util.py:610:  Child return code was: 0
DEBUG util.py:185:  kill orphans in chroot /var/lib/mock/e72385b4a8f5cd7f125828f2ec3220030c12951ab2166ae122ccae7e96ee833f.0/root
DEBUG util.py:636:  child environment: None
DEBUG util.py:558:  Executing command: ['/bin/umount', '-n', '-l', '/var/lib/mock/e72385b4a8f5cd7f125828f2ec3220030c12951ab2166ae122ccae7e96ee833f.0/root/sys/fs/selinux'] with env {'TERM': 'vt100', 'SHELL': '/bin/sh', 'HOME': '/builddir', 'HOSTNAME': 'mock', 'PATH': '/usr/bin:/bin:/usr/sbin:/sbin', 'LANG': 'C.UTF-8'} and shell False
DEBUG util.py:610:  Child return code was: 0
DEBUG util.py:636:  child environment: None
DEBUG util.py:558:  Executing command: ['/bin/umount', '-n', '/var/lib/mock/e72385b4a8f5cd7f125828f2ec3220030c12951ab2166ae122ccae7e96ee833f.0/root/proc/filesystems'] with env {'TERM': 'vt100', 'SHELL': '/bin/sh', 'HOME': '/builddir', 'HOSTNAME': 'mock', 'PATH': '/usr/bin:/bin:/usr/sbin:/sbin', 'LANG': 'C.UTF-8'} and shell False
DEBUG util.py:610:  Child return code was: 0
DEBUG util.py:636:  child environment: None
DEBUG util.py:558:  Executing command: ['/bin/umount', '-n', '-l', '/var/lib/mock/e72385b4a8f5cd7f125828f2ec3220030c12951ab2166ae122ccae7e96ee833f.0/root/dev/pts'] with env {'TERM': 'vt100', 'SHELL': '/bin/sh', 'HOME': '/builddir', 'HOSTNAME': 'mock', 'PATH': '/usr/bin:/bin:/usr/sbin:/sbin', 'LANG': 'C.UTF-8'} and shell False
DEBUG util.py:610:  Child return code was: 0
DEBUG util.py:636:  child environment: None
DEBUG util.py:558:  Executing command: ['/bin/umount', '-n', '-l', '/var/lib/mock/e72385b4a8f5cd7f125828f2ec3220030c12951ab2166ae122ccae7e96ee833f.0/root/dev/shm'] with env {'TERM': 'vt100', 'SHELL': '/bin/sh', 'HOME': '/builddir', 'HOSTNAME': 'mock', 'PATH': '/usr/bin:/bin:/usr/sbin:/sbin', 'LANG': 'C.UTF-8'} and shell False
DEBUG util.py:610:  Child return code was: 0
DEBUG util.py:636:  child environment: None
DEBUG util.py:558:  Executing command: ['/bin/umount', '-n', '-l', '/var/lib/mock/e72385b4a8f5cd7f125828f2ec3220030c12951ab2166ae122ccae7e96ee833f.0/root/sys'] with env {'TERM': 'vt100', 'SHELL': '/bin/sh', 'HOME': '/builddir', 'HOSTNAME': 'mock', 'PATH': '/usr/bin:/bin:/usr/sbin:/sbin', 'LANG': 'C.UTF-8'} and shell False
DEBUG util.py:610:  Child return code was: 0
DEBUG util.py:636:  child environment: None
DEBUG util.py:558:  Executing command: ['/bin/umount', '-n', '-l', '/var/lib/mock/e72385b4a8f5cd7f125828f2ec3220030c12951ab2166ae122ccae7e96ee833f.0/root/sys'] with env {'TERM': 'vt100', 'SHELL': '/bin/sh', 'HOME': '/builddir', 'HOSTNAME': 'mock', 'PATH': '/usr/bin:/bin:/usr/sbin:/sbin', 'LANG': 'C.UTF-8'} and shell False
DEBUG util.py:610:  Child return code was: 0
DEBUG util.py:636:  child environment: None
DEBUG util.py:558:  Executing command: ['/bin/umount', '-n', '-l', '/var/lib/mock/e72385b4a8f5cd7f125828f2ec3220030c12951ab2166ae122ccae7e96ee833f.0/root/proc'] with env {'TERM': 'vt100', 'SHELL': '/bin/sh', 'HOME': '/builddir', 'HOSTNAME': 'mock', 'PATH': '/usr/bin:/bin:/usr/sbin:/sbin', 'LANG': 'C.UTF-8'} and shell False
DEBUG util.py:610:  Child return code was: 0
DEBUG util.py:636:  child environment: None
DEBUG util.py:558:  Executing command: ['/bin/umount', '-n', '-l', '/var/lib/mock/e72385b4a8f5cd7f125828f2ec3220030c12951ab2166ae122ccae7e96ee833f.0/root/proc'] with env {'TERM': 'vt100', 'SHELL': '/bin/sh', 'HOME': '/builddir', 'HOSTNAME': 'mock', 'PATH': '/usr/bin:/bin:/usr/sbin:/sbin', 'LANG': 'C.UTF-8'} and shell False
DEBUG util.py:610:  Child return code was: 0
DEBUG util.py:636:  child environment: None
DEBUG util.py:558:  Executing command: ['/bin/rpm', '-qa', '--root', '/var/lib/mock/e72385b4a8f5cd7f125828f2ec3220030c12951ab2166ae122ccae7e96ee833f.0/root'] with env {'TERM': 'vt100', 'SHELL': '/bin/sh', 'HOME': '/builddir', 'HOSTNAME': 'mock', 'PATH': '/usr/bin:/bin:/usr/sbin:/sbin', 'LANG': 'C.UTF-8'} and shell False
DEBUG util.py:463:  vim-filesystem-8.2.2637-26.el9_8.4.noarch
DEBUG util.py:463:  tzdata-2026b-1.el9.noarch
DEBUG util.py:463:  publicsuffix-list-dafsa-20210518-3.el9.noarch
DEBUG util.py:463:  pkgconf-m4-1.7.3-10.el9.noarch
DEBUG util.py:463:  pcre2-syntax-10.40-6.el9.noarch
DEBUG util.py:463:  ncurses-base-6.2-12.20210508.el9.noarch
DEBUG util.py:463:  libssh-config-0.10.4-18.el9.noarch
DEBUG util.py:463:  coreutils-common-8.32-40.el9.aarch64
DEBUG util.py:463:  almalinux-gpg-keys-9.8-1.el9.aarch64
DEBUG util.py:463:  almalinux-release-9.8-1.el9.aarch64
DEBUG util.py:463:  almalinux-repos-9.8-1.el9.aarch64
DEBUG util.py:463:  setup-2.13.7-10.el9.noarch
DEBUG util.py:463:  filesystem-3.16-5.el9.aarch64
DEBUG util.py:463:  basesystem-11-13.el9.noarch
DEBUG util.py:463:  ncurses-libs-6.2-12.20210508.el9.aarch64
DEBUG util.py:463:  bash-5.1.8-9.el9.aarch64
DEBUG util.py:463:  glibc-gconv-extra-2.34-270.el9_8.aarch64
DEBUG util.py:463:  libgcc-11.5.0-14.el9.alma.1.aarch64
DEBUG util.py:463:  glibc-minimal-langpack-2.34-270.el9_8.aarch64
DEBUG util.py:463:  glibc-common-2.34-270.el9_8.aarch64
DEBUG util.py:463:  glibc-2.34-270.el9_8.aarch64
DEBUG util.py:463:  zlib-1.2.11-40.el9.aarch64
DEBUG util.py:463:  libstdc++-11.5.0-14.el9.alma.1.aarch64
DEBUG util.py:463:  libzstd-1.5.5-1.el9.aarch64
DEBUG util.py:463:  xz-libs-5.2.5-8.el9_0.aarch64
DEBUG util.py:463:  bzip2-libs-1.0.8-11.el9.aarch64
DEBUG util.py:463:  gmp-6.2.0-13.el9.aarch64
DEBUG util.py:463:  elfutils-libelf-0.194-1.el9.alma.1.aarch64
DEBUG util.py:463:  libxcrypt-4.4.18-3.el9.aarch64
DEBUG util.py:463:  mpfr-4.1.0-10.el9.aarch64
DEBUG util.py:463:  libuuid-2.37.4-25.el9.aarch64
DEBUG util.py:463:  alternatives-1.24-2.el9.aarch64
DEBUG util.py:463:  libattr-2.5.1-3.el9.aarch64
DEBUG util.py:463:  libacl-2.3.1-4.el9.aarch64
DEBUG util.py:463:  libcap-2.48-10.el9_8.1.aarch64
DEBUG util.py:463:  popt-1.18-8.el9.aarch64
DEBUG util.py:463:  crypto-policies-20260224-1.gitea0f072.el9_8.noarch
DEBUG util.py:463:  libmpc-1.2.1-4.el9.aarch64
DEBUG util.py:463:  libxml2-2.9.13-14.el9_7.aarch64
DEBUG util.py:463:  less-590-6.el9.aarch64
DEBUG util.py:463:  libcom_err-1.46.5-8.el9.aarch64
DEBUG util.py:463:  libffi-3.4.2-8.el9.aarch64
DEBUG util.py:463:  lz4-libs-1.9.3-5.el9.aarch64
DEBUG util.py:463:  readline-8.1-4.el9.aarch64
DEBUG util.py:463:  dwz-0.16-1.el9.aarch64
DEBUG util.py:463:  unzip-6.0-60.el9.aarch64
DEBUG util.py:463:  groff-base-1.22.4-10.el9.aarch64
DEBUG util.py:463:  file-libs-5.39-17.el9.aarch64
DEBUG util.py:463:  file-5.39-17.el9.aarch64
DEBUG util.py:463:  sqlite-libs-3.34.1-10.el9_8.aarch64
DEBUG util.py:463:  gdbm-libs-1.23-1.el9.aarch64
DEBUG util.py:463:  libcap-ng-0.8.2-7.el9.aarch64
DEBUG util.py:463:  audit-libs-3.1.5-8.el9.aarch64
DEBUG util.py:463:  libedit-3.1-39.20210216cvs.el9.aarch64
DEBUG util.py:463:  libgomp-11.5.0-14.el9.alma.1.aarch64
DEBUG util.py:463:  libsepol-3.6-3.el9.aarch64
DEBUG util.py:463:  libsigsegv-2.13-4.el9.aarch64
DEBUG util.py:463:  gawk-5.1.0-6.el9.aarch64
DEBUG util.py:463:  libsmartcols-2.37.4-25.el9.aarch64
DEBUG util.py:463:  libtasn1-4.16.0-9.el9.aarch64
DEBUG util.py:463:  p11-kit-0.26.2-1.el9.aarch64
DEBUG util.py:463:  libunistring-0.9.10-15.el9.aarch64
DEBUG util.py:463:  libidn2-2.3.0-7.el9.aarch64
DEBUG util.py:463:  lua-libs-5.4.4-4.el9.aarch64
DEBUG util.py:463:  pcre2-10.40-6.el9.aarch64
DEBUG util.py:463:  libselinux-3.6-3.el9.aarch64
DEBUG util.py:463:  sed-4.8-10.el9.aarch64
DEBUG util.py:463:  findutils-4.8.0-7.el9.aarch64
DEBUG util.py:463:  libsemanage-3.6-5.el9_6.aarch64
DEBUG util.py:463:  shadow-utils-4.9-16.el9.aarch64
DEBUG util.py:463:  libutempter-1.2.1-6.el9.aarch64
DEBUG util.py:463:  tar-1.34-11.el9.aarch64
DEBUG util.py:463:  libpsl-0.21.1-5.el9.aarch64
DEBUG util.py:463:  p11-kit-trust-0.26.2-1.el9.aarch64
DEBUG util.py:463:  zip-3.0-35.el9.aarch64
DEBUG util.py:463:  zstd-1.5.5-1.el9.aarch64
DEBUG util.py:463:  xml-common-0.6.3-58.el9.noarch
DEBUG util.py:463:  iso-codes-4.6.0-3.el9.noarch
DEBUG util.py:463:  cpp-11.5.0-14.el9.alma.1.aarch64
DEBUG util.py:463:  bzip2-1.0.8-11.el9.aarch64
DEBUG util.py:463:  libasan-11.5.0-14.el9.alma.1.aarch64
DEBUG util.py:463:  libstdc++-devel-11.5.0-14.el9.alma.1.aarch64
DEBUG util.py:463:  libubsan-11.5.0-14.el9.alma.1.aarch64
DEBUG util.py:463:  info-6.7-15.el9.aarch64
DEBUG util.py:463:  ed-1.14.2-12.el9.aarch64
DEBUG util.py:463:  patch-2.7.6-16.el9.aarch64
DEBUG util.py:463:  tcl-8.6.10-7.el9.aarch64
DEBUG util.py:463:  cpio-2.13-16.el9.aarch64
DEBUG util.py:463:  diffutils-3.7-12.el9.aarch64
DEBUG util.py:463:  expat-2.5.0-6.el9.aarch64
DEBUG util.py:463:  json-c-0.14-11.el9.aarch64
DEBUG util.py:463:  keyutils-libs-1.6.3-1.el9.aarch64
DEBUG util.py:463:  libatomic-11.5.0-14.el9.alma.1.aarch64
DEBUG util.py:463:  libbrotli-1.0.9-9.el9_7.aarch64
DEBUG util.py:463:  libcbor-0.7.0-5.el9.aarch64
DEBUG util.py:463:  libdb-5.3.28-57.el9_6.aarch64
DEBUG util.py:463:  libeconf-0.4.1-5.el9.aarch64
DEBUG util.py:463:  libgpg-error-1.42-5.el9.aarch64
DEBUG util.py:463:  libgcrypt-1.10.0-11.el9.aarch64
DEBUG util.py:463:  libnghttp2-1.43.0-6.el9_8.1.aarch64
DEBUG util.py:463:  libpipeline-1.5.3-4.el9.aarch64
DEBUG util.py:463:  libpkgconf-1.7.3-10.el9.aarch64
DEBUG util.py:463:  pkgconf-1.7.3-10.el9.aarch64
DEBUG util.py:463:  pkgconf-pkg-config-1.7.3-10.el9.aarch64
DEBUG util.py:463:  libtool-ltdl-2.4.6-46.el9.aarch64
DEBUG util.py:463:  libverto-0.3.2-3.el9.aarch64
DEBUG util.py:463:  make-4.3-8.el9.aarch64
DEBUG util.py:463:  ncurses-6.2-12.20210508.el9.aarch64
DEBUG util.py:463:  pcre-8.44-4.el9.aarch64
DEBUG util.py:463:  grep-3.6-5.el9.aarch64
DEBUG util.py:463:  openssl-fips-provider-3.5.5-2.el9_8.aarch64
DEBUG util.py:463:  openssl-libs-3.5.5-2.el9_8.aarch64
DEBUG util.py:463:  coreutils-8.32-40.el9.aarch64
DEBUG util.py:463:  ca-certificates-2025.2.80_v9.0.305-91.el9.noarch
DEBUG util.py:463:  krb5-libs-1.21.1-10.el9_8.aarch64
DEBUG util.py:463:  libblkid-2.37.4-25.el9.aarch64
DEBUG util.py:463:  systemd-libs-252-67.el9_8.2.alma.1.aarch64
DEBUG util.py:463:  gzip-1.12-1.el9.aarch64
DEBUG util.py:463:  cracklib-2.9.6-28.el9.aarch64
DEBUG util.py:463:  libmount-2.37.4-25.el9.aarch64
DEBUG util.py:463:  libarchive-3.5.3-9.el9_7.aarch64
DEBUG util.py:463:  xz-5.2.5-8.el9_0.aarch64
DEBUG util.py:463:  util-linux-core-2.37.4-25.el9.aarch64
DEBUG util.py:463:  cracklib-dicts-2.9.6-28.el9.aarch64
DEBUG util.py:463:  man-db-2.9.3-9.el9.aarch64
DEBUG util.py:463:  libfido2-1.13.0-2.el9.aarch64
DEBUG util.py:463:  procps-ng-3.3.17-14.el9.aarch64
DEBUG util.py:463:  environment-modules-5.3.0-2.el9.aarch64
DEBUG util.py:463:  libfdisk-2.37.4-25.el9.aarch64
DEBUG util.py:463:  cyrus-sasl-lib-2.1.27-22.el9.aarch64
DEBUG util.py:463:  libssh-0.10.4-18.el9.aarch64
DEBUG util.py:463:  perl-Digest-1.19-4.el9.noarch
DEBUG util.py:463:  perl-Digest-MD5-2.58-4.el9.aarch64
DEBUG util.py:463:  perl-B-1.80-481.1.el9_6.aarch64
DEBUG util.py:463:  perl-FileHandle-2.03-481.1.el9_6.noarch
DEBUG util.py:463:  perl-Data-Dumper-2.174-462.el9.aarch64
DEBUG util.py:463:  perl-libnet-3.13-4.el9.noarch
DEBUG util.py:463:  perl-base-2.27-481.1.el9_6.noarch
DEBUG util.py:463:  perl-URI-5.09-3.el9.noarch
DEBUG util.py:463:  perl-AutoLoader-5.74-481.1.el9_6.noarch
DEBUG util.py:463:  perl-if-0.60.800-481.1.el9_6.noarch
DEBUG util.py:463:  perl-Mozilla-CA-20200520-6.el9.noarch
DEBUG util.py:463:  perl-IO-Socket-IP-0.41-5.el9.noarch
DEBUG util.py:463:  perl-Time-Local-1.300-7.el9.noarch
DEBUG util.py:463:  perl-File-Path-2.18-4.el9.noarch
DEBUG util.py:463:  perl-Pod-Escapes-1.07-460.el9.noarch
DEBUG util.py:463:  perl-Text-Tabs+Wrap-2013.0523-460.el9.noarch
DEBUG util.py:463:  perl-IO-Socket-SSL-2.073-2.el9.noarch
DEBUG util.py:463:  perl-Net-SSLeay-1.94-3.el9.aarch64
DEBUG util.py:463:  perl-Class-Struct-0.66-481.1.el9_6.noarch
DEBUG util.py:463:  perl-POSIX-1.94-481.1.el9_6.aarch64
DEBUG util.py:463:  perl-subs-1.03-481.1.el9_6.noarch
DEBUG util.py:463:  perl-IPC-Open3-1.21-481.1.el9_6.noarch
DEBUG util.py:463:  perl-Term-ANSIColor-5.01-461.el9.noarch
DEBUG util.py:463:  perl-File-Temp-0.231.100-4.el9.noarch
DEBUG util.py:463:  perl-Term-Cap-1.17-460.el9.noarch
DEBUG util.py:463:  perl-Pod-Simple-3.42-4.el9.noarch
DEBUG util.py:463:  perl-HTTP-Tiny-0.076-462.el9.noarch
DEBUG util.py:463:  perl-Socket-2.031-4.el9.aarch64
DEBUG util.py:463:  perl-File-stat-1.09-481.1.el9_6.noarch
DEBUG util.py:463:  perl-SelectSaver-1.02-481.1.el9_6.noarch
DEBUG util.py:463:  perl-Symbol-1.08-481.1.el9_6.noarch
DEBUG util.py:463:  perl-podlators-4.14-460.el9.noarch
DEBUG util.py:463:  perl-Pod-Perldoc-3.28.01-461.el9.noarch
DEBUG util.py:463:  perl-Fcntl-1.13-481.1.el9_6.aarch64
DEBUG util.py:463:  perl-mro-1.23-481.1.el9_6.aarch64
DEBUG util.py:463:  perl-overloading-0.02-481.1.el9_6.noarch
DEBUG util.py:463:  perl-IO-1.43-481.1.el9_6.aarch64
DEBUG util.py:463:  perl-Text-ParseWords-3.30-460.el9.noarch
DEBUG util.py:463:  perl-Pod-Usage-2.01-4.el9.noarch
DEBUG util.py:463:  perl-constant-1.33-461.el9.noarch
DEBUG util.py:463:  perl-Errno-1.30-481.1.el9_6.aarch64
DEBUG util.py:463:  perl-File-Basename-2.85-481.1.el9_6.noarch
DEBUG util.py:463:  perl-Getopt-Std-1.12-481.1.el9_6.noarch
DEBUG util.py:463:  perl-MIME-Base64-3.16-4.el9.aarch64
DEBUG util.py:463:  perl-parent-0.238-460.el9.noarch
DEBUG util.py:463:  perl-overload-1.31-481.1.el9_6.noarch
DEBUG util.py:463:  perl-Scalar-List-Utils-1.56-462.el9.aarch64
DEBUG util.py:463:  perl-Storable-3.21-460.el9.aarch64
DEBUG util.py:463:  perl-vars-1.05-481.1.el9_6.noarch
DEBUG util.py:463:  perl-Getopt-Long-2.52-4.el9.noarch
DEBUG util.py:463:  perl-Carp-1.50-460.el9.noarch
DEBUG util.py:463:  perl-Exporter-5.74-461.el9.noarch
DEBUG util.py:463:  perl-PathTools-3.78-461.el9.aarch64
DEBUG util.py:463:  perl-Encode-3.08-462.el9.aarch64
DEBUG util.py:463:  perl-libs-5.32.1-481.1.el9_6.aarch64
DEBUG util.py:463:  perl-interpreter-5.32.1-481.1.el9_6.aarch64
DEBUG util.py:463:  kernel-srpm-macros-1.0-14.el9.noarch
DEBUG util.py:463:  openssl-3.5.5-2.el9_8.aarch64
DEBUG util.py:463:  libpwquality-1.4.4-8.el9.aarch64
DEBUG util.py:463:  pam-1.5.1-28.el9.aarch64
DEBUG util.py:463:  util-linux-2.37.4-25.el9.aarch64
DEBUG util.py:463:  openssh-9.9p1-7.el9_8.alma.1.aarch64
DEBUG util.py:463:  openssh-clients-9.9p1-7.el9_8.alma.1.aarch64
DEBUG util.py:463:  libevent-2.1.12-8.el9_4.aarch64
DEBUG util.py:463:  openldap-2.6.8-4.el9.aarch64
DEBUG util.py:463:  libcurl-7.76.1-40.el9.aarch64
DEBUG util.py:463:  curl-7.76.1-40.el9.aarch64
DEBUG util.py:463:  rpm-libs-4.16.1.3-40.el9.aarch64
DEBUG util.py:463:  rpm-4.16.1.3-40.el9.aarch64
DEBUG util.py:463:  efi-srpm-macros-6-4.el9.noarch
DEBUG util.py:463:  lua-srpm-macros-1-6.el9.noarch
DEBUG util.py:463:  elfutils-default-yama-scope-0.194-1.el9.alma.1.noarch
DEBUG util.py:463:  elfutils-libs-0.194-1.el9.alma.1.aarch64
DEBUG util.py:463:  elfutils-debuginfod-client-0.194-1.el9.alma.1.aarch64
DEBUG util.py:463:  binutils-gold-2.35.2-72.el9.aarch64
DEBUG util.py:463:  binutils-2.35.2-72.el9.aarch64
DEBUG util.py:463:  gdb-minimal-16.3-3.el9.aarch64
DEBUG util.py:463:  elfutils-0.194-1.el9.alma.1.aarch64
DEBUG util.py:463:  debugedit-5.0-11.el9.aarch64
DEBUG util.py:463:  rpm-build-libs-4.16.1.3-40.el9.aarch64
DEBUG util.py:463:  rust-srpm-macros-17-4.el9.noarch
DEBUG util.py:463:  qt5-srpm-macros-5.15.9-1.el9.noarch
DEBUG util.py:463:  perl-srpm-macros-1-41.el9.noarch
DEBUG util.py:463:  openblas-srpm-macros-2-11.el9.noarch
DEBUG util.py:463:  ocaml-srpm-macros-6-6.el9.noarch
DEBUG util.py:463:  llvm-filesystem-21.1.8-2.el9.aarch64
DEBUG util.py:463:  llvm-libs-21.1.8-2.el9.aarch64
DEBUG util.py:463:  kernel-headers-5.14.0-687.5.3.el9_8.aarch64
DEBUG util.py:463:  libxcrypt-devel-4.4.18-3.el9.aarch64
DEBUG util.py:463:  glibc-devel-2.34-270.el9_8.aarch64
DEBUG util.py:463:  gcc-11.5.0-14.el9.alma.1.aarch64
DEBUG util.py:463:  annobin-12.98-2.el9.aarch64
DEBUG util.py:463:  gcc-plugin-annobin-11.5.0-14.el9.alma.1.aarch64
DEBUG util.py:463:  ghc-srpm-macros-1.5.0-6.el9.noarch
DEBUG util.py:463:  fonts-srpm-macros-2.0.5-7.el9.1.noarch
DEBUG util.py:463:  go-srpm-macros-3.8.1-1.el9.noarch
DEBUG util.py:463:  python-srpm-macros-3.9-54.el9.noarch
DEBUG util.py:463:  pyproject-srpm-macros-1.18.5-1.el9.noarch
DEBUG util.py:463:  redhat-rpm-config-210-1.el9.alma.1.noarch
DEBUG util.py:463:  rpm-build-4.16.1.3-40.el9.aarch64
DEBUG util.py:463:  scl-utils-build-2.0.3-4.el9.aarch64
DEBUG util.py:463:  gcc-c++-11.5.0-14.el9.alma.1.aarch64
DEBUG util.py:463:  scl-utils-2.0.3-4.el9.aarch64
DEBUG util.py:463:  git-core-2.52.0-1.el9.aarch64
DEBUG util.py:463:  which-2.21-30.el9_6.aarch64
DEBUG util.py:463:  nspr-4.36.0-8.el9_4.aarch64
DEBUG util.py:463:  nss-util-3.112.0-8.el9_4.aarch64
DEBUG util.py:463:  nss-softokn-freebl-3.112.0-8.el9_4.aarch64
DEBUG util.py:463:  nss-softokn-3.112.0-8.el9_4.aarch64
DEBUG util.py:463:  systemd-rpm-macros-252-67.el9_8.2.alma.1.noarch
DEBUG util.py:463:  python3-setuptools-wheel-53.0.0-15.el9.noarch
DEBUG util.py:463:  python3-pip-wheel-21.3.1-2.el9_8.noarch
DEBUG util.py:463:  python3-libs-3.9.25-7.el9_8.aarch64
DEBUG util.py:463:  python3-3.9.25-7.el9_8.aarch64
DEBUG util.py:463:  python3-libselinux-3.6-3.el9.aarch64
DEBUG util.py:463:  python3-setuptools-53.0.0-15.el9.noarch
DEBUG util.py:463:  python3-distro-1.5.0-7.el9.noarch
DEBUG util.py:463:  python3-setools-4.4.4-1.el9.aarch64
DEBUG util.py:463:  python3-libsemanage-3.6-5.el9_6.aarch64
DEBUG util.py:463:  python3-audit-3.1.5-8.el9.aarch64
DEBUG util.py:463:  crypto-policies-scripts-20260224-1.gitea0f072.el9_8.noarch
DEBUG util.py:463:  nss-3.112.0-8.el9_4.aarch64
DEBUG util.py:463:  nss-sysinit-3.112.0-8.el9_4.aarch64
DEBUG util.py:463:  nss-tools-3.112.0-8.el9_4.aarch64
DEBUG util.py:463:  mtools-4.0.26-5.el9_7.aarch64
DEBUG util.py:463:  libselinux-utils-3.6-3.el9.aarch64
DEBUG util.py:463:  policycoreutils-3.6-5.el9.aarch64
DEBUG util.py:463:  libseccomp-2.5.2-2.el9.aarch64
DEBUG util.py:463:  kmod-libs-28-11.el9.aarch64
DEBUG util.py:463:  efivar-libs-38-3.el9.aarch64
DEBUG util.py:463:  acl-2.3.1-4.el9.aarch64
DEBUG util.py:463:  dbus-1.12.20-8.el9.aarch64
DEBUG util.py:463:  systemd-pam-252-67.el9_8.2.alma.1.aarch64
DEBUG util.py:463:  systemd-252-67.el9_8.2.alma.1.aarch64
DEBUG util.py:463:  dbus-common-1.12.20-8.el9.noarch
DEBUG util.py:463:  dbus-broker-28-7.el9.aarch64
DEBUG util.py:463:  device-mapper-libs-1.02.207-4.el9.aarch64
DEBUG util.py:463:  device-mapper-1.02.207-4.el9.aarch64
DEBUG util.py:463:  parted-3.5-3.el9.aarch64
DEBUG util.py:463:  zlib-devel-1.2.11-40.el9.aarch64
DEBUG util.py:463:  perl-lib-0.65-481.1.el9_6.aarch64
DEBUG util.py:463:  perl-Error-0.17029-7.el9.noarch
DEBUG util.py:463:  perl-DynaLoader-1.47-481.1.el9_6.aarch64
DEBUG util.py:463:  perl-TermReadKey-2.38-11.el9.aarch64
DEBUG util.py:463:  libzstd-devel-1.5.5-1.el9.aarch64
DEBUG util.py:463:  git-core-doc-2.52.0-1.el9.noarch
DEBUG util.py:463:  perl-Git-2.52.0-1.el9.noarch
DEBUG util.py:463:  git-2.52.0-1.el9.aarch64
DEBUG util.py:463:  checkpolicy-3.6-1.el9.aarch64
DEBUG util.py:463:  python3-policycoreutils-3.6-5.el9.noarch
DEBUG util.py:463:  policycoreutils-python-utils-3.6-5.el9.noarch
DEBUG util.py:463:  gcc-toolset-12-runtime-12.0-6.el9.aarch64
DEBUG util.py:463:  gcc-toolset-12-binutils-2.38-19.el9.aarch64
DEBUG util.py:463:  gcc-toolset-12-binutils-gold-2.38-19.el9.aarch64
DEBUG util.py:463:  gcc-toolset-12-gcc-12.2.1-7.7.el9_4.aarch64
DEBUG util.py:463:  elfutils-libelf-devel-0.194-1.el9.alma.1.aarch64
DEBUG util.py:463:  efitools-1.9.2-9.el9.aarch64
DEBUG util.py:463:  pesign-115-6.el9_1.aarch64
DEBUG util.py:463:  dos2unix-7.4.2-4.el9.aarch64
DEBUG util.py:463:  openssl-devel-3.5.5-2.el9_8.aarch64
DEBUG util.py:610:  Child return code was: 0
DEBUG util.py:636:  child environment: None
DEBUG util.py:558:  Executing command: rpm -qa --root '/var/lib/mock/e72385b4a8f5cd7f125828f2ec3220030c12951ab2166ae122ccae7e96ee833f.0/root' --qf '%{nevra} %{buildtime} %{size} %{pkgid} installed\n' with env {'TERM': 'vt100', 'SHELL': '/bin/sh', 'HOME': '/builddir', 'HOSTNAME': 'mock', 'PATH': '/usr/bin:/bin:/usr/sbin:/sbin', 'LANG': 'C.UTF-8'} and shell True
DEBUG util.py:463:  vim-filesystem-2:8.2.2637-26.el9_8.4.noarch 1779357857 40 036af06b67698934c982eee0e285a14b installed
DEBUG util.py:463:  tzdata-2026b-1.el9.noarch 1779809246 1922383 566a230d93d14eabdcc8f91727b8b8d0 installed
DEBUG util.py:463:  publicsuffix-list-dafsa-20210518-3.el9.noarch 1649930311 68815 9049001bc986a7b3edc7bfab7f32187f installed
DEBUG util.py:463:  pkgconf-m4-1.7.3-10.el9.noarch 1680812438 14187 d797f52d2d8f1726a55a11e521e32b5e installed
DEBUG util.py:463:  pcre2-syntax-10.40-6.el9.noarch 1727910892 234324 be0c82ff0f81fe9d5b19826b81fd360e installed
DEBUG util.py:463:  ncurses-base-6.2-12.20210508.el9.noarch 1758446429 307293 c2dcbe72ecfb332701b74fe277803371 installed
DEBUG util.py:463:  libssh-config-0.10.4-18.el9.noarch 1775442175 277 f15e1534d917472293db44ab95031a44 installed
DEBUG util.py:463:  coreutils-common-8.32-40.el9.aarch64 1775341164 10880539 defd376837e3ace057936eb3bbeb7b71 installed
DEBUG util.py:463:  almalinux-gpg-keys-9.8-1.el9.aarch64 1779175946 3139 bed2818974fdb72ac412b3bd36f6dadb installed
DEBUG util.py:463:  almalinux-release-9.8-1.el9.aarch64 1779175946 28624 639638884c029c88d644768f1ef570a4 installed
DEBUG util.py:463:  almalinux-repos-9.8-1.el9.aarch64 1779175946 8994 4a69a2c318b7703931757fb945040960 installed
DEBUG util.py:463:  setup-2.13.7-10.el9.noarch 1712168971 725932 d06854c9d05f32cd5221d209aecbbebc installed
DEBUG util.py:463:  filesystem-3.16-5.el9.aarch64 1727899721 106 dfb5f20274896becf5f239902eed34b1 installed
DEBUG util.py:463:  basesystem-11-13.el9.noarch 1643412490 0 5fb7306840ce1307c9450ace93a9a78a installed
DEBUG util.py:463:  ncurses-libs-6.2-12.20210508.el9.aarch64 1758446435 1229775 79a7b225419d625abf4003ad83bd60d2 installed
DEBUG util.py:463:  bash-5.1.8-9.el9.aarch64 1714487971 7716567 2ac2bb1432e6b4c1ae4fd3586c789188 installed
DEBUG util.py:463:  glibc-gconv-extra-2.34-270.el9_8.aarch64 1779804062 19413526 82e12a20ef2e0ff4d4eb39dcb370f723 installed
DEBUG util.py:463:  libgcc-11.5.0-14.el9.alma.1.aarch64 1775332928 226900 fade01bbab65b04129381d85d761e9bb installed
DEBUG util.py:463:  glibc-minimal-langpack-2.34-270.el9_8.aarch64 1779804062 0 ed2719b2afed8bb888f447595c96673a installed
DEBUG util.py:463:  glibc-common-2.34-270.el9_8.aarch64 1779804062 1353450 22764c53ce09c7d789595dcd8e58cfc8 installed
DEBUG util.py:463:  glibc-2.34-270.el9_8.aarch64 1779804062 6384446 9a4ade41bd2721bd35508d865d741aaf installed
DEBUG util.py:463:  zlib-1.2.11-40.el9.aarch64 1695720122 235473 87d3b51af05467fa24f9da49d4f7c276 installed
DEBUG util.py:463:  libstdc++-11.5.0-14.el9.alma.1.aarch64 1775332928 2565425 1ae1dea01fafac1a77b7eb0c7bdab7c7 installed
DEBUG util.py:463:  libzstd-1.5.5-1.el9.aarch64 1741812872 683638 2591480a567786610b95380eed3aeb74 installed
DEBUG util.py:463:  xz-libs-5.2.5-8.el9_0.aarch64 1654677310 205845 2af23346b50d2ab2299dfb84e1515378 installed
DEBUG util.py:463:  bzip2-libs-1.0.8-11.el9.aarch64 1775338209 73804 85e44b73040cfaef37c660a8a4f06e25 installed
DEBUG util.py:463:  gmp-1:6.2.0-13.el9.aarch64 1696934917 671932 49cafa055bf9510c0e25fdf1777589b7 installed
DEBUG util.py:463:  elfutils-libelf-0.194-1.el9.alma.1.aarch64 1775346969 1197052 05432271c499053cba49c912aa35f31f installed
DEBUG util.py:463:  libxcrypt-4.4.18-3.el9.aarch64 1644466079 270604 3b3d44fdcbf77b88270eb481bf803487 installed
DEBUG util.py:463:  mpfr-4.1.0-10.el9.aarch64 1775343046 607139 7913282dd5b226bc14179671c8437a54 installed
DEBUG util.py:463:  libuuid-2.37.4-25.el9.aarch64 1775342543 70549 7930af993cc32a41f04f0c77ec77a5e1 installed
DEBUG util.py:463:  alternatives-1.24-2.el9.aarch64 1741776212 91913 fd8129ba4809478ec66471b2623a7d27 installed
DEBUG util.py:463:  libattr-2.5.1-3.el9.aarch64 1643374716 70269 0a04f88c0794cd289a7752e41fc7ddf4 installed
DEBUG util.py:463:  libacl-2.3.1-4.el9.aarch64 1712068484 69026 5666feb850829079e6d40f579e71952b installed
DEBUG util.py:463:  libcap-2.48-10.el9_8.1.aarch64 1779271250 507679 49474bfaf2537889a7fcc9a14c5773b0 installed
DEBUG util.py:463:  popt-1.18-8.el9.aarch64 1648241440 142488 66a42267b8d53c70c5f625a39feb02eb installed
DEBUG util.py:463:  crypto-policies-20260224-1.gitea0f072.el9_8.noarch 1775349096 101102 e249818c4a96f017e0a869545b8da1d2 installed
DEBUG util.py:463:  libmpc-1.2.1-4.el9.aarch64 1644450185 154861 a6be7cbda257130906fe7474e28c3335 installed
DEBUG util.py:463:  libxml2-2.9.13-14.el9_7.aarch64 1764560594 2093260 f5a50b3b88f78892a4d2336a78e9910d installed
DEBUG util.py:463:  less-590-6.el9.aarch64 1758459024 478480 2ad29e2fbd4b15bb356e8c828ac718d4 installed
DEBUG util.py:463:  libcom_err-1.46.5-8.el9.aarch64 1758466644 113241 029878d1194e4e07b10a23d1b2fc9f2f installed
DEBUG util.py:463:  libffi-3.4.2-8.el9.aarch64 1695671657 90073 e7b472ea0988747bc53ef033a5213f31 installed
DEBUG util.py:463:  lz4-libs-1.9.3-5.el9.aarch64 1644481280 137203 610bed8b4e6534ee361788b8a4782d96 installed
DEBUG util.py:463:  readline-8.1-4.el9.aarch64 1644542043 508900 2a6414b27482713e01042a15e59fd857 installed
DEBUG util.py:463:  dwz-0.16-1.el9.aarch64 1758464608 329796 b7a37e45a95d7e98dbb539824d2e010f installed
DEBUG util.py:463:  unzip-6.0-60.el9.aarch64 1775734983 479803 f0a86520ad26ce43e3dfddeb44b24579 installed
DEBUG util.py:463:  groff-base-1.22.4-10.el9.aarch64 1643714496 4285894 225be4a3dd819364d9e81d886d67cb38 installed
DEBUG util.py:463:  file-libs-5.39-17.el9.aarch64 1775348334 8102660 12c449c783dde4e3b4828c9ebe3c56c1 installed
DEBUG util.py:463:  file-5.39-17.el9.aarch64 1775348334 143248 fec0ead5cd12640d0e00392e587a51aa installed
DEBUG util.py:463:  sqlite-libs-3.34.1-10.el9_8.aarch64 1779296274 1361384 ccf71daf4c764c07b265b9d5011d5e67 installed
DEBUG util.py:463:  gdbm-libs-1:1.23-1.el9.aarch64 1727903102 238810 32fbe06f6379bfba68b349dc8f020530 installed
DEBUG util.py:463:  libcap-ng-0.8.2-7.el9.aarch64 1651431946 164940 82a856cba8736770996b2e36e914b7b3 installed
DEBUG util.py:463:  audit-libs-3.1.5-8.el9.aarch64 1775333805 428169 83d5d0f9ae41ee244d2b7c90ab454b22 installed
DEBUG util.py:463:  libedit-3.1-39.20210216cvs.el9.aarch64 1775397859 284327 8def17d5188a674f3299bc6e6d70db23 installed
DEBUG util.py:463:  libgomp-11.5.0-14.el9.alma.1.aarch64 1775332928 400957 8e544e89b860f0be50a5f464094d5d75 installed
DEBUG util.py:463:  libsepol-3.6-3.el9.aarch64 1758446268 828955 7da14d7d4344c037f3bc4775a8af9230 installed
DEBUG util.py:463:  libsigsegv-2.13-4.el9.aarch64 1644457155 99362 b5d0752370839163363e2f8e5eec62c1 installed
DEBUG util.py:463:  gawk-5.1.0-6.el9.aarch64 1648685642 2416182 f0c722b04dd502207872dbb359a044d6 installed
DEBUG util.py:463:  libsmartcols-2.37.4-25.el9.aarch64 1775342543 163251 eeca84107773a9628021b81df28635da installed
DEBUG util.py:463:  libtasn1-4.16.0-9.el9.aarch64 1741835771 224188 74cf317a723903d2de6b21d2a73ce872 installed
DEBUG util.py:463:  p11-kit-0.26.2-1.el9.aarch64 1775345523 3075428 16e8e5704500b14fd4438237b2b6eed2 installed
DEBUG util.py:463:  libunistring-0.9.10-15.el9.aarch64 1644464262 1630283 68eb62c999097c08964662d5b803f162 installed
DEBUG util.py:463:  libidn2-2.3.0-7.el9.aarch64 1644440509 257428 69deca7f0300050f8e57dae3cc8c669b installed
DEBUG util.py:463:  lua-libs-5.4.4-4.el9.aarch64 1695752891 336139 8329dac246af9c31a8767bf46950a509 installed
DEBUG util.py:463:  pcre2-10.40-6.el9.aarch64 1727907885 664154 d66afd93fb2b944916b4c95c9452d0e7 installed
DEBUG util.py:463:  libselinux-3.6-3.el9.aarch64 1741822060 205301 e74913027f24f9fc7f0634337962fcc7 installed
DEBUG util.py:463:  sed-4.8-10.el9.aarch64 1775334316 832591 2e29ba8d163601ea22b56c3d355fcfc4 installed
DEBUG util.py:463:  findutils-1:4.8.0-7.el9.aarch64 1727899940 1805494 2a7d2109aacc3a2872079112eb2b9b6d installed
DEBUG util.py:463:  libsemanage-3.6-5.el9_6.aarch64 1742298289 306782 355b1d749896d437acea7fa98f3d89fe installed
DEBUG util.py:463:  shadow-utils-2:4.9-16.el9.aarch64 1775678337 4258869 2bbfb02b059e034353cd0e58490ed6a4 installed
DEBUG util.py:463:  libutempter-1.2.1-6.el9.aarch64 1644465919 165513 905e287073e10bf5e2c9725d55ebcbf1 installed
DEBUG util.py:463:  tar-2:1.34-11.el9.aarch64 1775341415 3175336 65244ca8a6a1b9bec8b43f3cdbcf8d3c installed
DEBUG util.py:463:  libpsl-0.21.1-5.el9.aarch64 1644463207 135816 e88b7034508209d7754bc86ab0e276f9 installed
DEBUG util.py:463:  p11-kit-trust-0.26.2-1.el9.aarch64 1775345523 673105 841067d7761c43feb4c34614fe51a070 installed
DEBUG util.py:463:  zip-3.0-35.el9.aarch64 1680876814 776983 644090531629f716fa199b217a8d2d23 installed
DEBUG util.py:463:  zstd-1.5.5-1.el9.aarch64 1741812872 890035 9fd83e1b50eb8bd66159a51e28cba018 installed
DEBUG util.py:463:  xml-common-0.6.3-58.el9.noarch 1644550961 80280 8bbddf67d2ee0baee23c3537961924b0 installed
DEBUG util.py:463:  iso-codes-4.6.0-3.el9.noarch 1648204856 19591019 edd103b376ebbe08afa178ac2744442a installed
DEBUG util.py:463:  cpp-11.5.0-14.el9.alma.1.aarch64 1775332928 29309679 257c6ff527255f28f27b97c31ddda957 installed
DEBUG util.py:463:  bzip2-1.0.8-11.el9.aarch64 1775338209 176216 b33cfb4add45b9ed94c57d2f2e431cb1 installed
DEBUG util.py:463:  libasan-11.5.0-14.el9.alma.1.aarch64 1775332928 1283862 7fd3f3cfe4bd13f4469f873c60e28627 installed
DEBUG util.py:463:  libstdc++-devel-11.5.0-14.el9.alma.1.aarch64 1775332928 13321808 0b93dd52d2fb87ffc5e263c6e7970fb5 installed
DEBUG util.py:463:  libubsan-11.5.0-14.el9.alma.1.aarch64 1775332928 419424 da067db0d4df9b5ee8045462c2d02854 installed
DEBUG util.py:463:  info-6.7-15.el9.aarch64 1651411672 564795 36e929ebf5566ab8adee4d794b5950d4 installed
DEBUG util.py:463:  ed-1.14.2-12.el9.aarch64 1643524010 146331 721dd2ee7e74632bd85c15761f6b8be9 installed
DEBUG util.py:463:  patch-2.7.6-16.el9.aarch64 1648223312 268762 db52969697ce3aa353ed009c462024b6 installed
DEBUG util.py:463:  tcl-1:8.6.10-7.el9.aarch64 1665868461 4727585 d9379cc537a5435eb025ad88847bc3f1 installed
DEBUG util.py:463:  cpio-2.13-16.el9.aarch64 1643493333 1079579 0499952636b207dadc23087cf15f9e37 installed
DEBUG util.py:463:  diffutils-3.7-12.el9.aarch64 1643480897 1540617 412620b854adee9ed62f9657464390ec installed
DEBUG util.py:463:  expat-2.5.0-6.el9.aarch64 1775347712 341683 065cf9e6f1c60245aa0a7945fe3ae83f installed
DEBUG util.py:463:  json-c-0.14-11.el9.aarch64 1644569038 74562 e7778eca27976c1edec6aaf667acd0b6 installed
DEBUG util.py:463:  keyutils-libs-1.6.3-1.el9.aarch64 1680720858 100107 3f42d1b826cf0d453f9e02e01b9568ce installed
DEBUG util.py:463:  libatomic-11.5.0-14.el9.alma.1.aarch64 1775332928 70602 adaae2514a49e339fd782d1d4474bd39 installed
DEBUG util.py:463:  libbrotli-1.0.9-9.el9_7.aarch64 1770289767 797866 6f88e1934271cf5534643c3b7688977b installed
DEBUG util.py:463:  libcbor-0.7.0-5.el9.aarch64 1644894337 99849 7943cc827f887706e6fa6545d6863233 installed
DEBUG util.py:463:  libdb-5.3.28-57.el9_6.aarch64 1750774072 1758294 eed48033990fd9e8d9af64ef6afbe5c6 installed
DEBUG util.py:463:  libeconf-0.4.1-5.el9.aarch64 1775397413 74171 f0f34925cdf4d494d6b5b9b5090870af installed
DEBUG util.py:463:  libgpg-error-1.42-5.el9.aarch64 1644449210 918496 34392c53c31ba27a8c0373d183d6f522 installed
DEBUG util.py:463:  libgcrypt-1.10.0-11.el9.aarch64 1727800948 1040114 f580573d542c889ee37aa92dd42a1193 installed
DEBUG util.py:463:  libnghttp2-1.43.0-6.el9_8.1.aarch64 1776849282 202300 f55e82b71170130cb87e2e29a2335010 installed
DEBUG util.py:463:  libpipeline-1.5.3-4.el9.aarch64 1644459630 131509 a3d3321f73e6302bad02ca5adec15523 installed
DEBUG util.py:463:  libpkgconf-1.7.3-10.el9.aarch64 1680812228 70873 29452a07064f736569359d6db2969f92 installed
DEBUG util.py:463:  pkgconf-1.7.3-10.el9.aarch64 1680812228 102226 fea5531a9b641319efea89683ea8ae6c installed
DEBUG util.py:463:  pkgconf-pkg-config-1.7.3-10.el9.aarch64 1680812228 1204 d38df56cb67806efb8238e19b6a65985 installed
DEBUG util.py:463:  libtool-ltdl-2.4.6-46.el9.aarch64 1727804873 95928 a2ed2a908317cb4bae3ed4c50268a33b installed
DEBUG util.py:463:  libverto-0.3.2-3.el9.aarch64 1644467832 71197 1d7617de750419610efb61273c944813 installed
DEBUG util.py:463:  make-1:4.3-8.el9.aarch64 1712061975 1735598 8603da6ef46fe433fead44bfc5b545fd installed
DEBUG util.py:463:  ncurses-6.2-12.20210508.el9.aarch64 1758446435 901644 c169e99b9010c36e6c1e3b40e3d31905 installed
DEBUG util.py:463:  pcre-8.44-4.el9.aarch64 1727907438 565856 a88c84ceff63979caea9e097c3d7a9b4 installed
DEBUG util.py:463:  grep-3.6-5.el9.aarch64 1643704180 837104 d2fef9c6573bb64a24c6d9ad44c850b2 installed
DEBUG util.py:463:  openssl-fips-provider-1:3.5.5-2.el9_8.aarch64 1779271607 1602002 edbd8ea1d9f550acb720587e4f3b0d4c installed
DEBUG util.py:463:  openssl-libs-1:3.5.5-2.el9_8.aarch64 1779271607 6564779 2bad8e7f67b22a6f5acc7e12ac105bd1 installed
DEBUG util.py:463:  coreutils-8.32-40.el9.aarch64 1775341164 8518090 1cb3c90962208ab05fff9e33e060c24d installed
DEBUG util.py:463:  ca-certificates-2025.2.80_v9.0.305-91.el9.noarch 1763547065 2791711 7835aefb5f908c26ebbb25b9e609c5ab installed
DEBUG util.py:463:  krb5-libs-1.21.1-10.el9_8.aarch64 1779318547 2704698 299c8314b8e8918577e67dd511ac3e14 installed
DEBUG util.py:463:  libblkid-2.37.4-25.el9.aarch64 1775342543 270505 81d8c67478806f2d740e708e3ce1a05c installed
DEBUG util.py:463:  systemd-libs-252-67.el9_8.2.alma.1.aarch64 1779282500 1976952 57b7e04a048daf80ff4e69b819815338 installed
DEBUG util.py:463:  gzip-1.12-1.el9.aarch64 1665852447 421717 b7a5e312dd98aa417b82d5e616d3208e installed
DEBUG util.py:463:  cracklib-2.9.6-28.el9.aarch64 1775713348 429330 03fd79687f2e63a6c918614a8e0df1b7 installed
DEBUG util.py:463:  libmount-2.37.4-25.el9.aarch64 1775342543 363173 fdc178ee0d4293c8fa5a92a0bf51306d installed
DEBUG util.py:463:  libarchive-3.5.3-9.el9_7.aarch64 1776375841 930446 27c5a48efc53d54965cfcc6ba29a1d24 installed
DEBUG util.py:463:  xz-5.2.5-8.el9_0.aarch64 1654677310 787907 090e9e41186b61dca578bd0a4739f08a installed
DEBUG util.py:463:  util-linux-core-2.37.4-25.el9.aarch64 1775342543 2214399 e03a4a32a4b080cab89afeb6f7255d01 installed
DEBUG util.py:463:  cracklib-dicts-2.9.6-28.el9.aarch64 1775713348 9815154 0b4ebe9bff77d06b50cd03369914fc07 installed
DEBUG util.py:463:  man-db-2.9.3-9.el9.aarch64 1758461464 2973425 d947ae5c3adf3fac09306adaf6836d79 installed
DEBUG util.py:463:  libfido2-1.13.0-2.el9.aarch64 1711998079 283518 9ab1f83e624bb89e8fab81dea7b61877 installed
DEBUG util.py:463:  procps-ng-3.3.17-14.el9.aarch64 1714493927 1767339 ec9f737a9687a2827e5298f0925d7e18 installed
DEBUG util.py:463:  environment-modules-5.3.0-2.el9.aarch64 1758445641 3146791 dd227023d167fa2a4bc3e2e450bd03dd installed
DEBUG util.py:463:  libfdisk-2.37.4-25.el9.aarch64 1775342543 371627 03a22d26db8b16a4db0b1253d7d9968b installed
DEBUG util.py:463:  cyrus-sasl-lib-2.1.27-22.el9.aarch64 1758806854 2456704 3a8e07637331d5b07230883edecb9379 installed
DEBUG util.py:463:  libssh-0.10.4-18.el9.aarch64 1775399252 527107 c629cb4ff9a8895163a6171f8c3c4765 installed
DEBUG util.py:463:  perl-Digest-1.19-4.el9.noarch 1644595375 36844 7698964c801c15b9e09af239d06d325a installed
DEBUG util.py:463:  perl-Digest-MD5-2.58-4.el9.aarch64 1644596624 106442 ba06075dd27a584a40e13a6f9eaaba2b installed
DEBUG util.py:463:  perl-B-0:1.80-481.1.el9_6.aarch64 1753674731 545181 d897bace6485e99595d0d06217c9a5ec installed
DEBUG util.py:463:  perl-FileHandle-0:2.03-481.1.el9_6.noarch 1753674690 10531 1667426fe69a47b5f1dc48929a0b651e installed
DEBUG util.py:463:  perl-Data-Dumper-2.174-462.el9.aarch64 1645021676 136309 98ab225d47833c4443116469bbad6de1 installed
DEBUG util.py:463:  perl-libnet-3.13-4.el9.noarch 1645018479 299357 dfe2b5d3f071eea602ade0b7715724fd installed
DEBUG util.py:463:  perl-base-0:2.27-481.1.el9_6.noarch 1753674690 13820 d86b2bfbb701e8283aa294e4b88d2d17 installed
DEBUG util.py:463:  perl-URI-5.09-3.el9.noarch 1648214228 216915 7d631b61f4e7d1a59b7702853d439458 installed
DEBUG util.py:463:  perl-AutoLoader-0:5.74-481.1.el9_6.noarch 1753674690 22038 a84b305413f4f741404de6b444fe2b1a installed
DEBUG util.py:463:  perl-if-0:0.60.800-481.1.el9_6.noarch 1753674690 6875 4ca24ef277e11ce296da80c68b5fad6c installed
DEBUG util.py:463:  perl-Mozilla-CA-20200520-6.el9.noarch 1645008884 5866 a59b14886d99e10c61e0ebfe717e6a16 installed
DEBUG util.py:463:  perl-IO-Socket-IP-0.41-5.el9.noarch 1645012339 100240 bc34f266c7ab758d6f9f7051375473af installed
DEBUG util.py:463:  perl-Time-Local-2:1.300-7.el9.noarch 1650006587 67344 1a5c30f3e50f6d6dabf2364d4e1ceab7 installed
DEBUG util.py:463:  perl-File-Path-2.18-4.el9.noarch 1645015494 65333 5f5233277e7d003386aabf73ba2e3b00 installed
DEBUG util.py:463:  perl-Pod-Escapes-1:1.07-460.el9.noarch 1644606541 25764 55b868e63af1b6b497c1275208cd17a7 installed
DEBUG util.py:463:  perl-Text-Tabs+Wrap-2013.0523-460.el9.noarch 1645014862 24828 a93eda6aa00df774344de75de3e7d620 installed
DEBUG util.py:463:  perl-IO-Socket-SSL-2.073-2.el9.noarch 1727930920 616300 70afb993476490ea51cc260cf59c7127 installed
DEBUG util.py:463:  perl-Net-SSLeay-1.94-3.el9.aarch64 1758476908 1548897 e864ebb39f13a3bf502e955b3574429f installed
DEBUG util.py:463:  perl-Class-Struct-0:0.66-481.1.el9_6.noarch 1753674690 26954 f07cd43c2853247170e85d36ef00b5c7 installed
DEBUG util.py:463:  perl-POSIX-0:1.94-481.1.el9_6.aarch64 1753674731 264404 185b852b3ce45e44d59b6a4712814ff5 installed
DEBUG util.py:463:  perl-subs-0:1.03-481.1.el9_6.noarch 1753674690 3061 ea9d34f930188bc025f68b5cabbb7b0f installed
DEBUG util.py:463:  perl-IPC-Open3-0:1.21-481.1.el9_6.noarch 1753674690 25047 673c53d9c0a52df6b62bc9a34de6df7e installed
DEBUG util.py:463:  perl-Term-ANSIColor-5.01-461.el9.noarch 1644999613 100303 a51bca447e32088bddfcd4cf9de3355d installed
DEBUG util.py:463:  perl-File-Temp-1:0.231.100-4.el9.noarch 1645005893 166550 231231e97dda4215e8fc63879bc29373 installed
DEBUG util.py:463:  perl-Term-Cap-1.17-460.el9.noarch 1644999857 29851 680f95980423f8af9d8deea43aeb38dd installed
DEBUG util.py:463:  perl-Pod-Simple-1:3.42-4.el9.noarch 1644595067 577293 59a0c9c7881c8c7595d69513738cf3a6 installed
DEBUG util.py:463:  perl-HTTP-Tiny-0.076-462.el9.noarch 1712162164 150675 89021a91b43720abc24e9bbcd3c34a78 installed
DEBUG util.py:463:  perl-Socket-4:2.031-4.el9.aarch64 1644856008 145329 dd39882cef2300255df7f9c35ad06ddf installed
DEBUG util.py:463:  perl-File-stat-0:1.09-481.1.el9_6.noarch 1753674690 13950 ce9e4870655bc834de4dfd2f813f68e1 installed
DEBUG util.py:463:  perl-SelectSaver-0:1.02-481.1.el9_6.noarch 1753674690 3171 37457b8a1b1d2d8aa818cdcd61d33090 installed
DEBUG util.py:463:  perl-Symbol-0:1.08-481.1.el9_6.noarch 1753674690 7848 f7304ede78a62ba19584fe157932046a installed
DEBUG util.py:463:  perl-podlators-1:4.14-460.el9.noarch 1648210257 288742 7635e181970fee0ec972edeb3640eb38 installed
DEBUG util.py:463:  perl-Pod-Perldoc-3.28.01-461.el9.noarch 1644882690 170960 3592c6f8ec5d262935747c142a2a0f4e installed
DEBUG util.py:463:  perl-Fcntl-0:1.13-481.1.el9_6.aarch64 1753674731 74973 f33aa1d09c3a6f01d8eac78345db8ae0 installed
DEBUG util.py:463:  perl-mro-0:1.23-481.1.el9_6.aarch64 1753674731 84236 0fa4dcf40affa9c52072953f117f007a installed
DEBUG util.py:463:  perl-overloading-0:0.02-481.1.el9_6.noarch 1753674690 5894 908d8df045b85e62710a511ee8828339 installed
DEBUG util.py:463:  perl-IO-0:1.43-481.1.el9_6.aarch64 1753674731 203890 7ced4efcb6e8b55d71ca7ed6aa4767af installed
DEBUG util.py:463:  perl-Text-ParseWords-3.30-460.el9.noarch 1645008582 13101 95074ebfc08d2e7945b6a351107c6de0 installed
DEBUG util.py:463:  perl-Pod-Usage-4:2.01-4.el9.noarch 1644595290 87186 1c81d46cf49953bf17671509bb9f143b installed
DEBUG util.py:463:  perl-constant-1.33-461.el9.noarch 1645017554 27104 77ae4fa31b0e05c47722d3f42c3031f4 installed
DEBUG util.py:463:  perl-Errno-0:1.30-481.1.el9_6.aarch64 1753674731 9538 a34bcebe1b8c256f65314726b01d0618 installed
DEBUG util.py:463:  perl-File-Basename-0:2.85-481.1.el9_6.noarch 1753674690 15340 d24f359fbc4e643618faf4b982870d03 installed
DEBUG util.py:463:  perl-Getopt-Std-0:1.12-481.1.el9_6.noarch 1753674690 12107 c68114f15f226776a7dfd69dcb1ed2b3 installed
DEBUG util.py:463:  perl-MIME-Base64-3.16-4.el9.aarch64 1645024610 97169 82325b475c6200f517fdc0745804c6e2 installed
DEBUG util.py:463:  perl-parent-1:0.238-460.el9.noarch 1648236106 9535 313ca11d9438fd3b8857ebea09d52cbe installed
DEBUG util.py:463:  perl-overload-0:1.31-481.1.el9_6.noarch 1753674690 72822 615b48cbd341a1ae3deb9448d1b0af50 installed
DEBUG util.py:463:  perl-Scalar-List-Utils-4:1.56-462.el9.aarch64 1727908887 151072 7855fb816c0bcbf0d3ee3338bb477be1 installed
DEBUG util.py:463:  perl-Storable-1:3.21-460.el9.aarch64 1644882656 248772 577c66b3e4be7195dde590428c4e4d00 installed
DEBUG util.py:463:  perl-vars-0:1.05-481.1.el9_6.noarch 1753674690 4927 d014d0e5fa05c4e04973e86b9b9cd183 installed
DEBUG util.py:463:  perl-Getopt-Long-1:2.52-4.el9.noarch 1645006486 139937 91b70507061382352f5f8cea185952c4 installed
DEBUG util.py:463:  perl-Carp-1.50-460.el9.noarch 1644593358 47889 6ceb2511def761f84a2955e7f4213e02 installed
DEBUG util.py:463:  perl-Exporter-5.74-461.el9.noarch 1645012476 55359 e319d1821d7cff3db59f99d55552222b installed
DEBUG util.py:463:  perl-PathTools-3.78-461.el9.aarch64 1644597544 231550 647853e85b687febc7307feaa3b6f586 installed
DEBUG util.py:463:  perl-Encode-4:3.08-462.el9.aarch64 1644598035 10374114 7bfbcfbc8d2d78e8e7a7effebf9ef2f7 installed
DEBUG util.py:463:  perl-libs-4:5.32.1-481.1.el9_6.aarch64 1753674731 9046830 e21c7d3f5c3559efee7a6f56558ff33b installed
DEBUG util.py:463:  perl-interpreter-4:5.32.1-481.1.el9_6.aarch64 1753674731 173118 5924aad4b7467b6fe03de39f04096129 installed
DEBUG util.py:463:  kernel-srpm-macros-1.0-14.el9.noarch 1758093656 16948 374608d42ff1baa7de696b0ac578c42c installed
DEBUG util.py:463:  openssl-1:3.5.5-2.el9_8.aarch64 1779271607 2240197 ada5a4e19f862c843e0be5e979e68f2e installed
DEBUG util.py:463:  libpwquality-1.4.4-8.el9.aarch64 1644464411 612256 7eaed31d339fdef005b5cdb8fb7d8a8d installed
DEBUG util.py:463:  pam-1.5.1-28.el9.aarch64 1775346127 4635626 f3c05d1ec41bfefe89ae9bfc344d4423 installed
DEBUG util.py:463:  util-linux-2.37.4-25.el9.aarch64 1775342543 13939395 f0d5a260900485b2e66fe4b4573698f9 installed
DEBUG util.py:463:  openssh-9.9p1-7.el9_8.alma.1.aarch64 1779362530 1778816 b758ee8a9e14d9dfc6295f47ff2f48bd installed
DEBUG util.py:463:  openssh-clients-9.9p1-7.el9_8.alma.1.aarch64 1779362530 2814674 a8f72940576b7152a313218c97f6ec5a installed
DEBUG util.py:463:  libevent-2.1.12-8.el9_4.aarch64 1725362809 1131842 fb3ab994e1489bb7b945450af632a3f6 installed
DEBUG util.py:463:  openldap-2.6.8-4.el9.aarch64 1741867063 1053537 5efde92013de677f7b5f30f8267f8f60 installed
DEBUG util.py:463:  libcurl-7.76.1-40.el9.aarch64 1775344078 675414 fc2a8d9e54a3b8b147be3a515e9698e4 installed
DEBUG util.py:463:  curl-7.76.1-40.el9.aarch64 1775344078 696673 e99b5f3b47849f21f19c59d29080ceda installed
DEBUG util.py:463:  rpm-libs-4.16.1.3-40.el9.aarch64 1775363091 817676 6a4aecd8a66f87234bf3c5c8f4c51196 installed
DEBUG util.py:463:  rpm-4.16.1.3-40.el9.aarch64 1775363091 2994985 c225896fc0fdcad48808e0fb9861699f installed
DEBUG util.py:463:  efi-srpm-macros-6-4.el9.noarch 1758092934 41047 e28cfe7ad492c6298475c11c1b393b85 installed
DEBUG util.py:463:  lua-srpm-macros-1-6.el9.noarch 1644618813 1314 b1f6d12844b8255fa10d5275b52c0b21 installed
DEBUG util.py:463:  elfutils-default-yama-scope-0.194-1.el9.alma.1.noarch 1775353378 1810 3b62ca41a89bd7d4adac1a21184306b1 installed
DEBUG util.py:463:  elfutils-libs-0.194-1.el9.alma.1.aarch64 1775346969 763597 e896305de0c226aebc539ca8b0a5d626 installed
DEBUG util.py:463:  elfutils-debuginfod-client-0.194-1.el9.alma.1.aarch64 1775346969 146242 d976fe0d7853c284150408388b3b829f installed
DEBUG util.py:463:  binutils-gold-2.35.2-72.el9.aarch64 1775336358 2763131 28f2bf3606c7250c5a7f37a6812b39b0 installed
DEBUG util.py:463:  binutils-2.35.2-72.el9.aarch64 1775336358 27448538 c6248228dd7c9b0e24f5d86b2b4e4ca5 installed
DEBUG util.py:463:  gdb-minimal-16.3-3.el9.aarch64 1775390526 14592673 40803ac6cced9a6599a08fa3fa53011d installed
DEBUG util.py:463:  elfutils-0.194-1.el9.alma.1.aarch64 1775346969 3536149 1eca7122d055c91985a9783dfaf12d11 installed
DEBUG util.py:463:  debugedit-5.0-11.el9.aarch64 1758459375 247374 37ab4ab2ee39e8ea476b978e6887ea1c installed
DEBUG util.py:463:  rpm-build-libs-4.16.1.3-40.el9.aarch64 1775363091 202390 66c2ace7964304480e2bce39bd85225e installed
DEBUG util.py:463:  rust-srpm-macros-17-4.el9.noarch 1644579138 2447 c2a61f5735180ef25a79ba4139c049e5 installed
DEBUG util.py:463:  qt5-srpm-macros-5.15.9-1.el9.noarch 1695786489 492 f4b8798dffd67a149ba9546ee98890d3 installed
DEBUG util.py:463:  perl-srpm-macros-1-41.el9.noarch 1648211262 862 a7d1dd3647ab0baaf9374cd04d138efc installed
DEBUG util.py:463:  openblas-srpm-macros-2-11.el9.noarch 1644518888 104 ab6a0d86bdb28cb3845fc9275bff6d04 installed
DEBUG util.py:463:  ocaml-srpm-macros-6-6.el9.noarch 1645006823 745 c02264f1ab836473c0a0ac36c2b69d11 installed
DEBUG util.py:463:  llvm-filesystem-21.1.8-2.el9.aarch64 1775335023 0 5426d05f07ab4f15ccab68098484cad5 installed
DEBUG util.py:463:  llvm-libs-21.1.8-2.el9.aarch64 1775335023 121659743 1e24fc8531764df06ab45fb10d49bf71 installed
DEBUG util.py:463:  kernel-headers-5.14.0-687.5.3.el9_8.aarch64 1779214373 6546174 e2fd6c0d215718960a7cf56a7b3c4587 installed
DEBUG util.py:463:  libxcrypt-devel-4.4.18-3.el9.aarch64 1644466079 31019 6c0683ab3619a2c9680b3978812b82df installed
DEBUG util.py:463:  glibc-devel-2.34-270.el9_8.aarch64 1779804062 2183848 cacf97f84080f4e0d64165c2824d521d installed
DEBUG util.py:463:  gcc-11.5.0-14.el9.alma.1.aarch64 1775332928 79976723 f766e61a8d8d2cea26c40eae6d9eb9e8 installed
DEBUG util.py:463:  annobin-12.98-2.el9.aarch64 1775332614 1287159 bd55532b70660e495fe13effe833946f installed
DEBUG util.py:463:  gcc-plugin-annobin-11.5.0-14.el9.alma.1.aarch64 1775332928 69859 32a0111e424de86a388dd18f1ca59009 installed
DEBUG util.py:463:  ghc-srpm-macros-1.5.0-6.el9.noarch 1643558412 535 f1cf0b239c626086e43fc5b8bfdc8947 installed
DEBUG util.py:463:  fonts-srpm-macros-1:2.0.5-7.el9.1.noarch 1644638356 56503 6849d7b20d8c28dacc459b454a78994d installed
DEBUG util.py:463:  go-srpm-macros-3.8.1-1.el9.noarch 1774981984 62484 abf7154404e5a2f7e58e004e90c460d5 installed
DEBUG util.py:463:  python-srpm-macros-3.9-54.el9.noarch 1727786776 37605 ea12cc3242ebccb1c0ca386e7269d116 installed
DEBUG util.py:463:  pyproject-srpm-macros-1.18.5-1.el9.noarch 1775387827 1945 72f52110049cb19e9e514f0af52e7d05 installed
DEBUG util.py:463:  redhat-rpm-config-210-1.el9.alma.1.noarch 1758093877 189493 3b02d4e499655e6b55e96ded58064dd6 installed
DEBUG util.py:463:  rpm-build-4.16.1.3-40.el9.aarch64 1775363091 329313 38048c9b02b712cdb480b8b03d2f8793 installed
DEBUG util.py:463:  scl-utils-build-1:2.0.3-4.el9.aarch64 1680832580 19412 d1dea6cdbe0f80f16df87e1d235418b5 installed
DEBUG util.py:463:  gcc-c++-11.5.0-14.el9.alma.1.aarch64 1775332928 32532058 363d6b13305b4f541bb33f5a0a635e89 installed
DEBUG util.py:463:  scl-utils-1:2.0.3-4.el9.aarch64 1680832580 95045 791b93d027ead94ba67d20662c5e4e1f installed
DEBUG util.py:463:  git-core-2.52.0-1.el9.aarch64 1775391377 24297491 e7df0bac009d02fa899b5389c34168e6 installed
DEBUG util.py:463:  which-2.21-30.el9_6.aarch64 1754374990 122572 cdf912787f77ee7bae5a1184fa357518 installed
DEBUG util.py:463:  nspr-4.36.0-8.el9_4.aarch64 1774241821 426904 6bd016dab09ea30126c47dd16a717885 installed
DEBUG util.py:463:  nss-util-3.112.0-8.el9_4.aarch64 1774241821 286992 d68a18eb9bd4659d07ebf6662811e8de installed
DEBUG util.py:463:  nss-softokn-freebl-3.112.0-8.el9_4.aarch64 1774241821 952006 323fd0c9f6a6ad099277c04b100c7696 installed
DEBUG util.py:463:  nss-softokn-3.112.0-8.el9_4.aarch64 1774241821 1509363 d195cf94751f45da7cacf6605bc7d01b installed
DEBUG util.py:463:  systemd-rpm-macros-252-67.el9_8.2.alma.1.noarch 1779282445 10405 ae011171fd7708e8504a3f1106479ada installed
DEBUG util.py:463:  python3-setuptools-wheel-53.0.0-15.el9.noarch 1758455175 562657 6dabf1be9c0bad3cff22de1ee5c4aa55 installed
DEBUG util.py:463:  python3-pip-wheel-21.3.1-2.el9_8.noarch 1779526790 1232785 2297ec7004616378c65587fbf62aee63 installed
DEBUG util.py:463:  python3-libs-3.9.25-7.el9_8.aarch64 1779294955 34942648 39762488f860150152420fd7a022f15b installed
DEBUG util.py:463:  python3-3.9.25-7.el9_8.aarch64 1779294955 85876 960e1a69334618ae9bd5896cdd9703e4 installed
DEBUG util.py:463:  python3-libselinux-3.6-3.el9.aarch64 1741822060 650308 10e057a1104e28c71158dbe00917b3af installed
DEBUG util.py:463:  python3-setuptools-53.0.0-15.el9.noarch 1758455175 4329444 7737cd97f50e899ace2f008f137266b0 installed
DEBUG util.py:463:  python3-distro-1.5.0-7.el9.noarch 1648194734 156760 320eb0e6c2effb7ead2a5cd5bef337f8 installed
DEBUG util.py:463:  python3-setools-4.4.4-1.el9.aarch64 1712160109 2412495 bd9786bf5587063c7497f06b0a65f73f installed
DEBUG util.py:463:  python3-libsemanage-3.6-5.el9_6.aarch64 1742298289 456100 3849120b3c242fbe1163f457b33353f5 installed
DEBUG util.py:463:  python3-audit-3.1.5-8.el9.aarch64 1775333805 363374 8d3b3d7b84daac52227f900747accc89 installed
DEBUG util.py:463:  crypto-policies-scripts-20260224-1.gitea0f072.el9_8.noarch 1775349096 272783 edb1574f802461a0547d6e8d8df5c39e installed
DEBUG util.py:463:  nss-3.112.0-8.el9_4.aarch64 1774241821 1922677 eab1867aa9f67173f04b93a9dd784a59 installed
DEBUG util.py:463:  nss-sysinit-3.112.0-8.el9_4.aarch64 1774241821 71215 a33af09896d51a93069006bdaa1cb36b installed
DEBUG util.py:463:  nss-tools-3.112.0-8.el9_4.aarch64 1774241821 1974639 e78d12b9baaa5856eb2bade32cc83cb3 installed
DEBUG util.py:463:  mtools-4.0.26-5.el9_7.aarch64 1773334483 414661 e14bbff882948ee4a17652a45b4eb9cf installed
DEBUG util.py:463:  libselinux-utils-3.6-3.el9.aarch64 1741822060 1372651 5ca687ad5ee14245efb7b0498e2eb22e installed
DEBUG util.py:463:  policycoreutils-3.6-5.el9.aarch64 1775346769 1305464 b4bc94158e9e4074efc2452a2b194cef installed
DEBUG util.py:463:  libseccomp-2.5.2-2.el9.aarch64 1644458567 183309 2cc7d00d4f3c532cb0787d026b16acf0 installed
DEBUG util.py:463:  kmod-libs-28-11.el9.aarch64 1758196313 162302 cde12ed58669ba9b3e142fc67609c110 installed
DEBUG util.py:463:  efivar-libs-38-3.el9.aarch64 1680865066 407610 9ffcfd869032485c9cd2b37d48197ec8 installed
DEBUG util.py:463:  acl-2.3.1-4.el9.aarch64 1712068484 326151 07dbabf3e3f7666aae3e0dcf8b7c4f32 installed
DEBUG util.py:463:  dbus-1:1.12.20-8.el9.aarch64 1695805159 0 2410aa7c6bb96d7aad1710765e93feaf installed
DEBUG util.py:463:  systemd-pam-252-67.el9_8.2.alma.1.aarch64 1779282500 543238 65056f4ee788a68f7a9e4015c28bc73e installed
DEBUG util.py:463:  systemd-252-67.el9_8.2.alma.1.aarch64 1779282500 14775112 3b28e643a5cd914fe5b4e5a866720313 installed
DEBUG util.py:463:  dbus-common-1:1.12.20-8.el9.noarch 1695763323 11394 bae88bf95fdeab1240fc8b04af8666ec installed
DEBUG util.py:463:  dbus-broker-28-7.el9.aarch64 1665764393 432394 c3e925c9663a691a0d17e7a61c50685f installed
DEBUG util.py:463:  device-mapper-libs-9:1.02.207-4.el9.aarch64 1775340097 456465 94b4a42eedbeab7fee541fa93a49b5c5 installed
DEBUG util.py:463:  device-mapper-9:1.02.207-4.el9.aarch64 1775340097 447424 bc9d12c78ee99da2c92e6e9974f14e57 installed
DEBUG util.py:463:  parted-3.5-3.el9.aarch64 1741809521 2720091 887762572dbc3f7c7efcf3fcd2141e38 installed
DEBUG util.py:463:  zlib-devel-1.2.11-40.el9.aarch64 1695720122 141092 a6742eb97efada4798035f77f9b6b44a installed
DEBUG util.py:463:  perl-lib-0:0.65-481.1.el9_6.aarch64 1753674731 9673 52c5b6d4b4dfda108df0b553224b6a13 installed
DEBUG util.py:463:  perl-Error-1:0.17029-7.el9.noarch 1645012122 79692 f8157542170fd659596fe174a9f1d08c installed
DEBUG util.py:463:  perl-DynaLoader-0:1.47-481.1.el9_6.aarch64 1753674731 33066 a95b1c2cf84f20ced13bc2b3770d857d installed
DEBUG util.py:463:  perl-TermReadKey-2.38-11.el9.aarch64 1645006506 111226 d4fded5ad47643856559b17d67d0f79c installed
DEBUG util.py:463:  libzstd-devel-1.5.5-1.el9.aarch64 1741812872 202817 e6aff0b07ee09b87c936bd9b532f529a installed
DEBUG util.py:463:  git-core-doc-2.52.0-1.el9.noarch 1775433473 19416975 4ad9fee6bcd32c4e1fa20e95ebbe58d9 installed
DEBUG util.py:463:  perl-Git-2.52.0-1.el9.noarch 1775433473 66985 e6648f9bb8d52fb1b146ff4a410c4d8d installed
DEBUG util.py:463:  git-2.52.0-1.el9.aarch64 1775391377 57736 a97ab507187a8268e4f81552080d34aa installed
DEBUG util.py:463:  checkpolicy-3.6-1.el9.aarch64 1712139060 1635942 e0fe78c88817b0653691c25eed3d7ab0 installed
DEBUG util.py:463:  python3-policycoreutils-3.6-5.el9.noarch 1775387137 5613484 b342b4f5b27b3df0515bd5a11126b2fe installed
DEBUG util.py:463:  policycoreutils-python-utils-3.6-5.el9.noarch 1775387137 120038 f45af5a69f6146f6e2a05feed8418d1b installed
DEBUG util.py:463:  gcc-toolset-12-runtime-12.0-6.el9.aarch64 1681129467 10900 fe6db0db25045ec0ab49c916336994f5 installed
DEBUG util.py:463:  gcc-toolset-12-binutils-2.38-19.el9.aarch64 1696441430 28259991 248e75b1e1c4d22d8078e3f95be48707 installed
DEBUG util.py:463:  gcc-toolset-12-binutils-gold-2.38-19.el9.aarch64 1696441430 2764366 f68b55d41e801111d76de1b022db763d installed
DEBUG util.py:463:  gcc-toolset-12-gcc-12.2.1-7.7.el9_4.aarch64 1725365707 95828414 f82c6e586dd50bbc20b8c5febf4da36e installed
DEBUG util.py:463:  elfutils-libelf-devel-0.194-1.el9.alma.1.aarch64 1775346969 76769 331c2febd7265b7ed6373b3671065b40 installed
DEBUG util.py:463:  efitools-1.9.2-9.el9.aarch64 1731502028 1322136 7846417e9d404b89fa9e3a330d6ec169 installed
DEBUG util.py:463:  pesign-115-6.el9_1.aarch64 1678099654 879621 dc0c4ce2df56443b2d7c041fe5247b79 installed
DEBUG util.py:463:  dos2unix-7.4.2-4.el9.aarch64 1649717017 748639 701b5aad5e761ae3c23fc84158049532 installed
DEBUG util.py:463:  openssl-devel-1:3.5.5-2.el9_8.aarch64 1779271607 5368564 bd7aad4a88298daf28bcd666b8226784 installed
DEBUG util.py:610:  Child return code was: 0
DEBUG util.py:636:  child environment: None
DEBUG util.py:553:  Using nspawn with args ['--rlimit=RLIMIT_NOFILE=20480', '--capability=cap_ipc_lock', '--bind=/tmp/mock-resolv.0nt31vpe:/etc/resolv.conf', '--bind=/dev/mapper/control', '--bind=/dev/fuse', '--bind=/dev/loop-control', '--bind=/dev/loop0', '--bind=/dev/loop1', '--bind=/dev/loop2', '--bind=/dev/loop3', '--bind=/dev/loop4', '--bind=/dev/loop5', '--bind=/dev/loop6', '--bind=/dev/loop7', '--bind=/dev/loop8', '--bind=/dev/loop9', '--bind=/dev/loop10', '--bind=/dev/loop11']
DEBUG util.py:558:  Executing command: ['/usr/bin/systemd-nspawn', '-q', '-M', 'ae3de16438e143a89b242f9a5c4ac27b', '-D', '/var/lib/mock/e72385b4a8f5cd7f125828f2ec3220030c12951ab2166ae122ccae7e96ee833f.0/root', '-a', '-u', 'mockbuild', '--rlimit=RLIMIT_NOFILE=20480', '--capability=cap_ipc_lock', '--bind=/tmp/mock-resolv.0nt31vpe:/etc/resolv.conf', '--bind=/dev/mapper/control', '--bind=/dev/fuse', '--bind=/dev/loop-control', '--bind=/dev/loop0', '--bind=/dev/loop1', '--bind=/dev/loop2', '--bind=/dev/loop3', '--bind=/dev/loop4', '--bind=/dev/loop5', '--bind=/dev/loop6', '--bind=/dev/loop7', '--bind=/dev/loop8', '--bind=/dev/loop9', '--bind=/dev/loop10', '--bind=/dev/loop11', '--console=pipe', '--setenv=TERM=vt100', '--setenv=SHELL=/bin/bash', '--setenv=HOME=/builddir', '--setenv=HOSTNAME=mock', '--setenv=PATH=/usr/bin:/bin:/usr/sbin:/sbin', '--setenv=PROMPT_COMMAND=printf "\\033]0;<mock-chroot>\\007"', '--setenv=PS1=<mock-chroot> \\s-\\v\\$ ', '--setenv=LANG=C.UTF-8', '--resolv-conf=off', 'bash', '--login', '-c', '/usr/bin/rpmbuild -bb --noclean --target aarch64 --nodeps /builddir/build/SPECS/shim-unsigned-aarch64.spec'] with env {'TERM': 'vt100', 'SHELL': '/bin/bash', 'HOME': '/builddir', 'HOSTNAME': 'mock', 'PATH': '/usr/bin:/bin:/usr/sbin:/sbin', 'PROMPT_COMMAND': 'printf "\\033]0;<mock-chroot>\\007"', 'PS1': '<mock-chroot> \\s-\\v\\$ ', 'LANG': 'C.UTF-8', 'SYSTEMD_NSPAWN_TMPFS_TMP': '0', 'SYSTEMD_SECCOMP': '0'} and shell False
DEBUG util.py:463:  Building target platforms: aarch64
DEBUG util.py:463:  Building for target aarch64
DEBUG util.py:463:  setting SOURCE_DATE_EPOCH=1780185600
DEBUG util.py:463:  Executing(%prep): /bin/sh -e /var/tmp/rpm-tmp.RyQ8hl
DEBUG util.py:463:  + umask 022
DEBUG util.py:463:  + cd /builddir/build/BUILD
DEBUG util.py:463:  + cd /builddir/build/BUILD
DEBUG util.py:463:  + rm -rf shim-16.1
DEBUG util.py:463:  + /usr/bin/bzip2 -dc /builddir/build/SOURCES/shim-16.1.tar.bz2
DEBUG util.py:463:  + /usr/bin/tar -xof -
DEBUG util.py:463:  + STATUS=0
DEBUG util.py:463:  + '[' 0 -ne 0 ']'
DEBUG util.py:463:  + cd shim-16.1
DEBUG util.py:463:  + /usr/bin/chmod -Rf a+rX,u+w,g-w,o-w .
DEBUG util.py:463:  + /usr/bin/git init -q
DEBUG util.py:463:  + /usr/bin/git config user.name rpm-build
DEBUG util.py:463:  + /usr/bin/git config user.email '<rpm-build>'
DEBUG util.py:463:  + /usr/bin/git config gc.auto 0
DEBUG util.py:463:  + /usr/bin/git add --force .
DEBUG util.py:463:  + /usr/bin/git commit -q --allow-empty -a --author 'rpm-build <rpm-build>' -m 'shim-unsigned-aarch64-16.1 base'
DEBUG util.py:463:  + source scl_source enable gcc-toolset-12
DEBUG util.py:461:  ++ _scl_source_help='Usage: source scl_source <action> [<collection> ...]
DEBUG util.py:461:  Don'\''t use this script outside of SCL scriptlets!
DEBUG util.py:461:  Options:
DEBUG util.py:461:      -h, --help    display this help and exit'
DEBUG util.py:461:  ++ '[' 2 -eq 0 -o enable = -h -o enable = --help ']'
DEBUG util.py:461:  ++ '[' -z '' ']'
DEBUG util.py:461:  ++ _recursion=false
DEBUG util.py:461:  ++ '[' -z '' ']'
DEBUG util.py:461:  ++ _scl_scriptlet_name=enable
DEBUG util.py:461:  ++ shift 1
DEBUG util.py:461:  ++ '[' -z '' ']'
DEBUG util.py:461:  ++ _scl_dir=/etc/scl/conf
DEBUG util.py:461:  ++ '[' '!' -e /etc/scl/conf ']'
DEBUG util.py:461:  ++ for arg in "$@"
DEBUG util.py:461:  ++ _scl_prefix_file=/etc/scl/conf/gcc-toolset-12
DEBUG util.py:461:  +++ cat /etc/scl/conf/gcc-toolset-12
DEBUG util.py:461:  ++ _scl_prefix=/opt/rh
DEBUG util.py:461:  ++ '[' 0 -ne 0 ']'
DEBUG util.py:461:  ++ /usr/bin/scl_enabled gcc-toolset-12
DEBUG util.py:461:  ++ _scls+=("$arg")
DEBUG util.py:461:  ++ _scl_prefixes+=("$_scl_prefix")
DEBUG util.py:461:  ++ '[' false == false ']'
DEBUG util.py:461:  ++ _i=0
DEBUG util.py:461:  ++ _recursion=true
DEBUG util.py:461:  ++ '[' 0 -lt 1 ']'
DEBUG util.py:461:  ++ _scl_scriptlet_path=/opt/rh/gcc-toolset-12/enable
DEBUG util.py:461:  ++ source /opt/rh/gcc-toolset-12/enable
DEBUG util.py:461:  +++ export PATH=/opt/rh/gcc-toolset-12/root/usr/bin:/usr/share/Modules/bin:/usr/bin:/bin:/usr/sbin:/sbin:/usr/local/sbin
DEBUG util.py:461:  +++ PATH=/opt/rh/gcc-toolset-12/root/usr/bin:/usr/share/Modules/bin:/usr/bin:/bin:/usr/sbin:/sbin:/usr/local/sbin
DEBUG util.py:461:  +++ export MANPATH=/opt/rh/gcc-toolset-12/root/usr/share/man
DEBUG util.py:461:  +++ MANPATH=/opt/rh/gcc-toolset-12/root/usr/share/man
DEBUG util.py:461:  +++ export INFOPATH=/opt/rh/gcc-toolset-12/root/usr/share/info
DEBUG util.py:461:  +++ INFOPATH=/opt/rh/gcc-toolset-12/root/usr/share/info
DEBUG util.py:461:  +++ export PCP_DIR=/opt/rh/gcc-toolset-12/root
DEBUG util.py:461:  +++ PCP_DIR=/opt/rh/gcc-toolset-12/root
DEBUG util.py:461:  ++++ rpm --eval '%{_libdir}'
DEBUG util.py:461:  +++ rpmlibdir=/usr/lib64
DEBUG util.py:461:  +++ '[' /usr/lib64 '!=' /usr/ ']'
DEBUG util.py:461:  +++ rpmlibdir32=:/opt/rh/gcc-toolset-12/root/usr/lib
DEBUG util.py:461:  +++ rpmlibdir64=
DEBUG util.py:461:  +++ export LD_LIBRARY_PATH=/opt/rh/gcc-toolset-12/root/usr/lib64:/opt/rh/gcc-toolset-12/root/usr/lib
DEBUG util.py:461:  +++ LD_LIBRARY_PATH=/opt/rh/gcc-toolset-12/root/usr/lib64:/opt/rh/gcc-toolset-12/root/usr/lib
DEBUG util.py:461:  +++ export PKG_CONFIG_PATH=/opt/rh/gcc-toolset-12/root/usr/lib64/pkgconfig::/usr/lib64/pkgconfig:/usr/share/pkgconfig
DEBUG util.py:461:  +++ PKG_CONFIG_PATH=/opt/rh/gcc-toolset-12/root/usr/lib64/pkgconfig::/usr/lib64/pkgconfig:/usr/share/pkgconfig
DEBUG util.py:461:  ++ '[' 0 -ne 0 ']'
DEBUG util.py:461:  ++ export 'X_SCLS=gcc-toolset-12 '
DEBUG util.py:461:  ++ X_SCLS='gcc-toolset-12 '
DEBUG util.py:461:  ++ _i=1
DEBUG util.py:461:  ++ '[' 1 -lt 1 ']'
DEBUG util.py:461:  ++ _scls=()
DEBUG util.py:461:  ++ _scl_prefixes=()
DEBUG util.py:461:  ++ _scl_scriptlet_name=
DEBUG util.py:461:  ++ _recursion=false
DEBUG util.py:463:  + git config --unset user.email
DEBUG util.py:463:  + git config --unset user.name
DEBUG util.py:463:  + mkdir build-aa64
DEBUG util.py:463:  + cp /builddir/build/SOURCES/sbat.almalinux.csv data/
DEBUG util.py:463:  + RPM_EC=0
DEBUG util.py:461:  ++ jobs -p
DEBUG util.py:463:  + exit 0
DEBUG util.py:463:  Executing(%build): /bin/sh -e /var/tmp/rpm-tmp.yA7GbR
DEBUG util.py:463:  + umask 022
DEBUG util.py:463:  + cd /builddir/build/BUILD
DEBUG util.py:463:  + cd shim-16.1
DEBUG util.py:463:  + openssl x509 -inform DER -in /builddir/build/SOURCES/almalinux-sb-cert-1.der -out 01.pem
DEBUG util.py:463:  + openssl x509 -inform DER -in /builddir/build/SOURCES/almalinux-sb-cert-2.der -out 02.pem
DEBUG util.py:463:  + openssl x509 -inform DER -in /builddir/build/SOURCES/almalinux-sb-cert-3.der -out 03.pem
DEBUG util.py:463:  + cert-to-efi-sig-list -g 9DD8A2AC-0977-4AEF-99A0-E794FD2A31FE 01.pem 01.esl
DEBUG util.py:463:  + cert-to-efi-sig-list -g 33D81FE3-5EC0-44F8-AB02-C9DA554F63D8 02.pem 02.esl
DEBUG util.py:463:  + cert-to-efi-sig-list -g 50413300-1AC7-49DA-B755-BB0D93E634B6 03.pem 03.esl
DEBUG util.py:463:  + cat 01.esl 02.esl 03.esl
DEBUG util.py:463:  + source scl_source enable gcc-toolset-12
DEBUG util.py:461:  ++ _scl_source_help='Usage: source scl_source <action> [<collection> ...]
DEBUG util.py:461:  Don'\''t use this script outside of SCL scriptlets!
DEBUG util.py:461:  Options:
DEBUG util.py:461:      -h, --help    display this help and exit'
DEBUG util.py:461:  ++ '[' 2 -eq 0 -o enable = -h -o enable = --help ']'
DEBUG util.py:461:  ++ '[' -z '' ']'
DEBUG util.py:461:  ++ _recursion=false
DEBUG util.py:461:  ++ '[' -z '' ']'
DEBUG util.py:461:  ++ _scl_scriptlet_name=enable
DEBUG util.py:461:  ++ shift 1
DEBUG util.py:461:  ++ '[' -z '' ']'
DEBUG util.py:461:  ++ _scl_dir=/etc/scl/conf
DEBUG util.py:461:  ++ '[' '!' -e /etc/scl/conf ']'
DEBUG util.py:461:  ++ for arg in "$@"
DEBUG util.py:461:  ++ _scl_prefix_file=/etc/scl/conf/gcc-toolset-12
DEBUG util.py:461:  +++ cat /etc/scl/conf/gcc-toolset-12
DEBUG util.py:461:  ++ _scl_prefix=/opt/rh
DEBUG util.py:461:  ++ '[' 0 -ne 0 ']'
DEBUG util.py:461:  ++ /usr/bin/scl_enabled gcc-toolset-12
DEBUG util.py:461:  ++ _scls+=("$arg")
DEBUG util.py:461:  ++ _scl_prefixes+=("$_scl_prefix")
DEBUG util.py:461:  ++ '[' false == false ']'
DEBUG util.py:461:  ++ _i=0
DEBUG util.py:461:  ++ _recursion=true
DEBUG util.py:461:  ++ '[' 0 -lt 1 ']'
DEBUG util.py:461:  ++ _scl_scriptlet_path=/opt/rh/gcc-toolset-12/enable
DEBUG util.py:461:  ++ source /opt/rh/gcc-toolset-12/enable
DEBUG util.py:461:  +++ export PATH=/opt/rh/gcc-toolset-12/root/usr/bin:/usr/share/Modules/bin:/usr/bin:/bin:/usr/sbin:/sbin:/usr/local/sbin
DEBUG util.py:461:  +++ PATH=/opt/rh/gcc-toolset-12/root/usr/bin:/usr/share/Modules/bin:/usr/bin:/bin:/usr/sbin:/sbin:/usr/local/sbin
DEBUG util.py:461:  +++ export MANPATH=/opt/rh/gcc-toolset-12/root/usr/share/man
DEBUG util.py:461:  +++ MANPATH=/opt/rh/gcc-toolset-12/root/usr/share/man
DEBUG util.py:461:  +++ export INFOPATH=/opt/rh/gcc-toolset-12/root/usr/share/info
DEBUG util.py:461:  +++ INFOPATH=/opt/rh/gcc-toolset-12/root/usr/share/info
DEBUG util.py:461:  +++ export PCP_DIR=/opt/rh/gcc-toolset-12/root
DEBUG util.py:461:  +++ PCP_DIR=/opt/rh/gcc-toolset-12/root
DEBUG util.py:461:  ++++ rpm --eval '%{_libdir}'
DEBUG util.py:461:  +++ rpmlibdir=/usr/lib64
DEBUG util.py:461:  +++ '[' /usr/lib64 '!=' /usr/ ']'
DEBUG util.py:461:  +++ rpmlibdir32=:/opt/rh/gcc-toolset-12/root/usr/lib
DEBUG util.py:461:  +++ rpmlibdir64=
DEBUG util.py:461:  +++ export LD_LIBRARY_PATH=/opt/rh/gcc-toolset-12/root/usr/lib64:/opt/rh/gcc-toolset-12/root/usr/lib
DEBUG util.py:461:  +++ LD_LIBRARY_PATH=/opt/rh/gcc-toolset-12/root/usr/lib64:/opt/rh/gcc-toolset-12/root/usr/lib
DEBUG util.py:461:  +++ export PKG_CONFIG_PATH=/opt/rh/gcc-toolset-12/root/usr/lib64/pkgconfig::/usr/lib64/pkgconfig:/usr/share/pkgconfig
DEBUG util.py:461:  +++ PKG_CONFIG_PATH=/opt/rh/gcc-toolset-12/root/usr/lib64/pkgconfig::/usr/lib64/pkgconfig:/usr/share/pkgconfig
DEBUG util.py:461:  ++ '[' 0 -ne 0 ']'
DEBUG util.py:461:  ++ export 'X_SCLS=gcc-toolset-12 '
DEBUG util.py:461:  ++ X_SCLS='gcc-toolset-12 '
DEBUG util.py:461:  ++ _i=1
DEBUG util.py:461:  ++ '[' 1 -lt 1 ']'
DEBUG util.py:461:  ++ _scls=()
DEBUG util.py:461:  ++ _scl_prefixes=()
DEBUG util.py:461:  ++ _scl_scriptlet_name=
DEBUG util.py:461:  ++ _recursion=false
DEBUG util.py:463:  + COMMIT_ID=afc49558b34548644c1cd0ad1b6526a9470182ed
DEBUG util.py:463:  + MAKEFLAGS='TOPDIR=.. -f ../Makefile COMMIT_ID=afc49558b34548644c1cd0ad1b6526a9470182ed '
DEBUG util.py:463:  + MAKEFLAGS+='EFIDIR=almalinux PKGNAME=shim RELEASE=2.el9.alma.2 '
DEBUG util.py:463:  + MAKEFLAGS+='ENABLE_SHIM_HASH=true '
DEBUG util.py:463:  + MAKEFLAGS+='SBAT_AUTOMATIC_DATE=2023012900 '
DEBUG util.py:463:  + MAKEFLAGS+=-j80
DEBUG util.py:463:  + '[' -f vendor_db.esl ']'
DEBUG util.py:463:  + MAKEFLAGS='TOPDIR=.. -f ../Makefile COMMIT_ID=afc49558b34548644c1cd0ad1b6526a9470182ed EFIDIR=almalinux PKGNAME=shim RELEASE=2.el9.alma.2 ENABLE_SHIM_HASH=true SBAT_AUTOMATIC_DATE=2023012900 -j80 VENDOR_DB_FILE=../vendor_db.esl '
DEBUG util.py:463:  + '[' -f /builddir/build/SOURCES/dbx.esl ']'
DEBUG util.py:463:  + MAKEFLAGS='TOPDIR=.. -f ../Makefile COMMIT_ID=afc49558b34548644c1cd0ad1b6526a9470182ed EFIDIR=almalinux PKGNAME=shim RELEASE=2.el9.alma.2 ENABLE_SHIM_HASH=true SBAT_AUTOMATIC_DATE=2023012900 -j80 VENDOR_DB_FILE=../vendor_db.esl  VENDOR_DBX_FILE=/builddir/build/SOURCES/dbx.esl '
DEBUG util.py:463:  + cd build-aa64
DEBUG util.py:463:  + make TOPDIR=.. -f ../Makefile COMMIT_ID=afc49558b34548644c1cd0ad1b6526a9470182ed EFIDIR=almalinux PKGNAME=shim RELEASE=2.el9.alma.2 ENABLE_SHIM_HASH=true SBAT_AUTOMATIC_DATE=2023012900 -j80 VENDOR_DB_FILE=../vendor_db.esl VENDOR_DBX_FILE=/builddir/build/SOURCES/dbx.esl 'POST_PROCESS_PE_FLAGS=-n -x' 'DEFAULT_LOADER=\\\\grubaa64.efi' all
DEBUG util.py:463:  gcc -std=gnu11 -Og -g3 -Wall -Wextra -Wno-missing-field-initializers -Werror -o generate_sbat_var_defs /builddir/build/BUILD/shim-16.1/generate_sbat_var_defs.c
DEBUG util.py:463:  ./generate_sbat_var_defs /builddir/build/BUILD/shim-16.1 > generated_sbat_var_defs.h
DEBUG util.py:463:  sed	-e "s,@@VERSION@@,16.1," \
DEBUG util.py:463:  	-e "s,@@UNAME@@,buildhost," \
DEBUG util.py:463:  	-e "s,@@COMMIT@@,afc49558b34548644c1cd0ad1b6526a9470182ed," \
DEBUG util.py:463:  	< /builddir/build/BUILD/shim-16.1/version.c.in > version.c
DEBUG util.py:463:  gcc -std=gnu11 -ggdb -gdwarf-4 -gstrict-dwarf -ffreestanding -fmacro-prefix-map=/builddir/build/BUILD/shim-16.1/= -fno-stack-protector -fno-strict-aliasing -fpic -fshort-wchar -Os -Wall -Wextra -Wno-missing-field-initializers  -DMDE_CPU_AARCH64 -DPAGE_SIZE=4096 -mstrict-align -Werror -nostdinc -I/builddir/build/BUILD/shim-16.1/Cryptlib -I/builddir/build/BUILD/shim-16.1/Cryptlib/Include -I/builddir/build/BUILD/shim-16.1/gnu-efi/inc -I/builddir/build/BUILD/shim-16.1/gnu-efi/inc/aarch64 -I/builddir/build/BUILD/shim-16.1/gnu-efi/inc/protocol -I/builddir/build/BUILD/shim-16.1/include -iquote /builddir/build/BUILD/shim-16.1 -iquote /builddir/build/BUILD/shim-16.1/build-aa64 -isystem /builddir/build/BUILD/shim-16.1/include/system -isystem /opt/rh/gcc-toolset-12/root/usr/lib/gcc/aarch64-redhat-linux/12/include -DDEFAULT_LOADER='L"\\\\grubaa64.efi"' -DDEFAULT_LOADER_CHAR='"\\\\grubaa64.efi"' -DEFI_ARCH='L"aa64"' -DDEBUGDIR='L"/usr/lib/debug/usr/share/shim/aa64-16.1-2.el9.alma.2/"' -DVENDOR_DB_FILE=\"../vendor_db.esl\" -DVENDOR_DBX_FILE=\"/builddir/build/SOURCES/dbx.esl\" -DSBAT_AUTOMATIC_DATE=2023012900   -c -o shim.o /builddir/build/BUILD/shim-16.1/shim.c
DEBUG util.py:463:  gcc -std=gnu11 -ggdb -gdwarf-4 -gstrict-dwarf -ffreestanding -fmacro-prefix-map=/builddir/build/BUILD/shim-16.1/= -fno-stack-protector -fno-strict-aliasing -fpic -fshort-wchar -Os -Wall -Wextra -Wno-missing-field-initializers  -DMDE_CPU_AARCH64 -DPAGE_SIZE=4096 -mstrict-align -Werror -nostdinc -I/builddir/build/BUILD/shim-16.1/Cryptlib -I/builddir/build/BUILD/shim-16.1/Cryptlib/Include -I/builddir/build/BUILD/shim-16.1/gnu-efi/inc -I/builddir/build/BUILD/shim-16.1/gnu-efi/inc/aarch64 -I/builddir/build/BUILD/shim-16.1/gnu-efi/inc/protocol -I/builddir/build/BUILD/shim-16.1/include -iquote /builddir/build/BUILD/shim-16.1 -iquote /builddir/build/BUILD/shim-16.1/build-aa64 -isystem /builddir/build/BUILD/shim-16.1/include/system -isystem /opt/rh/gcc-toolset-12/root/usr/lib/gcc/aarch64-redhat-linux/12/include -DDEFAULT_LOADER='L"\\\\grubaa64.efi"' -DDEFAULT_LOADER_CHAR='"\\\\grubaa64.efi"' -DEFI_ARCH='L"aa64"' -DDEBUGDIR='L"/usr/lib/debug/usr/share/shim/aa64-16.1-2.el9.alma.2/"' -DVENDOR_DB_FILE=\"../vendor_db.esl\" -DVENDOR_DBX_FILE=\"/builddir/build/SOURCES/dbx.esl\" -DSBAT_AUTOMATIC_DATE=2023012900   -c -o globals.o /builddir/build/BUILD/shim-16.1/globals.c
DEBUG util.py:463:  gcc -std=gnu11 -ggdb -gdwarf-4 -gstrict-dwarf -ffreestanding -fmacro-prefix-map=/builddir/build/BUILD/shim-16.1/= -fno-stack-protector -fno-strict-aliasing -fpic -fshort-wchar -Os -Wall -Wextra -Wno-missing-field-initializers  -DMDE_CPU_AARCH64 -DPAGE_SIZE=4096 -mstrict-align -Werror -nostdinc -I/builddir/build/BUILD/shim-16.1/Cryptlib -I/builddir/build/BUILD/shim-16.1/Cryptlib/Include -I/builddir/build/BUILD/shim-16.1/gnu-efi/inc -I/builddir/build/BUILD/shim-16.1/gnu-efi/inc/aarch64 -I/builddir/build/BUILD/shim-16.1/gnu-efi/inc/protocol -I/builddir/build/BUILD/shim-16.1/include -iquote /builddir/build/BUILD/shim-16.1 -iquote /builddir/build/BUILD/shim-16.1/build-aa64 -isystem /builddir/build/BUILD/shim-16.1/include/system -isystem /opt/rh/gcc-toolset-12/root/usr/lib/gcc/aarch64-redhat-linux/12/include -DDEFAULT_LOADER='L"\\\\grubaa64.efi"' -DDEFAULT_LOADER_CHAR='"\\\\grubaa64.efi"' -DEFI_ARCH='L"aa64"' -DDEBUGDIR='L"/usr/lib/debug/usr/share/shim/aa64-16.1-2.el9.alma.2/"' -DVENDOR_DB_FILE=\"../vendor_db.esl\" -DVENDOR_DBX_FILE=\"/builddir/build/SOURCES/dbx.esl\" -DSBAT_AUTOMATIC_DATE=2023012900   -c -o memattrs.o /builddir/build/BUILD/shim-16.1/memattrs.c
DEBUG util.py:463:  gcc -std=gnu11 -ggdb -gdwarf-4 -gstrict-dwarf -ffreestanding -fmacro-prefix-map=/builddir/build/BUILD/shim-16.1/= -fno-stack-protector -fno-strict-aliasing -fpic -fshort-wchar -Os -Wall -Wextra -Wno-missing-field-initializers  -DMDE_CPU_AARCH64 -DPAGE_SIZE=4096 -mstrict-align -Werror -nostdinc -I/builddir/build/BUILD/shim-16.1/Cryptlib -I/builddir/build/BUILD/shim-16.1/Cryptlib/Include -I/builddir/build/BUILD/shim-16.1/gnu-efi/inc -I/builddir/build/BUILD/shim-16.1/gnu-efi/inc/aarch64 -I/builddir/build/BUILD/shim-16.1/gnu-efi/inc/protocol -I/builddir/build/BUILD/shim-16.1/include -iquote /builddir/build/BUILD/shim-16.1 -iquote /builddir/build/BUILD/shim-16.1/build-aa64 -isystem /builddir/build/BUILD/shim-16.1/include/system -isystem /opt/rh/gcc-toolset-12/root/usr/lib/gcc/aarch64-redhat-linux/12/include -DDEFAULT_LOADER='L"\\\\grubaa64.efi"' -DDEFAULT_LOADER_CHAR='"\\\\grubaa64.efi"' -DEFI_ARCH='L"aa64"' -DDEBUGDIR='L"/usr/lib/debug/usr/share/shim/aa64-16.1-2.el9.alma.2/"' -DVENDOR_DB_FILE=\"../vendor_db.esl\" -DVENDOR_DBX_FILE=\"/builddir/build/SOURCES/dbx.esl\" -DSBAT_AUTOMATIC_DATE=2023012900   -c -o mok.o /builddir/build/BUILD/shim-16.1/mok.c
DEBUG util.py:463:  gcc -std=gnu11 -ggdb -gdwarf-4 -gstrict-dwarf -ffreestanding -fmacro-prefix-map=/builddir/build/BUILD/shim-16.1/= -fno-stack-protector -fno-strict-aliasing -fpic -fshort-wchar -Os -Wall -Wextra -Wno-missing-field-initializers  -DMDE_CPU_AARCH64 -DPAGE_SIZE=4096 -mstrict-align -Werror -nostdinc -I/builddir/build/BUILD/shim-16.1/Cryptlib -I/builddir/build/BUILD/shim-16.1/Cryptlib/Include -I/builddir/build/BUILD/shim-16.1/gnu-efi/inc -I/builddir/build/BUILD/shim-16.1/gnu-efi/inc/aarch64 -I/builddir/build/BUILD/shim-16.1/gnu-efi/inc/protocol -I/builddir/build/BUILD/shim-16.1/include -iquote /builddir/build/BUILD/shim-16.1 -iquote /builddir/build/BUILD/shim-16.1/build-aa64 -isystem /builddir/build/BUILD/shim-16.1/include/system -isystem /opt/rh/gcc-toolset-12/root/usr/lib/gcc/aarch64-redhat-linux/12/include -DDEFAULT_LOADER='L"\\\\grubaa64.efi"' -DDEFAULT_LOADER_CHAR='"\\\\grubaa64.efi"' -DEFI_ARCH='L"aa64"' -DDEBUGDIR='L"/usr/lib/debug/usr/share/shim/aa64-16.1-2.el9.alma.2/"' -DVENDOR_DB_FILE=\"../vendor_db.esl\" -DVENDOR_DBX_FILE=\"/builddir/build/SOURCES/dbx.esl\" -DSBAT_AUTOMATIC_DATE=2023012900   -c -o netboot.o /builddir/build/BUILD/shim-16.1/netboot.c
DEBUG util.py:463:  gcc -std=gnu11 -ggdb -gdwarf-4 -gstrict-dwarf -ffreestanding -fmacro-prefix-map=/builddir/build/BUILD/shim-16.1/= -fno-stack-protector -fno-strict-aliasing -fpic -fshort-wchar -Os -Wall -Wextra -Wno-missing-field-initializers  -DMDE_CPU_AARCH64 -DPAGE_SIZE=4096 -mstrict-align -Werror -nostdinc -I/builddir/build/BUILD/shim-16.1/Cryptlib -I/builddir/build/BUILD/shim-16.1/Cryptlib/Include -I/builddir/build/BUILD/shim-16.1/gnu-efi/inc -I/builddir/build/BUILD/shim-16.1/gnu-efi/inc/aarch64 -I/builddir/build/BUILD/shim-16.1/gnu-efi/inc/protocol -I/builddir/build/BUILD/shim-16.1/include -iquote /builddir/build/BUILD/shim-16.1 -iquote /builddir/build/BUILD/shim-16.1/build-aa64 -isystem /builddir/build/BUILD/shim-16.1/include/system -isystem /opt/rh/gcc-toolset-12/root/usr/lib/gcc/aarch64-redhat-linux/12/include -DDEFAULT_LOADER='L"\\\\grubaa64.efi"' -DDEFAULT_LOADER_CHAR='"\\\\grubaa64.efi"' -DEFI_ARCH='L"aa64"' -DDEBUGDIR='L"/usr/lib/debug/usr/share/shim/aa64-16.1-2.el9.alma.2/"' -DVENDOR_DB_FILE=\"../vendor_db.esl\" -DVENDOR_DBX_FILE=\"/builddir/build/SOURCES/dbx.esl\" -DSBAT_AUTOMATIC_DATE=2023012900 -c -o cert.o /builddir/build/BUILD/shim-16.1/cert.S 
DEBUG util.py:461:  /builddir/build/BUILD/shim-16.1/cert.S: Assembler messages:
DEBUG util.py:461:  /builddir/build/BUILD/shim-16.1/cert.S:55: Warning: setting incorrect section attributes for .note.GNU-stack
DEBUG util.py:463:  gcc -std=gnu11 -ggdb -gdwarf-4 -gstrict-dwarf -ffreestanding -fmacro-prefix-map=/builddir/build/BUILD/shim-16.1/= -fno-stack-protector -fno-strict-aliasing -fpic -fshort-wchar -Os -Wall -Wextra -Wno-missing-field-initializers  -DMDE_CPU_AARCH64 -DPAGE_SIZE=4096 -mstrict-align -Werror -nostdinc -I/builddir/build/BUILD/shim-16.1/Cryptlib -I/builddir/build/BUILD/shim-16.1/Cryptlib/Include -I/builddir/build/BUILD/shim-16.1/gnu-efi/inc -I/builddir/build/BUILD/shim-16.1/gnu-efi/inc/aarch64 -I/builddir/build/BUILD/shim-16.1/gnu-efi/inc/protocol -I/builddir/build/BUILD/shim-16.1/include -iquote /builddir/build/BUILD/shim-16.1 -iquote /builddir/build/BUILD/shim-16.1/build-aa64 -isystem /builddir/build/BUILD/shim-16.1/include/system -isystem /opt/rh/gcc-toolset-12/root/usr/lib/gcc/aarch64-redhat-linux/12/include -DDEFAULT_LOADER='L"\\\\grubaa64.efi"' -DDEFAULT_LOADER_CHAR='"\\\\grubaa64.efi"' -DEFI_ARCH='L"aa64"' -DDEBUGDIR='L"/usr/lib/debug/usr/share/shim/aa64-16.1-2.el9.alma.2/"' -DVENDOR_DB_FILE=\"../vendor_db.esl\" -DVENDOR_DBX_FILE=\"/builddir/build/SOURCES/dbx.esl\" -DSBAT_AUTOMATIC_DATE=2023012900   -c -o dp.o /builddir/build/BUILD/shim-16.1/dp.c
DEBUG util.py:463:  gcc -std=gnu11 -ggdb -gdwarf-4 -gstrict-dwarf -ffreestanding -fmacro-prefix-map=/builddir/build/BUILD/shim-16.1/= -fno-stack-protector -fno-strict-aliasing -fpic -fshort-wchar -Os -Wall -Wextra -Wno-missing-field-initializers  -DMDE_CPU_AARCH64 -DPAGE_SIZE=4096 -mstrict-align -Werror -nostdinc -I/builddir/build/BUILD/shim-16.1/Cryptlib -I/builddir/build/BUILD/shim-16.1/Cryptlib/Include -I/builddir/build/BUILD/shim-16.1/gnu-efi/inc -I/builddir/build/BUILD/shim-16.1/gnu-efi/inc/aarch64 -I/builddir/build/BUILD/shim-16.1/gnu-efi/inc/protocol -I/builddir/build/BUILD/shim-16.1/include -iquote /builddir/build/BUILD/shim-16.1 -iquote /builddir/build/BUILD/shim-16.1/build-aa64 -isystem /builddir/build/BUILD/shim-16.1/include/system -isystem /opt/rh/gcc-toolset-12/root/usr/lib/gcc/aarch64-redhat-linux/12/include -DDEFAULT_LOADER='L"\\\\grubaa64.efi"' -DDEFAULT_LOADER_CHAR='"\\\\grubaa64.efi"' -DEFI_ARCH='L"aa64"' -DDEBUGDIR='L"/usr/lib/debug/usr/share/shim/aa64-16.1-2.el9.alma.2/"' -DVENDOR_DB_FILE=\"../vendor_db.esl\" -DVENDOR_DBX_FILE=\"/builddir/build/SOURCES/dbx.esl\" -DSBAT_AUTOMATIC_DATE=2023012900   -c -o loader-proto.o /builddir/build/BUILD/shim-16.1/loader-proto.c
DEBUG util.py:463:  gcc -std=gnu11 -ggdb -gdwarf-4 -gstrict-dwarf -ffreestanding -fmacro-prefix-map=/builddir/build/BUILD/shim-16.1/= -fno-stack-protector -fno-strict-aliasing -fpic -fshort-wchar -Os -Wall -Wextra -Wno-missing-field-initializers  -DMDE_CPU_AARCH64 -DPAGE_SIZE=4096 -mstrict-align -Werror -nostdinc -I/builddir/build/BUILD/shim-16.1/Cryptlib -I/builddir/build/BUILD/shim-16.1/Cryptlib/Include -I/builddir/build/BUILD/shim-16.1/gnu-efi/inc -I/builddir/build/BUILD/shim-16.1/gnu-efi/inc/aarch64 -I/builddir/build/BUILD/shim-16.1/gnu-efi/inc/protocol -I/builddir/build/BUILD/shim-16.1/include -iquote /builddir/build/BUILD/shim-16.1 -iquote /builddir/build/BUILD/shim-16.1/build-aa64 -isystem /builddir/build/BUILD/shim-16.1/include/system -isystem /opt/rh/gcc-toolset-12/root/usr/lib/gcc/aarch64-redhat-linux/12/include -DDEFAULT_LOADER='L"\\\\grubaa64.efi"' -DDEFAULT_LOADER_CHAR='"\\\\grubaa64.efi"' -DEFI_ARCH='L"aa64"' -DDEBUGDIR='L"/usr/lib/debug/usr/share/shim/aa64-16.1-2.el9.alma.2/"' -DVENDOR_DB_FILE=\"../vendor_db.esl\" -DVENDOR_DBX_FILE=\"/builddir/build/SOURCES/dbx.esl\" -DSBAT_AUTOMATIC_DATE=2023012900   -c -o tpm.o /builddir/build/BUILD/shim-16.1/tpm.c
DEBUG util.py:463:  gcc -std=gnu11 -ggdb -gdwarf-4 -gstrict-dwarf -ffreestanding -fmacro-prefix-map=/builddir/build/BUILD/shim-16.1/= -fno-stack-protector -fno-strict-aliasing -fpic -fshort-wchar -Os -Wall -Wextra -Wno-missing-field-initializers  -DMDE_CPU_AARCH64 -DPAGE_SIZE=4096 -mstrict-align -Werror -nostdinc -I/builddir/build/BUILD/shim-16.1/Cryptlib -I/builddir/build/BUILD/shim-16.1/Cryptlib/Include -I/builddir/build/BUILD/shim-16.1/gnu-efi/inc -I/builddir/build/BUILD/shim-16.1/gnu-efi/inc/aarch64 -I/builddir/build/BUILD/shim-16.1/gnu-efi/inc/protocol -I/builddir/build/BUILD/shim-16.1/include -iquote /builddir/build/BUILD/shim-16.1 -iquote /builddir/build/BUILD/shim-16.1/build-aa64 -isystem /builddir/build/BUILD/shim-16.1/include/system -isystem /opt/rh/gcc-toolset-12/root/usr/lib/gcc/aarch64-redhat-linux/12/include -DDEFAULT_LOADER='L"\\\\grubaa64.efi"' -DDEFAULT_LOADER_CHAR='"\\\\grubaa64.efi"' -DEFI_ARCH='L"aa64"' -DDEBUGDIR='L"/usr/lib/debug/usr/share/shim/aa64-16.1-2.el9.alma.2/"' -DVENDOR_DB_FILE=\"../vendor_db.esl\" -DVENDOR_DBX_FILE=\"/builddir/build/SOURCES/dbx.esl\" -DSBAT_AUTOMATIC_DATE=2023012900   -c -o version.o version.c
DEBUG util.py:463:  gcc -std=gnu11 -ggdb -gdwarf-4 -gstrict-dwarf -ffreestanding -fmacro-prefix-map=/builddir/build/BUILD/shim-16.1/= -fno-stack-protector -fno-strict-aliasing -fpic -fshort-wchar -Os -Wall -Wextra -Wno-missing-field-initializers  -DMDE_CPU_AARCH64 -DPAGE_SIZE=4096 -mstrict-align -Werror -nostdinc -I/builddir/build/BUILD/shim-16.1/Cryptlib -I/builddir/build/BUILD/shim-16.1/Cryptlib/Include -I/builddir/build/BUILD/shim-16.1/gnu-efi/inc -I/builddir/build/BUILD/shim-16.1/gnu-efi/inc/aarch64 -I/builddir/build/BUILD/shim-16.1/gnu-efi/inc/protocol -I/builddir/build/BUILD/shim-16.1/include -iquote /builddir/build/BUILD/shim-16.1 -iquote /builddir/build/BUILD/shim-16.1/build-aa64 -isystem /builddir/build/BUILD/shim-16.1/include/system -isystem /opt/rh/gcc-toolset-12/root/usr/lib/gcc/aarch64-redhat-linux/12/include -DDEFAULT_LOADER='L"\\\\grubaa64.efi"' -DDEFAULT_LOADER_CHAR='"\\\\grubaa64.efi"' -DEFI_ARCH='L"aa64"' -DDEBUGDIR='L"/usr/lib/debug/usr/share/shim/aa64-16.1-2.el9.alma.2/"' -DVENDOR_DB_FILE=\"../vendor_db.esl\" -DVENDOR_DBX_FILE=\"/builddir/build/SOURCES/dbx.esl\" -DSBAT_AUTOMATIC_DATE=2023012900   -c -o errlog.o /builddir/build/BUILD/shim-16.1/errlog.c
DEBUG util.py:463:  gcc -std=gnu11 -ggdb -gdwarf-4 -gstrict-dwarf -ffreestanding -fmacro-prefix-map=/builddir/build/BUILD/shim-16.1/= -fno-stack-protector -fno-strict-aliasing -fpic -fshort-wchar -Os -Wall -Wextra -Wno-missing-field-initializers  -DMDE_CPU_AARCH64 -DPAGE_SIZE=4096 -mstrict-align -Werror -nostdinc -I/builddir/build/BUILD/shim-16.1/Cryptlib -I/builddir/build/BUILD/shim-16.1/Cryptlib/Include -I/builddir/build/BUILD/shim-16.1/gnu-efi/inc -I/builddir/build/BUILD/shim-16.1/gnu-efi/inc/aarch64 -I/builddir/build/BUILD/shim-16.1/gnu-efi/inc/protocol -I/builddir/build/BUILD/shim-16.1/include -iquote /builddir/build/BUILD/shim-16.1 -iquote /builddir/build/BUILD/shim-16.1/build-aa64 -isystem /builddir/build/BUILD/shim-16.1/include/system -isystem /opt/rh/gcc-toolset-12/root/usr/lib/gcc/aarch64-redhat-linux/12/include -DDEFAULT_LOADER='L"\\\\grubaa64.efi"' -DDEFAULT_LOADER_CHAR='"\\\\grubaa64.efi"' -DEFI_ARCH='L"aa64"' -DDEBUGDIR='L"/usr/lib/debug/usr/share/shim/aa64-16.1-2.el9.alma.2/"' -DVENDOR_DB_FILE=\"../vendor_db.esl\" -DVENDOR_DBX_FILE=\"/builddir/build/SOURCES/dbx.esl\" -DSBAT_AUTOMATIC_DATE=2023012900   -c -o sbat.o /builddir/build/BUILD/shim-16.1/sbat.c
DEBUG util.py:463:  dos2unix -r -l -F -f -n /builddir/build/BUILD/shim-16.1/data/sbat.almalinux.csv sbat.almalinux.csv
DEBUG util.py:461:  dos2unix: converting file /builddir/build/BUILD/shim-16.1/data/sbat.almalinux.csv to file sbat.almalinux.csv in Unix format...
DEBUG util.py:463:  tail -c1 sbat.almalinux.csv | read -r _ || echo >> sbat.almalinux.csv # ensure a trailing newline
DEBUG util.py:463:  gcc -std=gnu11 -ggdb -gdwarf-4 -gstrict-dwarf -ffreestanding -fmacro-prefix-map=/builddir/build/BUILD/shim-16.1/= -fno-stack-protector -fno-strict-aliasing -fpic -fshort-wchar -Os -Wall -Wextra -Wno-missing-field-initializers  -DMDE_CPU_AARCH64 -DPAGE_SIZE=4096 -mstrict-align -Werror -nostdinc -I/builddir/build/BUILD/shim-16.1/Cryptlib -I/builddir/build/BUILD/shim-16.1/Cryptlib/Include -I/builddir/build/BUILD/shim-16.1/gnu-efi/inc -I/builddir/build/BUILD/shim-16.1/gnu-efi/inc/aarch64 -I/builddir/build/BUILD/shim-16.1/gnu-efi/inc/protocol -I/builddir/build/BUILD/shim-16.1/include -iquote /builddir/build/BUILD/shim-16.1 -iquote /builddir/build/BUILD/shim-16.1/build-aa64 -isystem /builddir/build/BUILD/shim-16.1/include/system -isystem /opt/rh/gcc-toolset-12/root/usr/lib/gcc/aarch64-redhat-linux/12/include -DDEFAULT_LOADER='L"\\\\grubaa64.efi"' -DDEFAULT_LOADER_CHAR='"\\\\grubaa64.efi"' -DEFI_ARCH='L"aa64"' -DDEBUGDIR='L"/usr/lib/debug/usr/share/shim/aa64-16.1-2.el9.alma.2/"' -DVENDOR_DB_FILE=\"../vendor_db.esl\" -DVENDOR_DBX_FILE=\"/builddir/build/SOURCES/dbx.esl\" -DSBAT_AUTOMATIC_DATE=2023012900 -x c -c -o sbat_data.o /dev/null
DEBUG util.py:463:  objcopy --add-section .sbat=/builddir/build/BUILD/shim-16.1/data/sbat.csv \
DEBUG util.py:463:  	--set-section-flags .sbat=contents,alloc,load,readonly,data \
DEBUG util.py:463:  	sbat_data.o
DEBUG util.py:463:  objcopy --add-section ".sbat.almalinux=sbat.almalinux.csv" sbat_data.o
DEBUG util.py:463:  gcc -std=gnu11 -ggdb -gdwarf-4 -gstrict-dwarf -ffreestanding -fmacro-prefix-map=/builddir/build/BUILD/shim-16.1/= -fno-stack-protector -fno-strict-aliasing -fpic -fshort-wchar -Os -Wall -Wextra -Wno-missing-field-initializers  -DMDE_CPU_AARCH64 -DPAGE_SIZE=4096 -mstrict-align -Werror -nostdinc -I/builddir/build/BUILD/shim-16.1/Cryptlib -I/builddir/build/BUILD/shim-16.1/Cryptlib/Include -I/builddir/build/BUILD/shim-16.1/gnu-efi/inc -I/builddir/build/BUILD/shim-16.1/gnu-efi/inc/aarch64 -I/builddir/build/BUILD/shim-16.1/gnu-efi/inc/protocol -I/builddir/build/BUILD/shim-16.1/include -iquote /builddir/build/BUILD/shim-16.1 -iquote /builddir/build/BUILD/shim-16.1/build-aa64 -isystem /builddir/build/BUILD/shim-16.1/include/system -isystem /opt/rh/gcc-toolset-12/root/usr/lib/gcc/aarch64-redhat-linux/12/include -DDEFAULT_LOADER='L"\\\\grubaa64.efi"' -DDEFAULT_LOADER_CHAR='"\\\\grubaa64.efi"' -DEFI_ARCH='L"aa64"' -DDEBUGDIR='L"/usr/lib/debug/usr/share/shim/aa64-16.1-2.el9.alma.2/"' -DVENDOR_DB_FILE=\"../vendor_db.esl\" -DVENDOR_DBX_FILE=\"/builddir/build/SOURCES/dbx.esl\" -DSBAT_AUTOMATIC_DATE=2023012900 -c -o sbat_var.o /builddir/build/BUILD/shim-16.1/sbat_var.S 
DEBUG util.py:461:  /builddir/build/BUILD/shim-16.1/sbat_var.S: Assembler messages:
DEBUG util.py:461:  /builddir/build/BUILD/shim-16.1/sbat_var.S:24: Warning: setting incorrect section attributes for .note.GNU-stack
DEBUG util.py:463:  gcc -std=gnu11 -ggdb -gdwarf-4 -gstrict-dwarf -ffreestanding -fmacro-prefix-map=/builddir/build/BUILD/shim-16.1/= -fno-stack-protector -fno-strict-aliasing -fpic -fshort-wchar -Os -Wall -Wextra -Wno-missing-field-initializers  -DMDE_CPU_AARCH64 -DPAGE_SIZE=4096 -mstrict-align -Werror -nostdinc -I/builddir/build/BUILD/shim-16.1/Cryptlib -I/builddir/build/BUILD/shim-16.1/Cryptlib/Include -I/builddir/build/BUILD/shim-16.1/gnu-efi/inc -I/builddir/build/BUILD/shim-16.1/gnu-efi/inc/aarch64 -I/builddir/build/BUILD/shim-16.1/gnu-efi/inc/protocol -I/builddir/build/BUILD/shim-16.1/include -iquote /builddir/build/BUILD/shim-16.1 -iquote /builddir/build/BUILD/shim-16.1/build-aa64 -isystem /builddir/build/BUILD/shim-16.1/include/system -isystem /opt/rh/gcc-toolset-12/root/usr/lib/gcc/aarch64-redhat-linux/12/include -DDEFAULT_LOADER='L"\\\\grubaa64.efi"' -DDEFAULT_LOADER_CHAR='"\\\\grubaa64.efi"' -DEFI_ARCH='L"aa64"' -DDEBUGDIR='L"/usr/lib/debug/usr/share/shim/aa64-16.1-2.el9.alma.2/"' -DVENDOR_DB_FILE=\"../vendor_db.esl\" -DVENDOR_DBX_FILE=\"/builddir/build/SOURCES/dbx.esl\" -DSBAT_AUTOMATIC_DATE=2023012900   -c -o pe.o /builddir/build/BUILD/shim-16.1/pe.c
DEBUG util.py:463:  gcc -std=gnu11 -ggdb -gdwarf-4 -gstrict-dwarf -ffreestanding -fmacro-prefix-map=/builddir/build/BUILD/shim-16.1/= -fno-stack-protector -fno-strict-aliasing -fpic -fshort-wchar -Os -Wall -Wextra -Wno-missing-field-initializers  -DMDE_CPU_AARCH64 -DPAGE_SIZE=4096 -mstrict-align -Werror -nostdinc -I/builddir/build/BUILD/shim-16.1/Cryptlib -I/builddir/build/BUILD/shim-16.1/Cryptlib/Include -I/builddir/build/BUILD/shim-16.1/gnu-efi/inc -I/builddir/build/BUILD/shim-16.1/gnu-efi/inc/aarch64 -I/builddir/build/BUILD/shim-16.1/gnu-efi/inc/protocol -I/builddir/build/BUILD/shim-16.1/include -iquote /builddir/build/BUILD/shim-16.1 -iquote /builddir/build/BUILD/shim-16.1/build-aa64 -isystem /builddir/build/BUILD/shim-16.1/include/system -isystem /opt/rh/gcc-toolset-12/root/usr/lib/gcc/aarch64-redhat-linux/12/include -DDEFAULT_LOADER='L"\\\\grubaa64.efi"' -DDEFAULT_LOADER_CHAR='"\\\\grubaa64.efi"' -DEFI_ARCH='L"aa64"' -DDEBUGDIR='L"/usr/lib/debug/usr/share/shim/aa64-16.1-2.el9.alma.2/"' -DVENDOR_DB_FILE=\"../vendor_db.esl\" -DVENDOR_DBX_FILE=\"/builddir/build/SOURCES/dbx.esl\" -DSBAT_AUTOMATIC_DATE=2023012900   -c -o pe-relocate.o /builddir/build/BUILD/shim-16.1/pe-relocate.c
DEBUG util.py:463:  gcc -std=gnu11 -ggdb -gdwarf-4 -gstrict-dwarf -ffreestanding -fmacro-prefix-map=/builddir/build/BUILD/shim-16.1/= -fno-stack-protector -fno-strict-aliasing -fpic -fshort-wchar -Os -Wall -Wextra -Wno-missing-field-initializers  -DMDE_CPU_AARCH64 -DPAGE_SIZE=4096 -mstrict-align -Werror -nostdinc -I/builddir/build/BUILD/shim-16.1/Cryptlib -I/builddir/build/BUILD/shim-16.1/Cryptlib/Include -I/builddir/build/BUILD/shim-16.1/gnu-efi/inc -I/builddir/build/BUILD/shim-16.1/gnu-efi/inc/aarch64 -I/builddir/build/BUILD/shim-16.1/gnu-efi/inc/protocol -I/builddir/build/BUILD/shim-16.1/include -iquote /builddir/build/BUILD/shim-16.1 -iquote /builddir/build/BUILD/shim-16.1/build-aa64 -isystem /builddir/build/BUILD/shim-16.1/include/system -isystem /opt/rh/gcc-toolset-12/root/usr/lib/gcc/aarch64-redhat-linux/12/include -DDEFAULT_LOADER='L"\\\\grubaa64.efi"' -DDEFAULT_LOADER_CHAR='"\\\\grubaa64.efi"' -DEFI_ARCH='L"aa64"' -DDEBUGDIR='L"/usr/lib/debug/usr/share/shim/aa64-16.1-2.el9.alma.2/"' -DVENDOR_DB_FILE=\"../vendor_db.esl\" -DVENDOR_DBX_FILE=\"/builddir/build/SOURCES/dbx.esl\" -DSBAT_AUTOMATIC_DATE=2023012900   -c -o httpboot.o /builddir/build/BUILD/shim-16.1/httpboot.c
DEBUG util.py:463:  gcc -std=gnu11 -ggdb -gdwarf-4 -gstrict-dwarf -ffreestanding -fmacro-prefix-map=/builddir/build/BUILD/shim-16.1/= -fno-stack-protector -fno-strict-aliasing -fpic -fshort-wchar -Os -Wall -Wextra -Wno-missing-field-initializers  -DMDE_CPU_AARCH64 -DPAGE_SIZE=4096 -mstrict-align -Werror -nostdinc -I/builddir/build/BUILD/shim-16.1/Cryptlib -I/builddir/build/BUILD/shim-16.1/Cryptlib/Include -I/builddir/build/BUILD/shim-16.1/gnu-efi/inc -I/builddir/build/BUILD/shim-16.1/gnu-efi/inc/aarch64 -I/builddir/build/BUILD/shim-16.1/gnu-efi/inc/protocol -I/builddir/build/BUILD/shim-16.1/include -iquote /builddir/build/BUILD/shim-16.1 -iquote /builddir/build/BUILD/shim-16.1/build-aa64 -isystem /builddir/build/BUILD/shim-16.1/include/system -isystem /opt/rh/gcc-toolset-12/root/usr/lib/gcc/aarch64-redhat-linux/12/include -DDEFAULT_LOADER='L"\\\\grubaa64.efi"' -DDEFAULT_LOADER_CHAR='"\\\\grubaa64.efi"' -DEFI_ARCH='L"aa64"' -DDEBUGDIR='L"/usr/lib/debug/usr/share/shim/aa64-16.1-2.el9.alma.2/"' -DVENDOR_DB_FILE=\"../vendor_db.esl\" -DVENDOR_DBX_FILE=\"/builddir/build/SOURCES/dbx.esl\" -DSBAT_AUTOMATIC_DATE=2023012900   -c -o csv.o /builddir/build/BUILD/shim-16.1/csv.c
DEBUG util.py:463:  gcc -std=gnu11 -ggdb -gdwarf-4 -gstrict-dwarf -ffreestanding -fmacro-prefix-map=/builddir/build/BUILD/shim-16.1/= -fno-stack-protector -fno-strict-aliasing -fpic -fshort-wchar -Os -Wall -Wextra -Wno-missing-field-initializers  -DMDE_CPU_AARCH64 -DPAGE_SIZE=4096 -mstrict-align -Werror -nostdinc -I/builddir/build/BUILD/shim-16.1/Cryptlib -I/builddir/build/BUILD/shim-16.1/Cryptlib/Include -I/builddir/build/BUILD/shim-16.1/gnu-efi/inc -I/builddir/build/BUILD/shim-16.1/gnu-efi/inc/aarch64 -I/builddir/build/BUILD/shim-16.1/gnu-efi/inc/protocol -I/builddir/build/BUILD/shim-16.1/include -iquote /builddir/build/BUILD/shim-16.1 -iquote /builddir/build/BUILD/shim-16.1/build-aa64 -isystem /builddir/build/BUILD/shim-16.1/include/system -isystem /opt/rh/gcc-toolset-12/root/usr/lib/gcc/aarch64-redhat-linux/12/include -DDEFAULT_LOADER='L"\\\\grubaa64.efi"' -DDEFAULT_LOADER_CHAR='"\\\\grubaa64.efi"' -DEFI_ARCH='L"aa64"' -DDEBUGDIR='L"/usr/lib/debug/usr/share/shim/aa64-16.1-2.el9.alma.2/"' -DVENDOR_DB_FILE=\"../vendor_db.esl\" -DVENDOR_DBX_FILE=\"/builddir/build/SOURCES/dbx.esl\" -DSBAT_AUTOMATIC_DATE=2023012900   -c -o load-options.o /builddir/build/BUILD/shim-16.1/load-options.c
DEBUG util.py:463:  gcc -std=gnu11 -ggdb -gdwarf-4 -gstrict-dwarf -ffreestanding -fmacro-prefix-map=/builddir/build/BUILD/shim-16.1/= -fno-stack-protector -fno-strict-aliasing -fpic -fshort-wchar -Os -Wall -Wextra -Wno-missing-field-initializers  -DMDE_CPU_AARCH64 -DPAGE_SIZE=4096 -mstrict-align -Werror -nostdinc -I/builddir/build/BUILD/shim-16.1/Cryptlib -I/builddir/build/BUILD/shim-16.1/Cryptlib/Include -I/builddir/build/BUILD/shim-16.1/gnu-efi/inc -I/builddir/build/BUILD/shim-16.1/gnu-efi/inc/aarch64 -I/builddir/build/BUILD/shim-16.1/gnu-efi/inc/protocol -I/builddir/build/BUILD/shim-16.1/include -iquote /builddir/build/BUILD/shim-16.1 -iquote /builddir/build/BUILD/shim-16.1/build-aa64 -isystem /builddir/build/BUILD/shim-16.1/include/system -isystem /opt/rh/gcc-toolset-12/root/usr/lib/gcc/aarch64-redhat-linux/12/include -DDEFAULT_LOADER='L"\\\\grubaa64.efi"' -DDEFAULT_LOADER_CHAR='"\\\\grubaa64.efi"' -DEFI_ARCH='L"aa64"' -DDEBUGDIR='L"/usr/lib/debug/usr/share/shim/aa64-16.1-2.el9.alma.2/"' -DVENDOR_DB_FILE=\"../vendor_db.esl\" -DVENDOR_DBX_FILE=\"/builddir/build/SOURCES/dbx.esl\" -DSBAT_AUTOMATIC_DATE=2023012900   -c -o utils.o /builddir/build/BUILD/shim-16.1/utils.c
DEBUG util.py:463:  gcc -std=gnu11 -ggdb -gdwarf-4 -gstrict-dwarf -ffreestanding -fmacro-prefix-map=/builddir/build/BUILD/shim-16.1/= -fno-stack-protector -fno-strict-aliasing -fpic -fshort-wchar -Os -Wall -Wextra -Wno-missing-field-initializers  -DMDE_CPU_AARCH64 -DPAGE_SIZE=4096 -mstrict-align -Werror -nostdinc -I/builddir/build/BUILD/shim-16.1/Cryptlib -I/builddir/build/BUILD/shim-16.1/Cryptlib/Include -I/builddir/build/BUILD/shim-16.1/gnu-efi/inc -I/builddir/build/BUILD/shim-16.1/gnu-efi/inc/aarch64 -I/builddir/build/BUILD/shim-16.1/gnu-efi/inc/protocol -I/builddir/build/BUILD/shim-16.1/include -iquote /builddir/build/BUILD/shim-16.1 -iquote /builddir/build/BUILD/shim-16.1/build-aa64 -isystem /builddir/build/BUILD/shim-16.1/include/system -isystem /opt/rh/gcc-toolset-12/root/usr/lib/gcc/aarch64-redhat-linux/12/include -DDEFAULT_LOADER='L"\\\\grubaa64.efi"' -DDEFAULT_LOADER_CHAR='"\\\\grubaa64.efi"' -DEFI_ARCH='L"aa64"' -DDEBUGDIR='L"/usr/lib/debug/usr/share/shim/aa64-16.1-2.el9.alma.2/"' -DVENDOR_DB_FILE=\"../vendor_db.esl\" -DVENDOR_DBX_FILE=\"/builddir/build/SOURCES/dbx.esl\" -DSBAT_AUTOMATIC_DATE=2023012900   -c -o verify.o /builddir/build/BUILD/shim-16.1/verify.c
DEBUG util.py:463:  for i in Hash Hmac Cipher Rand Pk Pem SysCall; do mkdir -p Cryptlib/$i; done
DEBUG util.py:463:  make TOPDIR=/builddir/build/BUILD/shim-16.1 VPATH=/builddir/build/BUILD/shim-16.1/Cryptlib -C Cryptlib -f /builddir/build/BUILD/shim-16.1/Cryptlib/Makefile 
DEBUG util.py:463:  make[1]: Entering directory '/builddir/build/BUILD/shim-16.1/build-aa64/Cryptlib'
DEBUG util.py:463:  gcc -std=gnu11 -ggdb -gdwarf-4 -gstrict-dwarf -ffreestanding -fmacro-prefix-map=/builddir/build/BUILD/shim-16.1/= -fno-stack-protector -fno-strict-aliasing -fpic -fshort-wchar -nostdinc -Os -Wall -Wextra -Wno-missing-field-initializers -Wno-unused-parameter -Wno-unused-but-set-variable -Werror -Wno-error=unused-but-set-variable -Wno-error=unused-parameter -I/builddir/build/BUILD/shim-16.1/Cryptlib -I/builddir/build/BUILD/shim-16.1/Cryptlib/Include -I/builddir/build/BUILD/shim-16.1/gnu-efi/inc -I/builddir/build/BUILD/shim-16.1/gnu-efi/inc/aarch64 -I/builddir/build/BUILD/shim-16.1/gnu-efi/inc/protocol -isystem /builddir/build/BUILD/shim-16.1/include/system -isystem /opt/rh/gcc-toolset-12/root/usr/lib/gcc/aarch64-redhat-linux/12/include -DDEFAULT_LOADER='L"\\\\grubaa64.efi"' -DDEFAULT_LOADER_CHAR='"\\\\grubaa64.efi"' -DEFI_ARCH='L"aa64"' -DDEBUGDIR='L"/usr/lib/debug/usr/share/shim/aa64-16.1-2.el9.alma.2/"' -DVENDOR_DB_FILE=\"../vendor_db.esl\" -DVENDOR_DBX_FILE=\"/builddir/build/SOURCES/dbx.esl\" -DSBAT_AUTOMATIC_DATE=2023012900 -DMDE_CPU_AARCH64   -c -o Hash/CryptMd4Null.o /builddir/build/BUILD/shim-16.1/Cryptlib/Hash/CryptMd4Null.c
DEBUG util.py:463:  gcc -std=gnu11 -ggdb -gdwarf-4 -gstrict-dwarf -ffreestanding -fmacro-prefix-map=/builddir/build/BUILD/shim-16.1/= -fno-stack-protector -fno-strict-aliasing -fpic -fshort-wchar -nostdinc -Os -Wall -Wextra -Wno-missing-field-initializers -Wno-unused-parameter -Wno-unused-but-set-variable -Werror -Wno-error=unused-but-set-variable -Wno-error=unused-parameter -I/builddir/build/BUILD/shim-16.1/Cryptlib -I/builddir/build/BUILD/shim-16.1/Cryptlib/Include -I/builddir/build/BUILD/shim-16.1/gnu-efi/inc -I/builddir/build/BUILD/shim-16.1/gnu-efi/inc/aarch64 -I/builddir/build/BUILD/shim-16.1/gnu-efi/inc/protocol -isystem /builddir/build/BUILD/shim-16.1/include/system -isystem /opt/rh/gcc-toolset-12/root/usr/lib/gcc/aarch64-redhat-linux/12/include -DDEFAULT_LOADER='L"\\\\grubaa64.efi"' -DDEFAULT_LOADER_CHAR='"\\\\grubaa64.efi"' -DEFI_ARCH='L"aa64"' -DDEBUGDIR='L"/usr/lib/debug/usr/share/shim/aa64-16.1-2.el9.alma.2/"' -DVENDOR_DB_FILE=\"../vendor_db.esl\" -DVENDOR_DBX_FILE=\"/builddir/build/SOURCES/dbx.esl\" -DSBAT_AUTOMATIC_DATE=2023012900 -DMDE_CPU_AARCH64   -c -o Hash/CryptMd5.o /builddir/build/BUILD/shim-16.1/Cryptlib/Hash/CryptMd5.c
DEBUG util.py:463:  gcc -std=gnu11 -ggdb -gdwarf-4 -gstrict-dwarf -ffreestanding -fmacro-prefix-map=/builddir/build/BUILD/shim-16.1/= -fno-stack-protector -fno-strict-aliasing -fpic -fshort-wchar -nostdinc -Os -Wall -Wextra -Wno-missing-field-initializers -Wno-unused-parameter -Wno-unused-but-set-variable -Werror -Wno-error=unused-but-set-variable -Wno-error=unused-parameter -I/builddir/build/BUILD/shim-16.1/Cryptlib -I/builddir/build/BUILD/shim-16.1/Cryptlib/Include -I/builddir/build/BUILD/shim-16.1/gnu-efi/inc -I/builddir/build/BUILD/shim-16.1/gnu-efi/inc/aarch64 -I/builddir/build/BUILD/shim-16.1/gnu-efi/inc/protocol -isystem /builddir/build/BUILD/shim-16.1/include/system -isystem /opt/rh/gcc-toolset-12/root/usr/lib/gcc/aarch64-redhat-linux/12/include -DDEFAULT_LOADER='L"\\\\grubaa64.efi"' -DDEFAULT_LOADER_CHAR='"\\\\grubaa64.efi"' -DEFI_ARCH='L"aa64"' -DDEBUGDIR='L"/usr/lib/debug/usr/share/shim/aa64-16.1-2.el9.alma.2/"' -DVENDOR_DB_FILE=\"../vendor_db.esl\" -DVENDOR_DBX_FILE=\"/builddir/build/SOURCES/dbx.esl\" -DSBAT_AUTOMATIC_DATE=2023012900 -DMDE_CPU_AARCH64   -c -o Hash/CryptSha1.o /builddir/build/BUILD/shim-16.1/Cryptlib/Hash/CryptSha1.c
DEBUG util.py:463:  gcc -std=gnu11 -ggdb -gdwarf-4 -gstrict-dwarf -ffreestanding -fmacro-prefix-map=/builddir/build/BUILD/shim-16.1/= -fno-stack-protector -fno-strict-aliasing -fpic -fshort-wchar -nostdinc -Os -Wall -Wextra -Wno-missing-field-initializers -Wno-unused-parameter -Wno-unused-but-set-variable -Werror -Wno-error=unused-but-set-variable -Wno-error=unused-parameter -I/builddir/build/BUILD/shim-16.1/Cryptlib -I/builddir/build/BUILD/shim-16.1/Cryptlib/Include -I/builddir/build/BUILD/shim-16.1/gnu-efi/inc -I/builddir/build/BUILD/shim-16.1/gnu-efi/inc/aarch64 -I/builddir/build/BUILD/shim-16.1/gnu-efi/inc/protocol -isystem /builddir/build/BUILD/shim-16.1/include/system -isystem /opt/rh/gcc-toolset-12/root/usr/lib/gcc/aarch64-redhat-linux/12/include -DDEFAULT_LOADER='L"\\\\grubaa64.efi"' -DDEFAULT_LOADER_CHAR='"\\\\grubaa64.efi"' -DEFI_ARCH='L"aa64"' -DDEBUGDIR='L"/usr/lib/debug/usr/share/shim/aa64-16.1-2.el9.alma.2/"' -DVENDOR_DB_FILE=\"../vendor_db.esl\" -DVENDOR_DBX_FILE=\"/builddir/build/SOURCES/dbx.esl\" -DSBAT_AUTOMATIC_DATE=2023012900 -DMDE_CPU_AARCH64   -c -o Hash/CryptSha256.o /builddir/build/BUILD/shim-16.1/Cryptlib/Hash/CryptSha256.c
DEBUG util.py:463:  gcc -std=gnu11 -ggdb -gdwarf-4 -gstrict-dwarf -ffreestanding -fmacro-prefix-map=/builddir/build/BUILD/shim-16.1/= -fno-stack-protector -fno-strict-aliasing -fpic -fshort-wchar -nostdinc -Os -Wall -Wextra -Wno-missing-field-initializers -Wno-unused-parameter -Wno-unused-but-set-variable -Werror -Wno-error=unused-but-set-variable -Wno-error=unused-parameter -I/builddir/build/BUILD/shim-16.1/Cryptlib -I/builddir/build/BUILD/shim-16.1/Cryptlib/Include -I/builddir/build/BUILD/shim-16.1/gnu-efi/inc -I/builddir/build/BUILD/shim-16.1/gnu-efi/inc/aarch64 -I/builddir/build/BUILD/shim-16.1/gnu-efi/inc/protocol -isystem /builddir/build/BUILD/shim-16.1/include/system -isystem /opt/rh/gcc-toolset-12/root/usr/lib/gcc/aarch64-redhat-linux/12/include -DDEFAULT_LOADER='L"\\\\grubaa64.efi"' -DDEFAULT_LOADER_CHAR='"\\\\grubaa64.efi"' -DEFI_ARCH='L"aa64"' -DDEBUGDIR='L"/usr/lib/debug/usr/share/shim/aa64-16.1-2.el9.alma.2/"' -DVENDOR_DB_FILE=\"../vendor_db.esl\" -DVENDOR_DBX_FILE=\"/builddir/build/SOURCES/dbx.esl\" -DSBAT_AUTOMATIC_DATE=2023012900 -DMDE_CPU_AARCH64   -c -o Hash/CryptSha512.o /builddir/build/BUILD/shim-16.1/Cryptlib/Hash/CryptSha512.c
DEBUG util.py:463:  gcc -std=gnu11 -ggdb -gdwarf-4 -gstrict-dwarf -ffreestanding -fmacro-prefix-map=/builddir/build/BUILD/shim-16.1/= -fno-stack-protector -fno-strict-aliasing -fpic -fshort-wchar -nostdinc -Os -Wall -Wextra -Wno-missing-field-initializers -Wno-unused-parameter -Wno-unused-but-set-variable -Werror -Wno-error=unused-but-set-variable -Wno-error=unused-parameter -I/builddir/build/BUILD/shim-16.1/Cryptlib -I/builddir/build/BUILD/shim-16.1/Cryptlib/Include -I/builddir/build/BUILD/shim-16.1/gnu-efi/inc -I/builddir/build/BUILD/shim-16.1/gnu-efi/inc/aarch64 -I/builddir/build/BUILD/shim-16.1/gnu-efi/inc/protocol -isystem /builddir/build/BUILD/shim-16.1/include/system -isystem /opt/rh/gcc-toolset-12/root/usr/lib/gcc/aarch64-redhat-linux/12/include -DDEFAULT_LOADER='L"\\\\grubaa64.efi"' -DDEFAULT_LOADER_CHAR='"\\\\grubaa64.efi"' -DEFI_ARCH='L"aa64"' -DDEBUGDIR='L"/usr/lib/debug/usr/share/shim/aa64-16.1-2.el9.alma.2/"' -DVENDOR_DB_FILE=\"../vendor_db.esl\" -DVENDOR_DBX_FILE=\"/builddir/build/SOURCES/dbx.esl\" -DSBAT_AUTOMATIC_DATE=2023012900 -DMDE_CPU_AARCH64   -c -o Hmac/CryptHmacMd5Null.o /builddir/build/BUILD/shim-16.1/Cryptlib/Hmac/CryptHmacMd5Null.c
DEBUG util.py:463:  gcc -std=gnu11 -ggdb -gdwarf-4 -gstrict-dwarf -ffreestanding -fmacro-prefix-map=/builddir/build/BUILD/shim-16.1/= -fno-stack-protector -fno-strict-aliasing -fpic -fshort-wchar -nostdinc -Os -Wall -Wextra -Wno-missing-field-initializers -Wno-unused-parameter -Wno-unused-but-set-variable -Werror -Wno-error=unused-but-set-variable -Wno-error=unused-parameter -I/builddir/build/BUILD/shim-16.1/Cryptlib -I/builddir/build/BUILD/shim-16.1/Cryptlib/Include -I/builddir/build/BUILD/shim-16.1/gnu-efi/inc -I/builddir/build/BUILD/shim-16.1/gnu-efi/inc/aarch64 -I/builddir/build/BUILD/shim-16.1/gnu-efi/inc/protocol -isystem /builddir/build/BUILD/shim-16.1/include/system -isystem /opt/rh/gcc-toolset-12/root/usr/lib/gcc/aarch64-redhat-linux/12/include -DDEFAULT_LOADER='L"\\\\grubaa64.efi"' -DDEFAULT_LOADER_CHAR='"\\\\grubaa64.efi"' -DEFI_ARCH='L"aa64"' -DDEBUGDIR='L"/usr/lib/debug/usr/share/shim/aa64-16.1-2.el9.alma.2/"' -DVENDOR_DB_FILE=\"../vendor_db.esl\" -DVENDOR_DBX_FILE=\"/builddir/build/SOURCES/dbx.esl\" -DSBAT_AUTOMATIC_DATE=2023012900 -DMDE_CPU_AARCH64   -c -o Hmac/CryptHmacSha1Null.o /builddir/build/BUILD/shim-16.1/Cryptlib/Hmac/CryptHmacSha1Null.c
DEBUG util.py:463:  gcc -std=gnu11 -ggdb -gdwarf-4 -gstrict-dwarf -ffreestanding -fmacro-prefix-map=/builddir/build/BUILD/shim-16.1/= -fno-stack-protector -fno-strict-aliasing -fpic -fshort-wchar -nostdinc -Os -Wall -Wextra -Wno-missing-field-initializers -Wno-unused-parameter -Wno-unused-but-set-variable -Werror -Wno-error=unused-but-set-variable -Wno-error=unused-parameter -I/builddir/build/BUILD/shim-16.1/Cryptlib -I/builddir/build/BUILD/shim-16.1/Cryptlib/Include -I/builddir/build/BUILD/shim-16.1/gnu-efi/inc -I/builddir/build/BUILD/shim-16.1/gnu-efi/inc/aarch64 -I/builddir/build/BUILD/shim-16.1/gnu-efi/inc/protocol -isystem /builddir/build/BUILD/shim-16.1/include/system -isystem /opt/rh/gcc-toolset-12/root/usr/lib/gcc/aarch64-redhat-linux/12/include -DDEFAULT_LOADER='L"\\\\grubaa64.efi"' -DDEFAULT_LOADER_CHAR='"\\\\grubaa64.efi"' -DEFI_ARCH='L"aa64"' -DDEBUGDIR='L"/usr/lib/debug/usr/share/shim/aa64-16.1-2.el9.alma.2/"' -DVENDOR_DB_FILE=\"../vendor_db.esl\" -DVENDOR_DBX_FILE=\"/builddir/build/SOURCES/dbx.esl\" -DSBAT_AUTOMATIC_DATE=2023012900 -DMDE_CPU_AARCH64   -c -o Hmac/CryptHmacSha256Null.o /builddir/build/BUILD/shim-16.1/Cryptlib/Hmac/CryptHmacSha256Null.c
DEBUG util.py:463:  gcc -std=gnu11 -ggdb -gdwarf-4 -gstrict-dwarf -ffreestanding -fmacro-prefix-map=/builddir/build/BUILD/shim-16.1/= -fno-stack-protector -fno-strict-aliasing -fpic -fshort-wchar -nostdinc -Os -Wall -Wextra -Wno-missing-field-initializers -Wno-unused-parameter -Wno-unused-but-set-variable -Werror -Wno-error=unused-but-set-variable -Wno-error=unused-parameter -I/builddir/build/BUILD/shim-16.1/Cryptlib -I/builddir/build/BUILD/shim-16.1/Cryptlib/Include -I/builddir/build/BUILD/shim-16.1/gnu-efi/inc -I/builddir/build/BUILD/shim-16.1/gnu-efi/inc/aarch64 -I/builddir/build/BUILD/shim-16.1/gnu-efi/inc/protocol -isystem /builddir/build/BUILD/shim-16.1/include/system -isystem /opt/rh/gcc-toolset-12/root/usr/lib/gcc/aarch64-redhat-linux/12/include -DDEFAULT_LOADER='L"\\\\grubaa64.efi"' -DDEFAULT_LOADER_CHAR='"\\\\grubaa64.efi"' -DEFI_ARCH='L"aa64"' -DDEBUGDIR='L"/usr/lib/debug/usr/share/shim/aa64-16.1-2.el9.alma.2/"' -DVENDOR_DB_FILE=\"../vendor_db.esl\" -DVENDOR_DBX_FILE=\"/builddir/build/SOURCES/dbx.esl\" -DSBAT_AUTOMATIC_DATE=2023012900 -DMDE_CPU_AARCH64   -c -o Cipher/CryptAesNull.o /builddir/build/BUILD/shim-16.1/Cryptlib/Cipher/CryptAesNull.c
DEBUG util.py:463:  gcc -std=gnu11 -ggdb -gdwarf-4 -gstrict-dwarf -ffreestanding -fmacro-prefix-map=/builddir/build/BUILD/shim-16.1/= -fno-stack-protector -fno-strict-aliasing -fpic -fshort-wchar -nostdinc -Os -Wall -Wextra -Wno-missing-field-initializers -Wno-unused-parameter -Wno-unused-but-set-variable -Werror -Wno-error=unused-but-set-variable -Wno-error=unused-parameter -I/builddir/build/BUILD/shim-16.1/Cryptlib -I/builddir/build/BUILD/shim-16.1/Cryptlib/Include -I/builddir/build/BUILD/shim-16.1/gnu-efi/inc -I/builddir/build/BUILD/shim-16.1/gnu-efi/inc/aarch64 -I/builddir/build/BUILD/shim-16.1/gnu-efi/inc/protocol -isystem /builddir/build/BUILD/shim-16.1/include/system -isystem /opt/rh/gcc-toolset-12/root/usr/lib/gcc/aarch64-redhat-linux/12/include -DDEFAULT_LOADER='L"\\\\grubaa64.efi"' -DDEFAULT_LOADER_CHAR='"\\\\grubaa64.efi"' -DEFI_ARCH='L"aa64"' -DDEBUGDIR='L"/usr/lib/debug/usr/share/shim/aa64-16.1-2.el9.alma.2/"' -DVENDOR_DB_FILE=\"../vendor_db.esl\" -DVENDOR_DBX_FILE=\"/builddir/build/SOURCES/dbx.esl\" -DSBAT_AUTOMATIC_DATE=2023012900 -DMDE_CPU_AARCH64   -c -o Cipher/CryptTdesNull.o /builddir/build/BUILD/shim-16.1/Cryptlib/Cipher/CryptTdesNull.c
DEBUG util.py:463:  gcc -std=gnu11 -ggdb -gdwarf-4 -gstrict-dwarf -ffreestanding -fmacro-prefix-map=/builddir/build/BUILD/shim-16.1/= -fno-stack-protector -fno-strict-aliasing -fpic -fshort-wchar -nostdinc -Os -Wall -Wextra -Wno-missing-field-initializers -Wno-unused-parameter -Wno-unused-but-set-variable -Werror -Wno-error=unused-but-set-variable -Wno-error=unused-parameter -I/builddir/build/BUILD/shim-16.1/Cryptlib -I/builddir/build/BUILD/shim-16.1/Cryptlib/Include -I/builddir/build/BUILD/shim-16.1/gnu-efi/inc -I/builddir/build/BUILD/shim-16.1/gnu-efi/inc/aarch64 -I/builddir/build/BUILD/shim-16.1/gnu-efi/inc/protocol -isystem /builddir/build/BUILD/shim-16.1/include/system -isystem /opt/rh/gcc-toolset-12/root/usr/lib/gcc/aarch64-redhat-linux/12/include -DDEFAULT_LOADER='L"\\\\grubaa64.efi"' -DDEFAULT_LOADER_CHAR='"\\\\grubaa64.efi"' -DEFI_ARCH='L"aa64"' -DDEBUGDIR='L"/usr/lib/debug/usr/share/shim/aa64-16.1-2.el9.alma.2/"' -DVENDOR_DB_FILE=\"../vendor_db.esl\" -DVENDOR_DBX_FILE=\"/builddir/build/SOURCES/dbx.esl\" -DSBAT_AUTOMATIC_DATE=2023012900 -DMDE_CPU_AARCH64   -c -o Cipher/CryptArc4Null.o /builddir/build/BUILD/shim-16.1/Cryptlib/Cipher/CryptArc4Null.c
DEBUG util.py:463:  gcc -std=gnu11 -ggdb -gdwarf-4 -gstrict-dwarf -ffreestanding -fmacro-prefix-map=/builddir/build/BUILD/shim-16.1/= -fno-stack-protector -fno-strict-aliasing -fpic -fshort-wchar -nostdinc -Os -Wall -Wextra -Wno-missing-field-initializers -Wno-unused-parameter -Wno-unused-but-set-variable -Werror -Wno-error=unused-but-set-variable -Wno-error=unused-parameter -I/builddir/build/BUILD/shim-16.1/Cryptlib -I/builddir/build/BUILD/shim-16.1/Cryptlib/Include -I/builddir/build/BUILD/shim-16.1/gnu-efi/inc -I/builddir/build/BUILD/shim-16.1/gnu-efi/inc/aarch64 -I/builddir/build/BUILD/shim-16.1/gnu-efi/inc/protocol -isystem /builddir/build/BUILD/shim-16.1/include/system -isystem /opt/rh/gcc-toolset-12/root/usr/lib/gcc/aarch64-redhat-linux/12/include -DDEFAULT_LOADER='L"\\\\grubaa64.efi"' -DDEFAULT_LOADER_CHAR='"\\\\grubaa64.efi"' -DEFI_ARCH='L"aa64"' -DDEBUGDIR='L"/usr/lib/debug/usr/share/shim/aa64-16.1-2.el9.alma.2/"' -DVENDOR_DB_FILE=\"../vendor_db.esl\" -DVENDOR_DBX_FILE=\"/builddir/build/SOURCES/dbx.esl\" -DSBAT_AUTOMATIC_DATE=2023012900 -DMDE_CPU_AARCH64   -c -o Rand/CryptRand.o /builddir/build/BUILD/shim-16.1/Cryptlib/Rand/CryptRand.c
DEBUG util.py:463:  gcc -std=gnu11 -ggdb -gdwarf-4 -gstrict-dwarf -ffreestanding -fmacro-prefix-map=/builddir/build/BUILD/shim-16.1/= -fno-stack-protector -fno-strict-aliasing -fpic -fshort-wchar -nostdinc -Os -Wall -Wextra -Wno-missing-field-initializers -Wno-unused-parameter -Wno-unused-but-set-variable -Werror -Wno-error=unused-but-set-variable -Wno-error=unused-parameter -I/builddir/build/BUILD/shim-16.1/Cryptlib -I/builddir/build/BUILD/shim-16.1/Cryptlib/Include -I/builddir/build/BUILD/shim-16.1/gnu-efi/inc -I/builddir/build/BUILD/shim-16.1/gnu-efi/inc/aarch64 -I/builddir/build/BUILD/shim-16.1/gnu-efi/inc/protocol -isystem /builddir/build/BUILD/shim-16.1/include/system -isystem /opt/rh/gcc-toolset-12/root/usr/lib/gcc/aarch64-redhat-linux/12/include -DDEFAULT_LOADER='L"\\\\grubaa64.efi"' -DDEFAULT_LOADER_CHAR='"\\\\grubaa64.efi"' -DEFI_ARCH='L"aa64"' -DDEBUGDIR='L"/usr/lib/debug/usr/share/shim/aa64-16.1-2.el9.alma.2/"' -DVENDOR_DB_FILE=\"../vendor_db.esl\" -DVENDOR_DBX_FILE=\"/builddir/build/SOURCES/dbx.esl\" -DSBAT_AUTOMATIC_DATE=2023012900 -DMDE_CPU_AARCH64   -c -o Pk/CryptRsaBasic.o /builddir/build/BUILD/shim-16.1/Cryptlib/Pk/CryptRsaBasic.c
DEBUG util.py:463:  gcc -std=gnu11 -ggdb -gdwarf-4 -gstrict-dwarf -ffreestanding -fmacro-prefix-map=/builddir/build/BUILD/shim-16.1/= -fno-stack-protector -fno-strict-aliasing -fpic -fshort-wchar -nostdinc -Os -Wall -Wextra -Wno-missing-field-initializers -Wno-unused-parameter -Wno-unused-but-set-variable -Werror -Wno-error=unused-but-set-variable -Wno-error=unused-parameter -I/builddir/build/BUILD/shim-16.1/Cryptlib -I/builddir/build/BUILD/shim-16.1/Cryptlib/Include -I/builddir/build/BUILD/shim-16.1/gnu-efi/inc -I/builddir/build/BUILD/shim-16.1/gnu-efi/inc/aarch64 -I/builddir/build/BUILD/shim-16.1/gnu-efi/inc/protocol -isystem /builddir/build/BUILD/shim-16.1/include/system -isystem /opt/rh/gcc-toolset-12/root/usr/lib/gcc/aarch64-redhat-linux/12/include -DDEFAULT_LOADER='L"\\\\grubaa64.efi"' -DDEFAULT_LOADER_CHAR='"\\\\grubaa64.efi"' -DEFI_ARCH='L"aa64"' -DDEBUGDIR='L"/usr/lib/debug/usr/share/shim/aa64-16.1-2.el9.alma.2/"' -DVENDOR_DB_FILE=\"../vendor_db.esl\" -DVENDOR_DBX_FILE=\"/builddir/build/SOURCES/dbx.esl\" -DSBAT_AUTOMATIC_DATE=2023012900 -DMDE_CPU_AARCH64   -c -o Pk/CryptRsaExtNull.o /builddir/build/BUILD/shim-16.1/Cryptlib/Pk/CryptRsaExtNull.c
DEBUG util.py:463:  gcc -std=gnu11 -ggdb -gdwarf-4 -gstrict-dwarf -ffreestanding -fmacro-prefix-map=/builddir/build/BUILD/shim-16.1/= -fno-stack-protector -fno-strict-aliasing -fpic -fshort-wchar -nostdinc -Os -Wall -Wextra -Wno-missing-field-initializers -Wno-unused-parameter -Wno-unused-but-set-variable -Werror -Wno-error=unused-but-set-variable -Wno-error=unused-parameter -I/builddir/build/BUILD/shim-16.1/Cryptlib -I/builddir/build/BUILD/shim-16.1/Cryptlib/Include -I/builddir/build/BUILD/shim-16.1/gnu-efi/inc -I/builddir/build/BUILD/shim-16.1/gnu-efi/inc/aarch64 -I/builddir/build/BUILD/shim-16.1/gnu-efi/inc/protocol -isystem /builddir/build/BUILD/shim-16.1/include/system -isystem /opt/rh/gcc-toolset-12/root/usr/lib/gcc/aarch64-redhat-linux/12/include -DDEFAULT_LOADER='L"\\\\grubaa64.efi"' -DDEFAULT_LOADER_CHAR='"\\\\grubaa64.efi"' -DEFI_ARCH='L"aa64"' -DDEBUGDIR='L"/usr/lib/debug/usr/share/shim/aa64-16.1-2.el9.alma.2/"' -DVENDOR_DB_FILE=\"../vendor_db.esl\" -DVENDOR_DBX_FILE=\"/builddir/build/SOURCES/dbx.esl\" -DSBAT_AUTOMATIC_DATE=2023012900 -DMDE_CPU_AARCH64   -c -o Pk/CryptPkcs7SignNull.o /builddir/build/BUILD/shim-16.1/Cryptlib/Pk/CryptPkcs7SignNull.c
DEBUG util.py:463:  gcc -std=gnu11 -ggdb -gdwarf-4 -gstrict-dwarf -ffreestanding -fmacro-prefix-map=/builddir/build/BUILD/shim-16.1/= -fno-stack-protector -fno-strict-aliasing -fpic -fshort-wchar -nostdinc -Os -Wall -Wextra -Wno-missing-field-initializers -Wno-unused-parameter -Wno-unused-but-set-variable -Werror -Wno-error=unused-but-set-variable -Wno-error=unused-parameter -I/builddir/build/BUILD/shim-16.1/Cryptlib -I/builddir/build/BUILD/shim-16.1/Cryptlib/Include -I/builddir/build/BUILD/shim-16.1/gnu-efi/inc -I/builddir/build/BUILD/shim-16.1/gnu-efi/inc/aarch64 -I/builddir/build/BUILD/shim-16.1/gnu-efi/inc/protocol -isystem /builddir/build/BUILD/shim-16.1/include/system -isystem /opt/rh/gcc-toolset-12/root/usr/lib/gcc/aarch64-redhat-linux/12/include -DDEFAULT_LOADER='L"\\\\grubaa64.efi"' -DDEFAULT_LOADER_CHAR='"\\\\grubaa64.efi"' -DEFI_ARCH='L"aa64"' -DDEBUGDIR='L"/usr/lib/debug/usr/share/shim/aa64-16.1-2.el9.alma.2/"' -DVENDOR_DB_FILE=\"../vendor_db.esl\" -DVENDOR_DBX_FILE=\"/builddir/build/SOURCES/dbx.esl\" -DSBAT_AUTOMATIC_DATE=2023012900 -DMDE_CPU_AARCH64   -c -o Pk/CryptPkcs7Verify.o /builddir/build/BUILD/shim-16.1/Cryptlib/Pk/CryptPkcs7Verify.c
DEBUG util.py:463:  gcc -std=gnu11 -ggdb -gdwarf-4 -gstrict-dwarf -ffreestanding -fmacro-prefix-map=/builddir/build/BUILD/shim-16.1/= -fno-stack-protector -fno-strict-aliasing -fpic -fshort-wchar -nostdinc -Os -Wall -Wextra -Wno-missing-field-initializers -Wno-unused-parameter -Wno-unused-but-set-variable -Werror -Wno-error=unused-but-set-variable -Wno-error=unused-parameter -I/builddir/build/BUILD/shim-16.1/Cryptlib -I/builddir/build/BUILD/shim-16.1/Cryptlib/Include -I/builddir/build/BUILD/shim-16.1/gnu-efi/inc -I/builddir/build/BUILD/shim-16.1/gnu-efi/inc/aarch64 -I/builddir/build/BUILD/shim-16.1/gnu-efi/inc/protocol -isystem /builddir/build/BUILD/shim-16.1/include/system -isystem /opt/rh/gcc-toolset-12/root/usr/lib/gcc/aarch64-redhat-linux/12/include -DDEFAULT_LOADER='L"\\\\grubaa64.efi"' -DDEFAULT_LOADER_CHAR='"\\\\grubaa64.efi"' -DEFI_ARCH='L"aa64"' -DDEBUGDIR='L"/usr/lib/debug/usr/share/shim/aa64-16.1-2.el9.alma.2/"' -DVENDOR_DB_FILE=\"../vendor_db.esl\" -DVENDOR_DBX_FILE=\"/builddir/build/SOURCES/dbx.esl\" -DSBAT_AUTOMATIC_DATE=2023012900 -DMDE_CPU_AARCH64   -c -o Pk/CryptDhNull.o /builddir/build/BUILD/shim-16.1/Cryptlib/Pk/CryptDhNull.c
DEBUG util.py:463:  gcc -std=gnu11 -ggdb -gdwarf-4 -gstrict-dwarf -ffreestanding -fmacro-prefix-map=/builddir/build/BUILD/shim-16.1/= -fno-stack-protector -fno-strict-aliasing -fpic -fshort-wchar -nostdinc -Os -Wall -Wextra -Wno-missing-field-initializers -Wno-unused-parameter -Wno-unused-but-set-variable -Werror -Wno-error=unused-but-set-variable -Wno-error=unused-parameter -I/builddir/build/BUILD/shim-16.1/Cryptlib -I/builddir/build/BUILD/shim-16.1/Cryptlib/Include -I/builddir/build/BUILD/shim-16.1/gnu-efi/inc -I/builddir/build/BUILD/shim-16.1/gnu-efi/inc/aarch64 -I/builddir/build/BUILD/shim-16.1/gnu-efi/inc/protocol -isystem /builddir/build/BUILD/shim-16.1/include/system -isystem /opt/rh/gcc-toolset-12/root/usr/lib/gcc/aarch64-redhat-linux/12/include -DDEFAULT_LOADER='L"\\\\grubaa64.efi"' -DDEFAULT_LOADER_CHAR='"\\\\grubaa64.efi"' -DEFI_ARCH='L"aa64"' -DDEBUGDIR='L"/usr/lib/debug/usr/share/shim/aa64-16.1-2.el9.alma.2/"' -DVENDOR_DB_FILE=\"../vendor_db.esl\" -DVENDOR_DBX_FILE=\"/builddir/build/SOURCES/dbx.esl\" -DSBAT_AUTOMATIC_DATE=2023012900 -DMDE_CPU_AARCH64   -c -o Pk/CryptTs.o /builddir/build/BUILD/shim-16.1/Cryptlib/Pk/CryptTs.c
DEBUG util.py:463:  gcc -std=gnu11 -ggdb -gdwarf-4 -gstrict-dwarf -ffreestanding -fmacro-prefix-map=/builddir/build/BUILD/shim-16.1/= -fno-stack-protector -fno-strict-aliasing -fpic -fshort-wchar -nostdinc -Os -Wall -Wextra -Wno-missing-field-initializers -Wno-unused-parameter -Wno-unused-but-set-variable -Werror -Wno-error=unused-but-set-variable -Wno-error=unused-parameter -I/builddir/build/BUILD/shim-16.1/Cryptlib -I/builddir/build/BUILD/shim-16.1/Cryptlib/Include -I/builddir/build/BUILD/shim-16.1/gnu-efi/inc -I/builddir/build/BUILD/shim-16.1/gnu-efi/inc/aarch64 -I/builddir/build/BUILD/shim-16.1/gnu-efi/inc/protocol -isystem /builddir/build/BUILD/shim-16.1/include/system -isystem /opt/rh/gcc-toolset-12/root/usr/lib/gcc/aarch64-redhat-linux/12/include -DDEFAULT_LOADER='L"\\\\grubaa64.efi"' -DDEFAULT_LOADER_CHAR='"\\\\grubaa64.efi"' -DEFI_ARCH='L"aa64"' -DDEBUGDIR='L"/usr/lib/debug/usr/share/shim/aa64-16.1-2.el9.alma.2/"' -DVENDOR_DB_FILE=\"../vendor_db.esl\" -DVENDOR_DBX_FILE=\"/builddir/build/SOURCES/dbx.esl\" -DSBAT_AUTOMATIC_DATE=2023012900 -DMDE_CPU_AARCH64   -c -o Pk/CryptX509.o /builddir/build/BUILD/shim-16.1/Cryptlib/Pk/CryptX509.c
DEBUG util.py:463:  gcc -std=gnu11 -ggdb -gdwarf-4 -gstrict-dwarf -ffreestanding -fmacro-prefix-map=/builddir/build/BUILD/shim-16.1/= -fno-stack-protector -fno-strict-aliasing -fpic -fshort-wchar -nostdinc -Os -Wall -Wextra -Wno-missing-field-initializers -Wno-unused-parameter -Wno-unused-but-set-variable -Werror -Wno-error=unused-but-set-variable -Wno-error=unused-parameter -I/builddir/build/BUILD/shim-16.1/Cryptlib -I/builddir/build/BUILD/shim-16.1/Cryptlib/Include -I/builddir/build/BUILD/shim-16.1/gnu-efi/inc -I/builddir/build/BUILD/shim-16.1/gnu-efi/inc/aarch64 -I/builddir/build/BUILD/shim-16.1/gnu-efi/inc/protocol -isystem /builddir/build/BUILD/shim-16.1/include/system -isystem /opt/rh/gcc-toolset-12/root/usr/lib/gcc/aarch64-redhat-linux/12/include -DDEFAULT_LOADER='L"\\\\grubaa64.efi"' -DDEFAULT_LOADER_CHAR='"\\\\grubaa64.efi"' -DEFI_ARCH='L"aa64"' -DDEBUGDIR='L"/usr/lib/debug/usr/share/shim/aa64-16.1-2.el9.alma.2/"' -DVENDOR_DB_FILE=\"../vendor_db.esl\" -DVENDOR_DBX_FILE=\"/builddir/build/SOURCES/dbx.esl\" -DSBAT_AUTOMATIC_DATE=2023012900 -DMDE_CPU_AARCH64   -c -o Pk/CryptAuthenticode.o /builddir/build/BUILD/shim-16.1/Cryptlib/Pk/CryptAuthenticode.c
DEBUG util.py:463:  gcc -std=gnu11 -ggdb -gdwarf-4 -gstrict-dwarf -ffreestanding -fmacro-prefix-map=/builddir/build/BUILD/shim-16.1/= -fno-stack-protector -fno-strict-aliasing -fpic -fshort-wchar -nostdinc -Os -Wall -Wextra -Wno-missing-field-initializers -Wno-unused-parameter -Wno-unused-but-set-variable -Werror -Wno-error=unused-but-set-variable -Wno-error=unused-parameter -I/builddir/build/BUILD/shim-16.1/Cryptlib -I/builddir/build/BUILD/shim-16.1/Cryptlib/Include -I/builddir/build/BUILD/shim-16.1/gnu-efi/inc -I/builddir/build/BUILD/shim-16.1/gnu-efi/inc/aarch64 -I/builddir/build/BUILD/shim-16.1/gnu-efi/inc/protocol -isystem /builddir/build/BUILD/shim-16.1/include/system -isystem /opt/rh/gcc-toolset-12/root/usr/lib/gcc/aarch64-redhat-linux/12/include -DDEFAULT_LOADER='L"\\\\grubaa64.efi"' -DDEFAULT_LOADER_CHAR='"\\\\grubaa64.efi"' -DEFI_ARCH='L"aa64"' -DDEBUGDIR='L"/usr/lib/debug/usr/share/shim/aa64-16.1-2.el9.alma.2/"' -DVENDOR_DB_FILE=\"../vendor_db.esl\" -DVENDOR_DBX_FILE=\"/builddir/build/SOURCES/dbx.esl\" -DSBAT_AUTOMATIC_DATE=2023012900 -DMDE_CPU_AARCH64   -c -o Pem/CryptPemNull.o /builddir/build/BUILD/shim-16.1/Cryptlib/Pem/CryptPemNull.c
DEBUG util.py:463:  gcc -std=gnu11 -ggdb -gdwarf-4 -gstrict-dwarf -ffreestanding -fmacro-prefix-map=/builddir/build/BUILD/shim-16.1/= -fno-stack-protector -fno-strict-aliasing -fpic -fshort-wchar -nostdinc -Os -Wall -Wextra -Wno-missing-field-initializers -Wno-unused-parameter -Wno-unused-but-set-variable -Werror -Wno-error=unused-but-set-variable -Wno-error=unused-parameter -I/builddir/build/BUILD/shim-16.1/Cryptlib -I/builddir/build/BUILD/shim-16.1/Cryptlib/Include -I/builddir/build/BUILD/shim-16.1/gnu-efi/inc -I/builddir/build/BUILD/shim-16.1/gnu-efi/inc/aarch64 -I/builddir/build/BUILD/shim-16.1/gnu-efi/inc/protocol -isystem /builddir/build/BUILD/shim-16.1/include/system -isystem /opt/rh/gcc-toolset-12/root/usr/lib/gcc/aarch64-redhat-linux/12/include -DDEFAULT_LOADER='L"\\\\grubaa64.efi"' -DDEFAULT_LOADER_CHAR='"\\\\grubaa64.efi"' -DEFI_ARCH='L"aa64"' -DDEBUGDIR='L"/usr/lib/debug/usr/share/shim/aa64-16.1-2.el9.alma.2/"' -DVENDOR_DB_FILE=\"../vendor_db.esl\" -DVENDOR_DBX_FILE=\"/builddir/build/SOURCES/dbx.esl\" -DSBAT_AUTOMATIC_DATE=2023012900 -DMDE_CPU_AARCH64   -c -o SysCall/CrtWrapper.o /builddir/build/BUILD/shim-16.1/Cryptlib/SysCall/CrtWrapper.c
DEBUG util.py:463:  gcc -std=gnu11 -ggdb -gdwarf-4 -gstrict-dwarf -ffreestanding -fmacro-prefix-map=/builddir/build/BUILD/shim-16.1/= -fno-stack-protector -fno-strict-aliasing -fpic -fshort-wchar -nostdinc -Os -Wall -Wextra -Wno-missing-field-initializers -Wno-unused-parameter -Wno-unused-but-set-variable -Werror -Wno-error=unused-but-set-variable -Wno-error=unused-parameter -I/builddir/build/BUILD/shim-16.1/Cryptlib -I/builddir/build/BUILD/shim-16.1/Cryptlib/Include -I/builddir/build/BUILD/shim-16.1/gnu-efi/inc -I/builddir/build/BUILD/shim-16.1/gnu-efi/inc/aarch64 -I/builddir/build/BUILD/shim-16.1/gnu-efi/inc/protocol -isystem /builddir/build/BUILD/shim-16.1/include/system -isystem /opt/rh/gcc-toolset-12/root/usr/lib/gcc/aarch64-redhat-linux/12/include -DDEFAULT_LOADER='L"\\\\grubaa64.efi"' -DDEFAULT_LOADER_CHAR='"\\\\grubaa64.efi"' -DEFI_ARCH='L"aa64"' -DDEBUGDIR='L"/usr/lib/debug/usr/share/shim/aa64-16.1-2.el9.alma.2/"' -DVENDOR_DB_FILE=\"../vendor_db.esl\" -DVENDOR_DBX_FILE=\"/builddir/build/SOURCES/dbx.esl\" -DSBAT_AUTOMATIC_DATE=2023012900 -DMDE_CPU_AARCH64   -c -o SysCall/TimerWrapper.o /builddir/build/BUILD/shim-16.1/Cryptlib/SysCall/TimerWrapper.c
DEBUG util.py:463:  gcc -std=gnu11 -ggdb -gdwarf-4 -gstrict-dwarf -ffreestanding -fmacro-prefix-map=/builddir/build/BUILD/shim-16.1/= -fno-stack-protector -fno-strict-aliasing -fpic -fshort-wchar -nostdinc -Os -Wall -Wextra -Wno-missing-field-initializers -Wno-unused-parameter -Wno-unused-but-set-variable -Werror -Wno-error=unused-but-set-variable -Wno-error=unused-parameter -I/builddir/build/BUILD/shim-16.1/Cryptlib -I/builddir/build/BUILD/shim-16.1/Cryptlib/Include -I/builddir/build/BUILD/shim-16.1/gnu-efi/inc -I/builddir/build/BUILD/shim-16.1/gnu-efi/inc/aarch64 -I/builddir/build/BUILD/shim-16.1/gnu-efi/inc/protocol -isystem /builddir/build/BUILD/shim-16.1/include/system -isystem /opt/rh/gcc-toolset-12/root/usr/lib/gcc/aarch64-redhat-linux/12/include -DDEFAULT_LOADER='L"\\\\grubaa64.efi"' -DDEFAULT_LOADER_CHAR='"\\\\grubaa64.efi"' -DEFI_ARCH='L"aa64"' -DDEBUGDIR='L"/usr/lib/debug/usr/share/shim/aa64-16.1-2.el9.alma.2/"' -DVENDOR_DB_FILE=\"../vendor_db.esl\" -DVENDOR_DBX_FILE=\"/builddir/build/SOURCES/dbx.esl\" -DSBAT_AUTOMATIC_DATE=2023012900 -DMDE_CPU_AARCH64   -c -o SysCall/BaseMemAllocation.o /builddir/build/BUILD/shim-16.1/Cryptlib/SysCall/BaseMemAllocation.c
DEBUG util.py:463:  gcc -std=gnu11 -ggdb -gdwarf-4 -gstrict-dwarf -ffreestanding -fmacro-prefix-map=/builddir/build/BUILD/shim-16.1/= -fno-stack-protector -fno-strict-aliasing -fpic -fshort-wchar -nostdinc -Os -Wall -Wextra -Wno-missing-field-initializers -Wno-unused-parameter -Wno-unused-but-set-variable -Werror -Wno-error=unused-but-set-variable -Wno-error=unused-parameter -I/builddir/build/BUILD/shim-16.1/Cryptlib -I/builddir/build/BUILD/shim-16.1/Cryptlib/Include -I/builddir/build/BUILD/shim-16.1/gnu-efi/inc -I/builddir/build/BUILD/shim-16.1/gnu-efi/inc/aarch64 -I/builddir/build/BUILD/shim-16.1/gnu-efi/inc/protocol -isystem /builddir/build/BUILD/shim-16.1/include/system -isystem /opt/rh/gcc-toolset-12/root/usr/lib/gcc/aarch64-redhat-linux/12/include -DDEFAULT_LOADER='L"\\\\grubaa64.efi"' -DDEFAULT_LOADER_CHAR='"\\\\grubaa64.efi"' -DEFI_ARCH='L"aa64"' -DDEBUGDIR='L"/usr/lib/debug/usr/share/shim/aa64-16.1-2.el9.alma.2/"' -DVENDOR_DB_FILE=\"../vendor_db.esl\" -DVENDOR_DBX_FILE=\"/builddir/build/SOURCES/dbx.esl\" -DSBAT_AUTOMATIC_DATE=2023012900 -DMDE_CPU_AARCH64   -c -o SysCall/BaseStrings.o /builddir/build/BUILD/shim-16.1/Cryptlib/SysCall/BaseStrings.c
DEBUG util.py:463:  ar rcs libcryptlib.a Hash/CryptMd4Null.o Hash/CryptMd5.o Hash/CryptSha1.o Hash/CryptSha256.o Hash/CryptSha512.o Hmac/CryptHmacMd5Null.o Hmac/CryptHmacSha1Null.o Hmac/CryptHmacSha256Null.o Cipher/CryptAesNull.o Cipher/CryptTdesNull.o Cipher/CryptArc4Null.o Rand/CryptRand.o Pk/CryptRsaBasic.o Pk/CryptRsaExtNull.o Pk/CryptPkcs7SignNull.o Pk/CryptPkcs7Verify.o Pk/CryptDhNull.o Pk/CryptTs.o Pk/CryptX509.o Pk/CryptAuthenticode.o Pem/CryptPemNull.o SysCall/CrtWrapper.o SysCall/TimerWrapper.o SysCall/BaseMemAllocation.o SysCall/BaseStrings.o
DEBUG util.py:463:  make[1]: Leaving directory '/builddir/build/BUILD/shim-16.1/build-aa64/Cryptlib'
DEBUG util.py:463:  for i in x509v3 x509 txt_db stack sha rsa rc4 rand pkcs7 pkcs12 pem ocsp objects modes md5 lhash kdf hmac evp err dso dh conf comp cmac buffer bn bio async/arch asn1 aes; do mkdir -p Cryptlib/OpenSSL/crypto/$i; done
DEBUG util.py:463:  make TOPDIR=/builddir/build/BUILD/shim-16.1 VPATH=/builddir/build/BUILD/shim-16.1/Cryptlib/OpenSSL -C Cryptlib/OpenSSL -f /builddir/build/BUILD/shim-16.1/Cryptlib/OpenSSL/Makefile 
DEBUG util.py:463:  make[1]: Entering directory '/builddir/build/BUILD/shim-16.1/build-aa64/Cryptlib/OpenSSL'
DEBUG util.py:463:  gcc -std=gnu11 -ggdb -gdwarf-4 -gstrict-dwarf -ffreestanding -fmacro-prefix-map=/builddir/build/BUILD/shim-16.1/= -fno-stack-protector -fno-strict-aliasing -fpic -fshort-wchar -nostdinc -Os -Wall -Wextra -Wno-missing-field-initializers -Wno-empty-body -Wno-implicit-fallthrough -Wno-old-style-declaration -Wno-unused-but-set-variable -Wno-unused-parameter -Werror -Wno-error=unused-but-set-variable -Wno-error=unused-parameter -I/builddir/build/BUILD/shim-16.1/Cryptlib/OpenSSL -I/builddir/build/BUILD/shim-16.1/Cryptlib -I/builddir/build/BUILD/shim-16.1/Cryptlib/OpenSSL/Include/ -I/builddir/build/BUILD/shim-16.1/Cryptlib/OpenSSL/crypto -I/builddir/build/BUILD/shim-16.1/Cryptlib/Include -I/builddir/build/BUILD/shim-16.1/gnu-efi/inc -I/builddir/build/BUILD/shim-16.1/gnu-efi/inc/aarch64 -I/builddir/build/BUILD/shim-16.1/gnu-efi/inc/protocol -I/builddir/build/BUILD/shim-16.1/Cryptlib/OpenSSL/crypto/asn1 -I/builddir/build/BUILD/shim-16.1/Cryptlib/OpenSSL/crypto/evp -I/builddir/build/BUILD/shim-16.1/Cryptlib/OpenSSL/crypto/modes -I/builddir/build/BUILD/shim-16.1/Cryptlib/OpenSSL/crypto/include -isystem /builddir/build/BUILD/shim-16.1/include/system -isystem /opt/rh/gcc-toolset-12/root/usr/lib/gcc/aarch64-redhat-linux/12/include -DL_ENDIAN -D_CRT_SECURE_NO_DEPRECATE -D_CRT_NONSTDC_NO_DEPRECATE -DOPENSSL_SMALL_FOOTPRINT -DPEDANTIC -DMDE_CPU_AARCH64   -c -o crypto/cryptlib.o /builddir/build/BUILD/shim-16.1/Cryptlib/OpenSSL/crypto/cryptlib.c
DEBUG util.py:463:  gcc -std=gnu11 -ggdb -gdwarf-4 -gstrict-dwarf -ffreestanding -fmacro-prefix-map=/builddir/build/BUILD/shim-16.1/= -fno-stack-protector -fno-strict-aliasing -fpic -fshort-wchar -nostdinc -Os -Wall -Wextra -Wno-missing-field-initializers -Wno-empty-body -Wno-implicit-fallthrough -Wno-old-style-declaration -Wno-unused-but-set-variable -Wno-unused-parameter -Werror -Wno-error=unused-but-set-variable -Wno-error=unused-parameter -I/builddir/build/BUILD/shim-16.1/Cryptlib/OpenSSL -I/builddir/build/BUILD/shim-16.1/Cryptlib -I/builddir/build/BUILD/shim-16.1/Cryptlib/OpenSSL/Include/ -I/builddir/build/BUILD/shim-16.1/Cryptlib/OpenSSL/crypto -I/builddir/build/BUILD/shim-16.1/Cryptlib/Include -I/builddir/build/BUILD/shim-16.1/gnu-efi/inc -I/builddir/build/BUILD/shim-16.1/gnu-efi/inc/aarch64 -I/builddir/build/BUILD/shim-16.1/gnu-efi/inc/protocol -I/builddir/build/BUILD/shim-16.1/Cryptlib/OpenSSL/crypto/asn1 -I/builddir/build/BUILD/shim-16.1/Cryptlib/OpenSSL/crypto/evp -I/builddir/build/BUILD/shim-16.1/Cryptlib/OpenSSL/crypto/modes -I/builddir/build/BUILD/shim-16.1/Cryptlib/OpenSSL/crypto/include -isystem /builddir/build/BUILD/shim-16.1/include/system -isystem /opt/rh/gcc-toolset-12/root/usr/lib/gcc/aarch64-redhat-linux/12/include -DL_ENDIAN -D_CRT_SECURE_NO_DEPRECATE -D_CRT_NONSTDC_NO_DEPRECATE -DOPENSSL_SMALL_FOOTPRINT -DPEDANTIC -DMDE_CPU_AARCH64   -c -o crypto/mem.o /builddir/build/BUILD/shim-16.1/Cryptlib/OpenSSL/crypto/mem.c
DEBUG util.py:463:  gcc -std=gnu11 -ggdb -gdwarf-4 -gstrict-dwarf -ffreestanding -fmacro-prefix-map=/builddir/build/BUILD/shim-16.1/= -fno-stack-protector -fno-strict-aliasing -fpic -fshort-wchar -nostdinc -Os -Wall -Wextra -Wno-missing-field-initializers -Wno-empty-body -Wno-implicit-fallthrough -Wno-old-style-declaration -Wno-unused-but-set-variable -Wno-unused-parameter -Werror -Wno-error=unused-but-set-variable -Wno-error=unused-parameter -I/builddir/build/BUILD/shim-16.1/Cryptlib/OpenSSL -I/builddir/build/BUILD/shim-16.1/Cryptlib -I/builddir/build/BUILD/shim-16.1/Cryptlib/OpenSSL/Include/ -I/builddir/build/BUILD/shim-16.1/Cryptlib/OpenSSL/crypto -I/builddir/build/BUILD/shim-16.1/Cryptlib/Include -I/builddir/build/BUILD/shim-16.1/gnu-efi/inc -I/builddir/build/BUILD/shim-16.1/gnu-efi/inc/aarch64 -I/builddir/build/BUILD/shim-16.1/gnu-efi/inc/protocol -I/builddir/build/BUILD/shim-16.1/Cryptlib/OpenSSL/crypto/asn1 -I/builddir/build/BUILD/shim-16.1/Cryptlib/OpenSSL/crypto/evp -I/builddir/build/BUILD/shim-16.1/Cryptlib/OpenSSL/crypto/modes -I/builddir/build/BUILD/shim-16.1/Cryptlib/OpenSSL/crypto/include -isystem /builddir/build/BUILD/shim-16.1/include/system -isystem /opt/rh/gcc-toolset-12/root/usr/lib/gcc/aarch64-redhat-linux/12/include -DL_ENDIAN -D_CRT_SECURE_NO_DEPRECATE -D_CRT_NONSTDC_NO_DEPRECATE -DOPENSSL_SMALL_FOOTPRINT -DPEDANTIC -DMDE_CPU_AARCH64   -c -o crypto/mem_clr.o /builddir/build/BUILD/shim-16.1/Cryptlib/OpenSSL/crypto/mem_clr.c
DEBUG util.py:463:  gcc -std=gnu11 -ggdb -gdwarf-4 -gstrict-dwarf -ffreestanding -fmacro-prefix-map=/builddir/build/BUILD/shim-16.1/= -fno-stack-protector -fno-strict-aliasing -fpic -fshort-wchar -nostdinc -Os -Wall -Wextra -Wno-missing-field-initializers -Wno-empty-body -Wno-implicit-fallthrough -Wno-old-style-declaration -Wno-unused-but-set-variable -Wno-unused-parameter -Werror -Wno-error=unused-but-set-variable -Wno-error=unused-parameter -I/builddir/build/BUILD/shim-16.1/Cryptlib/OpenSSL -I/builddir/build/BUILD/shim-16.1/Cryptlib -I/builddir/build/BUILD/shim-16.1/Cryptlib/OpenSSL/Include/ -I/builddir/build/BUILD/shim-16.1/Cryptlib/OpenSSL/crypto -I/builddir/build/BUILD/shim-16.1/Cryptlib/Include -I/builddir/build/BUILD/shim-16.1/gnu-efi/inc -I/builddir/build/BUILD/shim-16.1/gnu-efi/inc/aarch64 -I/builddir/build/BUILD/shim-16.1/gnu-efi/inc/protocol -I/builddir/build/BUILD/shim-16.1/Cryptlib/OpenSSL/crypto/asn1 -I/builddir/build/BUILD/shim-16.1/Cryptlib/OpenSSL/crypto/evp -I/builddir/build/BUILD/shim-16.1/Cryptlib/OpenSSL/crypto/modes -I/builddir/build/BUILD/shim-16.1/Cryptlib/OpenSSL/crypto/include -isystem /builddir/build/BUILD/shim-16.1/include/system -isystem /opt/rh/gcc-toolset-12/root/usr/lib/gcc/aarch64-redhat-linux/12/include -DL_ENDIAN -D_CRT_SECURE_NO_DEPRECATE -D_CRT_NONSTDC_NO_DEPRECATE -DOPENSSL_SMALL_FOOTPRINT -DPEDANTIC -DMDE_CPU_AARCH64   -c -o crypto/mem_dbg.o /builddir/build/BUILD/shim-16.1/Cryptlib/OpenSSL/crypto/mem_dbg.c
DEBUG util.py:463:  gcc -std=gnu11 -ggdb -gdwarf-4 -gstrict-dwarf -ffreestanding -fmacro-prefix-map=/builddir/build/BUILD/shim-16.1/= -fno-stack-protector -fno-strict-aliasing -fpic -fshort-wchar -nostdinc -Os -Wall -Wextra -Wno-missing-field-initializers -Wno-empty-body -Wno-implicit-fallthrough -Wno-old-style-declaration -Wno-unused-but-set-variable -Wno-unused-parameter -Werror -Wno-error=unused-but-set-variable -Wno-error=unused-parameter -I/builddir/build/BUILD/shim-16.1/Cryptlib/OpenSSL -I/builddir/build/BUILD/shim-16.1/Cryptlib -I/builddir/build/BUILD/shim-16.1/Cryptlib/OpenSSL/Include/ -I/builddir/build/BUILD/shim-16.1/Cryptlib/OpenSSL/crypto -I/builddir/build/BUILD/shim-16.1/Cryptlib/Include -I/builddir/build/BUILD/shim-16.1/gnu-efi/inc -I/builddir/build/BUILD/shim-16.1/gnu-efi/inc/aarch64 -I/builddir/build/BUILD/shim-16.1/gnu-efi/inc/protocol -I/builddir/build/BUILD/shim-16.1/Cryptlib/OpenSSL/crypto/asn1 -I/builddir/build/BUILD/shim-16.1/Cryptlib/OpenSSL/crypto/evp -I/builddir/build/BUILD/shim-16.1/Cryptlib/OpenSSL/crypto/modes -I/builddir/build/BUILD/shim-16.1/Cryptlib/OpenSSL/crypto/include -isystem /builddir/build/BUILD/shim-16.1/include/system -isystem /opt/rh/gcc-toolset-12/root/usr/lib/gcc/aarch64-redhat-linux/12/include -DL_ENDIAN -D_CRT_SECURE_NO_DEPRECATE -D_CRT_NONSTDC_NO_DEPRECATE -DOPENSSL_SMALL_FOOTPRINT -DPEDANTIC -DMDE_CPU_AARCH64   -c -o crypto/cversion.o /builddir/build/BUILD/shim-16.1/Cryptlib/OpenSSL/crypto/cversion.c
DEBUG util.py:463:  gcc -std=gnu11 -ggdb -gdwarf-4 -gstrict-dwarf -ffreestanding -fmacro-prefix-map=/builddir/build/BUILD/shim-16.1/= -fno-stack-protector -fno-strict-aliasing -fpic -fshort-wchar -nostdinc -Os -Wall -Wextra -Wno-missing-field-initializers -Wno-empty-body -Wno-implicit-fallthrough -Wno-old-style-declaration -Wno-unused-but-set-variable -Wno-unused-parameter -Werror -Wno-error=unused-but-set-variable -Wno-error=unused-parameter -I/builddir/build/BUILD/shim-16.1/Cryptlib/OpenSSL -I/builddir/build/BUILD/shim-16.1/Cryptlib -I/builddir/build/BUILD/shim-16.1/Cryptlib/OpenSSL/Include/ -I/builddir/build/BUILD/shim-16.1/Cryptlib/OpenSSL/crypto -I/builddir/build/BUILD/shim-16.1/Cryptlib/Include -I/builddir/build/BUILD/shim-16.1/gnu-efi/inc -I/builddir/build/BUILD/shim-16.1/gnu-efi/inc/aarch64 -I/builddir/build/BUILD/shim-16.1/gnu-efi/inc/protocol -I/builddir/build/BUILD/shim-16.1/Cryptlib/OpenSSL/crypto/asn1 -I/builddir/build/BUILD/shim-16.1/Cryptlib/OpenSSL/crypto/evp -I/builddir/build/BUILD/shim-16.1/Cryptlib/OpenSSL/crypto/modes -I/builddir/build/BUILD/shim-16.1/Cryptlib/OpenSSL/crypto/include -isystem /builddir/build/BUILD/shim-16.1/include/system -isystem /opt/rh/gcc-toolset-12/root/usr/lib/gcc/aarch64-redhat-linux/12/include -DL_ENDIAN -D_CRT_SECURE_NO_DEPRECATE -D_CRT_NONSTDC_NO_DEPRECATE -DOPENSSL_SMALL_FOOTPRINT -DPEDANTIC -DMDE_CPU_AARCH64   -c -o crypto/ex_data.o /builddir/build/BUILD/shim-16.1/Cryptlib/OpenSSL/crypto/ex_data.c
DEBUG util.py:463:  gcc -std=gnu11 -ggdb -gdwarf-4 -gstrict-dwarf -ffreestanding -fmacro-prefix-map=/builddir/build/BUILD/shim-16.1/= -fno-stack-protector -fno-strict-aliasing -fpic -fshort-wchar -nostdinc -Os -Wall -Wextra -Wno-missing-field-initializers -Wno-empty-body -Wno-implicit-fallthrough -Wno-old-style-declaration -Wno-unused-but-set-variable -Wno-unused-parameter -Werror -Wno-error=unused-but-set-variable -Wno-error=unused-parameter -I/builddir/build/BUILD/shim-16.1/Cryptlib/OpenSSL -I/builddir/build/BUILD/shim-16.1/Cryptlib -I/builddir/build/BUILD/shim-16.1/Cryptlib/OpenSSL/Include/ -I/builddir/build/BUILD/shim-16.1/Cryptlib/OpenSSL/crypto -I/builddir/build/BUILD/shim-16.1/Cryptlib/Include -I/builddir/build/BUILD/shim-16.1/gnu-efi/inc -I/builddir/build/BUILD/shim-16.1/gnu-efi/inc/aarch64 -I/builddir/build/BUILD/shim-16.1/gnu-efi/inc/protocol -I/builddir/build/BUILD/shim-16.1/Cryptlib/OpenSSL/crypto/asn1 -I/builddir/build/BUILD/shim-16.1/Cryptlib/OpenSSL/crypto/evp -I/builddir/build/BUILD/shim-16.1/Cryptlib/OpenSSL/crypto/modes -I/builddir/build/BUILD/shim-16.1/Cryptlib/OpenSSL/crypto/include -isystem /builddir/build/BUILD/shim-16.1/include/system -isystem /opt/rh/gcc-toolset-12/root/usr/lib/gcc/aarch64-redhat-linux/12/include -DL_ENDIAN -D_CRT_SECURE_NO_DEPRECATE -D_CRT_NONSTDC_NO_DEPRECATE -DOPENSSL_SMALL_FOOTPRINT -DPEDANTIC -DMDE_CPU_AARCH64   -c -o crypto/cpt_err.o /builddir/build/BUILD/shim-16.1/Cryptlib/OpenSSL/crypto/cpt_err.c
DEBUG util.py:463:  gcc -std=gnu11 -ggdb -gdwarf-4 -gstrict-dwarf -ffreestanding -fmacro-prefix-map=/builddir/build/BUILD/shim-16.1/= -fno-stack-protector -fno-strict-aliasing -fpic -fshort-wchar -nostdinc -Os -Wall -Wextra -Wno-missing-field-initializers -Wno-empty-body -Wno-implicit-fallthrough -Wno-old-style-declaration -Wno-unused-but-set-variable -Wno-unused-parameter -Werror -Wno-error=unused-but-set-variable -Wno-error=unused-parameter -I/builddir/build/BUILD/shim-16.1/Cryptlib/OpenSSL -I/builddir/build/BUILD/shim-16.1/Cryptlib -I/builddir/build/BUILD/shim-16.1/Cryptlib/OpenSSL/Include/ -I/builddir/build/BUILD/shim-16.1/Cryptlib/OpenSSL/crypto -I/builddir/build/BUILD/shim-16.1/Cryptlib/Include -I/builddir/build/BUILD/shim-16.1/gnu-efi/inc -I/builddir/build/BUILD/shim-16.1/gnu-efi/inc/aarch64 -I/builddir/build/BUILD/shim-16.1/gnu-efi/inc/protocol -I/builddir/build/BUILD/shim-16.1/Cryptlib/OpenSSL/crypto/asn1 -I/builddir/build/BUILD/shim-16.1/Cryptlib/OpenSSL/crypto/evp -I/builddir/build/BUILD/shim-16.1/Cryptlib/OpenSSL/crypto/modes -I/builddir/build/BUILD/shim-16.1/Cryptlib/OpenSSL/crypto/include -isystem /builddir/build/BUILD/shim-16.1/include/system -isystem /opt/rh/gcc-toolset-12/root/usr/lib/gcc/aarch64-redhat-linux/12/include -DL_ENDIAN -D_CRT_SECURE_NO_DEPRECATE -D_CRT_NONSTDC_NO_DEPRECATE -DOPENSSL_SMALL_FOOTPRINT -DPEDANTIC -DMDE_CPU_AARCH64   -c -o crypto/ebcdic.o /builddir/build/BUILD/shim-16.1/Cryptlib/OpenSSL/crypto/ebcdic.c
DEBUG util.py:463:  gcc -std=gnu11 -ggdb -gdwarf-4 -gstrict-dwarf -ffreestanding -fmacro-prefix-map=/builddir/build/BUILD/shim-16.1/= -fno-stack-protector -fno-strict-aliasing -fpic -fshort-wchar -nostdinc -Os -Wall -Wextra -Wno-missing-field-initializers -Wno-empty-body -Wno-implicit-fallthrough -Wno-old-style-declaration -Wno-unused-but-set-variable -Wno-unused-parameter -Werror -Wno-error=unused-but-set-variable -Wno-error=unused-parameter -I/builddir/build/BUILD/shim-16.1/Cryptlib/OpenSSL -I/builddir/build/BUILD/shim-16.1/Cryptlib -I/builddir/build/BUILD/shim-16.1/Cryptlib/OpenSSL/Include/ -I/builddir/build/BUILD/shim-16.1/Cryptlib/OpenSSL/crypto -I/builddir/build/BUILD/shim-16.1/Cryptlib/Include -I/builddir/build/BUILD/shim-16.1/gnu-efi/inc -I/builddir/build/BUILD/shim-16.1/gnu-efi/inc/aarch64 -I/builddir/build/BUILD/shim-16.1/gnu-efi/inc/protocol -I/builddir/build/BUILD/shim-16.1/Cryptlib/OpenSSL/crypto/asn1 -I/builddir/build/BUILD/shim-16.1/Cryptlib/OpenSSL/crypto/evp -I/builddir/build/BUILD/shim-16.1/Cryptlib/OpenSSL/crypto/modes -I/builddir/build/BUILD/shim-16.1/Cryptlib/OpenSSL/crypto/include -isystem /builddir/build/BUILD/shim-16.1/include/system -isystem /opt/rh/gcc-toolset-12/root/usr/lib/gcc/aarch64-redhat-linux/12/include -DL_ENDIAN -D_CRT_SECURE_NO_DEPRECATE -D_CRT_NONSTDC_NO_DEPRECATE -DOPENSSL_SMALL_FOOTPRINT -DPEDANTIC -DMDE_CPU_AARCH64   -c -o crypto/uid.o /builddir/build/BUILD/shim-16.1/Cryptlib/OpenSSL/crypto/uid.c
DEBUG util.py:463:  gcc -std=gnu11 -ggdb -gdwarf-4 -gstrict-dwarf -ffreestanding -fmacro-prefix-map=/builddir/build/BUILD/shim-16.1/= -fno-stack-protector -fno-strict-aliasing -fpic -fshort-wchar -nostdinc -Os -Wall -Wextra -Wno-missing-field-initializers -Wno-empty-body -Wno-implicit-fallthrough -Wno-old-style-declaration -Wno-unused-but-set-variable -Wno-unused-parameter -Werror -Wno-error=unused-but-set-variable -Wno-error=unused-parameter -I/builddir/build/BUILD/shim-16.1/Cryptlib/OpenSSL -I/builddir/build/BUILD/shim-16.1/Cryptlib -I/builddir/build/BUILD/shim-16.1/Cryptlib/OpenSSL/Include/ -I/builddir/build/BUILD/shim-16.1/Cryptlib/OpenSSL/crypto -I/builddir/build/BUILD/shim-16.1/Cryptlib/Include -I/builddir/build/BUILD/shim-16.1/gnu-efi/inc -I/builddir/build/BUILD/shim-16.1/gnu-efi/inc/aarch64 -I/builddir/build/BUILD/shim-16.1/gnu-efi/inc/protocol -I/builddir/build/BUILD/shim-16.1/Cryptlib/OpenSSL/crypto/asn1 -I/builddir/build/BUILD/shim-16.1/Cryptlib/OpenSSL/crypto/evp -I/builddir/build/BUILD/shim-16.1/Cryptlib/OpenSSL/crypto/modes -I/builddir/build/BUILD/shim-16.1/Cryptlib/OpenSSL/crypto/include -isystem /builddir/build/BUILD/shim-16.1/include/system -isystem /opt/rh/gcc-toolset-12/root/usr/lib/gcc/aarch64-redhat-linux/12/include -DL_ENDIAN -D_CRT_SECURE_NO_DEPRECATE -D_CRT_NONSTDC_NO_DEPRECATE -DOPENSSL_SMALL_FOOTPRINT -DPEDANTIC -DMDE_CPU_AARCH64   -c -o crypto/o_time.o /builddir/build/BUILD/shim-16.1/Cryptlib/OpenSSL/crypto/o_time.c
DEBUG util.py:463:  gcc -std=gnu11 -ggdb -gdwarf-4 -gstrict-dwarf -ffreestanding -fmacro-prefix-map=/builddir/build/BUILD/shim-16.1/= -fno-stack-protector -fno-strict-aliasing -fpic -fshort-wchar -nostdinc -Os -Wall -Wextra -Wno-missing-field-initializers -Wno-empty-body -Wno-implicit-fallthrough -Wno-old-style-declaration -Wno-unused-but-set-variable -Wno-unused-parameter -Werror -Wno-error=unused-but-set-variable -Wno-error=unused-parameter -I/builddir/build/BUILD/shim-16.1/Cryptlib/OpenSSL -I/builddir/build/BUILD/shim-16.1/Cryptlib -I/builddir/build/BUILD/shim-16.1/Cryptlib/OpenSSL/Include/ -I/builddir/build/BUILD/shim-16.1/Cryptlib/OpenSSL/crypto -I/builddir/build/BUILD/shim-16.1/Cryptlib/Include -I/builddir/build/BUILD/shim-16.1/gnu-efi/inc -I/builddir/build/BUILD/shim-16.1/gnu-efi/inc/aarch64 -I/builddir/build/BUILD/shim-16.1/gnu-efi/inc/protocol -I/builddir/build/BUILD/shim-16.1/Cryptlib/OpenSSL/crypto/asn1 -I/builddir/build/BUILD/shim-16.1/Cryptlib/OpenSSL/crypto/evp -I/builddir/build/BUILD/shim-16.1/Cryptlib/OpenSSL/crypto/modes -I/builddir/build/BUILD/shim-16.1/Cryptlib/OpenSSL/crypto/include -isystem /builddir/build/BUILD/shim-16.1/include/system -isystem /opt/rh/gcc-toolset-12/root/usr/lib/gcc/aarch64-redhat-linux/12/include -DL_ENDIAN -D_CRT_SECURE_NO_DEPRECATE -D_CRT_NONSTDC_NO_DEPRECATE -DOPENSSL_SMALL_FOOTPRINT -DPEDANTIC -DMDE_CPU_AARCH64   -c -o crypto/o_str.o /builddir/build/BUILD/shim-16.1/Cryptlib/OpenSSL/crypto/o_str.c
DEBUG util.py:463:  gcc -std=gnu11 -ggdb -gdwarf-4 -gstrict-dwarf -ffreestanding -fmacro-prefix-map=/builddir/build/BUILD/shim-16.1/= -fno-stack-protector -fno-strict-aliasing -fpic -fshort-wchar -nostdinc -Os -Wall -Wextra -Wno-missing-field-initializers -Wno-empty-body -Wno-implicit-fallthrough -Wno-old-style-declaration -Wno-unused-but-set-variable -Wno-unused-parameter -Werror -Wno-error=unused-but-set-variable -Wno-error=unused-parameter -I/builddir/build/BUILD/shim-16.1/Cryptlib/OpenSSL -I/builddir/build/BUILD/shim-16.1/Cryptlib -I/builddir/build/BUILD/shim-16.1/Cryptlib/OpenSSL/Include/ -I/builddir/build/BUILD/shim-16.1/Cryptlib/OpenSSL/crypto -I/builddir/build/BUILD/shim-16.1/Cryptlib/Include -I/builddir/build/BUILD/shim-16.1/gnu-efi/inc -I/builddir/build/BUILD/shim-16.1/gnu-efi/inc/aarch64 -I/builddir/build/BUILD/shim-16.1/gnu-efi/inc/protocol -I/builddir/build/BUILD/shim-16.1/Cryptlib/OpenSSL/crypto/asn1 -I/builddir/build/BUILD/shim-16.1/Cryptlib/OpenSSL/crypto/evp -I/builddir/build/BUILD/shim-16.1/Cryptlib/OpenSSL/crypto/modes -I/builddir/build/BUILD/shim-16.1/Cryptlib/OpenSSL/crypto/include -isystem /builddir/build/BUILD/shim-16.1/include/system -isystem /opt/rh/gcc-toolset-12/root/usr/lib/gcc/aarch64-redhat-linux/12/include -DL_ENDIAN -D_CRT_SECURE_NO_DEPRECATE -D_CRT_NONSTDC_NO_DEPRECATE -DOPENSSL_SMALL_FOOTPRINT -DPEDANTIC -DMDE_CPU_AARCH64   -c -o crypto/o_dir.o /builddir/build/BUILD/shim-16.1/Cryptlib/OpenSSL/crypto/o_dir.c
DEBUG util.py:463:  gcc -std=gnu11 -ggdb -gdwarf-4 -gstrict-dwarf -ffreestanding -fmacro-prefix-map=/builddir/build/BUILD/shim-16.1/= -fno-stack-protector -fno-strict-aliasing -fpic -fshort-wchar -nostdinc -Os -Wall -Wextra -Wno-missing-field-initializers -Wno-empty-body -Wno-implicit-fallthrough -Wno-old-style-declaration -Wno-unused-but-set-variable -Wno-unused-parameter -Werror -Wno-error=unused-but-set-variable -Wno-error=unused-parameter -I/builddir/build/BUILD/shim-16.1/Cryptlib/OpenSSL -I/builddir/build/BUILD/shim-16.1/Cryptlib -I/builddir/build/BUILD/shim-16.1/Cryptlib/OpenSSL/Include/ -I/builddir/build/BUILD/shim-16.1/Cryptlib/OpenSSL/crypto -I/builddir/build/BUILD/shim-16.1/Cryptlib/Include -I/builddir/build/BUILD/shim-16.1/gnu-efi/inc -I/builddir/build/BUILD/shim-16.1/gnu-efi/inc/aarch64 -I/builddir/build/BUILD/shim-16.1/gnu-efi/inc/protocol -I/builddir/build/BUILD/shim-16.1/Cryptlib/OpenSSL/crypto/asn1 -I/builddir/build/BUILD/shim-16.1/Cryptlib/OpenSSL/crypto/evp -I/builddir/build/BUILD/shim-16.1/Cryptlib/OpenSSL/crypto/modes -I/builddir/build/BUILD/shim-16.1/Cryptlib/OpenSSL/crypto/include -isystem /builddir/build/BUILD/shim-16.1/include/system -isystem /opt/rh/gcc-toolset-12/root/usr/lib/gcc/aarch64-redhat-linux/12/include -DL_ENDIAN -D_CRT_SECURE_NO_DEPRECATE -D_CRT_NONSTDC_NO_DEPRECATE -DOPENSSL_SMALL_FOOTPRINT -DPEDANTIC -DMDE_CPU_AARCH64   -c -o crypto/o_fips.o /builddir/build/BUILD/shim-16.1/Cryptlib/OpenSSL/crypto/o_fips.c
DEBUG util.py:463:  gcc -std=gnu11 -ggdb -gdwarf-4 -gstrict-dwarf -ffreestanding -fmacro-prefix-map=/builddir/build/BUILD/shim-16.1/= -fno-stack-protector -fno-strict-aliasing -fpic -fshort-wchar -nostdinc -Os -Wall -Wextra -Wno-missing-field-initializers -Wno-empty-body -Wno-implicit-fallthrough -Wno-old-style-declaration -Wno-unused-but-set-variable -Wno-unused-parameter -Werror -Wno-error=unused-but-set-variable -Wno-error=unused-parameter -I/builddir/build/BUILD/shim-16.1/Cryptlib/OpenSSL -I/builddir/build/BUILD/shim-16.1/Cryptlib -I/builddir/build/BUILD/shim-16.1/Cryptlib/OpenSSL/Include/ -I/builddir/build/BUILD/shim-16.1/Cryptlib/OpenSSL/crypto -I/builddir/build/BUILD/shim-16.1/Cryptlib/Include -I/builddir/build/BUILD/shim-16.1/gnu-efi/inc -I/builddir/build/BUILD/shim-16.1/gnu-efi/inc/aarch64 -I/builddir/build/BUILD/shim-16.1/gnu-efi/inc/protocol -I/builddir/build/BUILD/shim-16.1/Cryptlib/OpenSSL/crypto/asn1 -I/builddir/build/BUILD/shim-16.1/Cryptlib/OpenSSL/crypto/evp -I/builddir/build/BUILD/shim-16.1/Cryptlib/OpenSSL/crypto/modes -I/builddir/build/BUILD/shim-16.1/Cryptlib/OpenSSL/crypto/include -isystem /builddir/build/BUILD/shim-16.1/include/system -isystem /opt/rh/gcc-toolset-12/root/usr/lib/gcc/aarch64-redhat-linux/12/include -DL_ENDIAN -D_CRT_SECURE_NO_DEPRECATE -D_CRT_NONSTDC_NO_DEPRECATE -DOPENSSL_SMALL_FOOTPRINT -DPEDANTIC -DMDE_CPU_AARCH64   -c -o crypto/o_init.o /builddir/build/BUILD/shim-16.1/Cryptlib/OpenSSL/crypto/o_init.c
DEBUG util.py:463:  gcc -std=gnu11 -ggdb -gdwarf-4 -gstrict-dwarf -ffreestanding -fmacro-prefix-map=/builddir/build/BUILD/shim-16.1/= -fno-stack-protector -fno-strict-aliasing -fpic -fshort-wchar -nostdinc -Os -Wall -Wextra -Wno-missing-field-initializers -Wno-empty-body -Wno-implicit-fallthrough -Wno-old-style-declaration -Wno-unused-but-set-variable -Wno-unused-parameter -Werror -Wno-error=unused-but-set-variable -Wno-error=unused-parameter -I/builddir/build/BUILD/shim-16.1/Cryptlib/OpenSSL -I/builddir/build/BUILD/shim-16.1/Cryptlib -I/builddir/build/BUILD/shim-16.1/Cryptlib/OpenSSL/Include/ -I/builddir/build/BUILD/shim-16.1/Cryptlib/OpenSSL/crypto -I/builddir/build/BUILD/shim-16.1/Cryptlib/Include -I/builddir/build/BUILD/shim-16.1/gnu-efi/inc -I/builddir/build/BUILD/shim-16.1/gnu-efi/inc/aarch64 -I/builddir/build/BUILD/shim-16.1/gnu-efi/inc/protocol -I/builddir/build/BUILD/shim-16.1/Cryptlib/OpenSSL/crypto/asn1 -I/builddir/build/BUILD/shim-16.1/Cryptlib/OpenSSL/crypto/evp -I/builddir/build/BUILD/shim-16.1/Cryptlib/OpenSSL/crypto/modes -I/builddir/build/BUILD/shim-16.1/Cryptlib/OpenSSL/crypto/include -isystem /builddir/build/BUILD/shim-16.1/include/system -isystem /opt/rh/gcc-toolset-12/root/usr/lib/gcc/aarch64-redhat-linux/12/include -DL_ENDIAN -D_CRT_SECURE_NO_DEPRECATE -D_CRT_NONSTDC_NO_DEPRECATE -DOPENSSL_SMALL_FOOTPRINT -DPEDANTIC -DMDE_CPU_AARCH64   -c -o crypto/fips_ers.o /builddir/build/BUILD/shim-16.1/Cryptlib/OpenSSL/crypto/fips_ers.c
DEBUG util.py:463:  gcc -std=gnu11 -ggdb -gdwarf-4 -gstrict-dwarf -ffreestanding -fmacro-prefix-map=/builddir/build/BUILD/shim-16.1/= -fno-stack-protector -fno-strict-aliasing -fpic -fshort-wchar -nostdinc -Os -Wall -Wextra -Wno-missing-field-initializers -Wno-empty-body -Wno-implicit-fallthrough -Wno-old-style-declaration -Wno-unused-but-set-variable -Wno-unused-parameter -Werror -Wno-error=unused-but-set-variable -Wno-error=unused-parameter -I/builddir/build/BUILD/shim-16.1/Cryptlib/OpenSSL -I/builddir/build/BUILD/shim-16.1/Cryptlib -I/builddir/build/BUILD/shim-16.1/Cryptlib/OpenSSL/Include/ -I/builddir/build/BUILD/shim-16.1/Cryptlib/OpenSSL/crypto -I/builddir/build/BUILD/shim-16.1/Cryptlib/Include -I/builddir/build/BUILD/shim-16.1/gnu-efi/inc -I/builddir/build/BUILD/shim-16.1/gnu-efi/inc/aarch64 -I/builddir/build/BUILD/shim-16.1/gnu-efi/inc/protocol -I/builddir/build/BUILD/shim-16.1/Cryptlib/OpenSSL/crypto/asn1 -I/builddir/build/BUILD/shim-16.1/Cryptlib/OpenSSL/crypto/evp -I/builddir/build/BUILD/shim-16.1/Cryptlib/OpenSSL/crypto/modes -I/builddir/build/BUILD/shim-16.1/Cryptlib/OpenSSL/crypto/include -isystem /builddir/build/BUILD/shim-16.1/include/system -isystem /opt/rh/gcc-toolset-12/root/usr/lib/gcc/aarch64-redhat-linux/12/include -DL_ENDIAN -D_CRT_SECURE_NO_DEPRECATE -D_CRT_NONSTDC_NO_DEPRECATE -DOPENSSL_SMALL_FOOTPRINT -DPEDANTIC -DMDE_CPU_AARCH64   -c -o crypto/md5/md5_dgst.o /builddir/build/BUILD/shim-16.1/Cryptlib/OpenSSL/crypto/md5/md5_dgst.c
DEBUG util.py:463:  gcc -std=gnu11 -ggdb -gdwarf-4 -gstrict-dwarf -ffreestanding -fmacro-prefix-map=/builddir/build/BUILD/shim-16.1/= -fno-stack-protector -fno-strict-aliasing -fpic -fshort-wchar -nostdinc -Os -Wall -Wextra -Wno-missing-field-initializers -Wno-empty-body -Wno-implicit-fallthrough -Wno-old-style-declaration -Wno-unused-but-set-variable -Wno-unused-parameter -Werror -Wno-error=unused-but-set-variable -Wno-error=unused-parameter -I/builddir/build/BUILD/shim-16.1/Cryptlib/OpenSSL -I/builddir/build/BUILD/shim-16.1/Cryptlib -I/builddir/build/BUILD/shim-16.1/Cryptlib/OpenSSL/Include/ -I/builddir/build/BUILD/shim-16.1/Cryptlib/OpenSSL/crypto -I/builddir/build/BUILD/shim-16.1/Cryptlib/Include -I/builddir/build/BUILD/shim-16.1/gnu-efi/inc -I/builddir/build/BUILD/shim-16.1/gnu-efi/inc/aarch64 -I/builddir/build/BUILD/shim-16.1/gnu-efi/inc/protocol -I/builddir/build/BUILD/shim-16.1/Cryptlib/OpenSSL/crypto/asn1 -I/builddir/build/BUILD/shim-16.1/Cryptlib/OpenSSL/crypto/evp -I/builddir/build/BUILD/shim-16.1/Cryptlib/OpenSSL/crypto/modes -I/builddir/build/BUILD/shim-16.1/Cryptlib/OpenSSL/crypto/include -isystem /builddir/build/BUILD/shim-16.1/include/system -isystem /opt/rh/gcc-toolset-12/root/usr/lib/gcc/aarch64-redhat-linux/12/include -DL_ENDIAN -D_CRT_SECURE_NO_DEPRECATE -D_CRT_NONSTDC_NO_DEPRECATE -DOPENSSL_SMALL_FOOTPRINT -DPEDANTIC -DMDE_CPU_AARCH64   -c -o crypto/md5/md5_one.o /builddir/build/BUILD/shim-16.1/Cryptlib/OpenSSL/crypto/md5/md5_one.c
DEBUG util.py:463:  gcc -std=gnu11 -ggdb -gdwarf-4 -gstrict-dwarf -ffreestanding -fmacro-prefix-map=/builddir/build/BUILD/shim-16.1/= -fno-stack-protector -fno-strict-aliasing -fpic -fshort-wchar -nostdinc -Os -Wall -Wextra -Wno-missing-field-initializers -Wno-empty-body -Wno-implicit-fallthrough -Wno-old-style-declaration -Wno-unused-but-set-variable -Wno-unused-parameter -Werror -Wno-error=unused-but-set-variable -Wno-error=unused-parameter -I/builddir/build/BUILD/shim-16.1/Cryptlib/OpenSSL -I/builddir/build/BUILD/shim-16.1/Cryptlib -I/builddir/build/BUILD/shim-16.1/Cryptlib/OpenSSL/Include/ -I/builddir/build/BUILD/shim-16.1/Cryptlib/OpenSSL/crypto -I/builddir/build/BUILD/shim-16.1/Cryptlib/Include -I/builddir/build/BUILD/shim-16.1/gnu-efi/inc -I/builddir/build/BUILD/shim-16.1/gnu-efi/inc/aarch64 -I/builddir/build/BUILD/shim-16.1/gnu-efi/inc/protocol -I/builddir/build/BUILD/shim-16.1/Cryptlib/OpenSSL/crypto/asn1 -I/builddir/build/BUILD/shim-16.1/Cryptlib/OpenSSL/crypto/evp -I/builddir/build/BUILD/shim-16.1/Cryptlib/OpenSSL/crypto/modes -I/builddir/build/BUILD/shim-16.1/Cryptlib/OpenSSL/crypto/include -isystem /builddir/build/BUILD/shim-16.1/include/system -isystem /opt/rh/gcc-toolset-12/root/usr/lib/gcc/aarch64-redhat-linux/12/include -DL_ENDIAN -D_CRT_SECURE_NO_DEPRECATE -D_CRT_NONSTDC_NO_DEPRECATE -DOPENSSL_SMALL_FOOTPRINT -DPEDANTIC -DMDE_CPU_AARCH64   -c -o crypto/sha/sha_dgst.o /builddir/build/BUILD/shim-16.1/Cryptlib/OpenSSL/crypto/sha/sha_dgst.c
DEBUG util.py:463:  gcc -std=gnu11 -ggdb -gdwarf-4 -gstrict-dwarf -ffreestanding -fmacro-prefix-map=/builddir/build/BUILD/shim-16.1/= -fno-stack-protector -fno-strict-aliasing -fpic -fshort-wchar -nostdinc -Os -Wall -Wextra -Wno-missing-field-initializers -Wno-empty-body -Wno-implicit-fallthrough -Wno-old-style-declaration -Wno-unused-but-set-variable -Wno-unused-parameter -Werror -Wno-error=unused-but-set-variable -Wno-error=unused-parameter -I/builddir/build/BUILD/shim-16.1/Cryptlib/OpenSSL -I/builddir/build/BUILD/shim-16.1/Cryptlib -I/builddir/build/BUILD/shim-16.1/Cryptlib/OpenSSL/Include/ -I/builddir/build/BUILD/shim-16.1/Cryptlib/OpenSSL/crypto -I/builddir/build/BUILD/shim-16.1/Cryptlib/Include -I/builddir/build/BUILD/shim-16.1/gnu-efi/inc -I/builddir/build/BUILD/shim-16.1/gnu-efi/inc/aarch64 -I/builddir/build/BUILD/shim-16.1/gnu-efi/inc/protocol -I/builddir/build/BUILD/shim-16.1/Cryptlib/OpenSSL/crypto/asn1 -I/builddir/build/BUILD/shim-16.1/Cryptlib/OpenSSL/crypto/evp -I/builddir/build/BUILD/shim-16.1/Cryptlib/OpenSSL/crypto/modes -I/builddir/build/BUILD/shim-16.1/Cryptlib/OpenSSL/crypto/include -isystem /builddir/build/BUILD/shim-16.1/include/system -isystem /opt/rh/gcc-toolset-12/root/usr/lib/gcc/aarch64-redhat-linux/12/include -DL_ENDIAN -D_CRT_SECURE_NO_DEPRECATE -D_CRT_NONSTDC_NO_DEPRECATE -DOPENSSL_SMALL_FOOTPRINT -DPEDANTIC -DMDE_CPU_AARCH64   -c -o crypto/sha/sha1dgst.o /builddir/build/BUILD/shim-16.1/Cryptlib/OpenSSL/crypto/sha/sha1dgst.c
DEBUG util.py:463:  gcc -std=gnu11 -ggdb -gdwarf-4 -gstrict-dwarf -ffreestanding -fmacro-prefix-map=/builddir/build/BUILD/shim-16.1/= -fno-stack-protector -fno-strict-aliasing -fpic -fshort-wchar -nostdinc -Os -Wall -Wextra -Wno-missing-field-initializers -Wno-empty-body -Wno-implicit-fallthrough -Wno-old-style-declaration -Wno-unused-but-set-variable -Wno-unused-parameter -Werror -Wno-error=unused-but-set-variable -Wno-error=unused-parameter -I/builddir/build/BUILD/shim-16.1/Cryptlib/OpenSSL -I/builddir/build/BUILD/shim-16.1/Cryptlib -I/builddir/build/BUILD/shim-16.1/Cryptlib/OpenSSL/Include/ -I/builddir/build/BUILD/shim-16.1/Cryptlib/OpenSSL/crypto -I/builddir/build/BUILD/shim-16.1/Cryptlib/Include -I/builddir/build/BUILD/shim-16.1/gnu-efi/inc -I/builddir/build/BUILD/shim-16.1/gnu-efi/inc/aarch64 -I/builddir/build/BUILD/shim-16.1/gnu-efi/inc/protocol -I/builddir/build/BUILD/shim-16.1/Cryptlib/OpenSSL/crypto/asn1 -I/builddir/build/BUILD/shim-16.1/Cryptlib/OpenSSL/crypto/evp -I/builddir/build/BUILD/shim-16.1/Cryptlib/OpenSSL/crypto/modes -I/builddir/build/BUILD/shim-16.1/Cryptlib/OpenSSL/crypto/include -isystem /builddir/build/BUILD/shim-16.1/include/system -isystem /opt/rh/gcc-toolset-12/root/usr/lib/gcc/aarch64-redhat-linux/12/include -DL_ENDIAN -D_CRT_SECURE_NO_DEPRECATE -D_CRT_NONSTDC_NO_DEPRECATE -DOPENSSL_SMALL_FOOTPRINT -DPEDANTIC -DMDE_CPU_AARCH64   -c -o crypto/sha/sha_one.o /builddir/build/BUILD/shim-16.1/Cryptlib/OpenSSL/crypto/sha/sha_one.c
DEBUG util.py:463:  gcc -std=gnu11 -ggdb -gdwarf-4 -gstrict-dwarf -ffreestanding -fmacro-prefix-map=/builddir/build/BUILD/shim-16.1/= -fno-stack-protector -fno-strict-aliasing -fpic -fshort-wchar -nostdinc -Os -Wall -Wextra -Wno-missing-field-initializers -Wno-empty-body -Wno-implicit-fallthrough -Wno-old-style-declaration -Wno-unused-but-set-variable -Wno-unused-parameter -Werror -Wno-error=unused-but-set-variable -Wno-error=unused-parameter -I/builddir/build/BUILD/shim-16.1/Cryptlib/OpenSSL -I/builddir/build/BUILD/shim-16.1/Cryptlib -I/builddir/build/BUILD/shim-16.1/Cryptlib/OpenSSL/Include/ -I/builddir/build/BUILD/shim-16.1/Cryptlib/OpenSSL/crypto -I/builddir/build/BUILD/shim-16.1/Cryptlib/Include -I/builddir/build/BUILD/shim-16.1/gnu-efi/inc -I/builddir/build/BUILD/shim-16.1/gnu-efi/inc/aarch64 -I/builddir/build/BUILD/shim-16.1/gnu-efi/inc/protocol -I/builddir/build/BUILD/shim-16.1/Cryptlib/OpenSSL/crypto/asn1 -I/builddir/build/BUILD/shim-16.1/Cryptlib/OpenSSL/crypto/evp -I/builddir/build/BUILD/shim-16.1/Cryptlib/OpenSSL/crypto/modes -I/builddir/build/BUILD/shim-16.1/Cryptlib/OpenSSL/crypto/include -isystem /builddir/build/BUILD/shim-16.1/include/system -isystem /opt/rh/gcc-toolset-12/root/usr/lib/gcc/aarch64-redhat-linux/12/include -DL_ENDIAN -D_CRT_SECURE_NO_DEPRECATE -D_CRT_NONSTDC_NO_DEPRECATE -DOPENSSL_SMALL_FOOTPRINT -DPEDANTIC -DMDE_CPU_AARCH64   -c -o crypto/sha/sha1_one.o /builddir/build/BUILD/shim-16.1/Cryptlib/OpenSSL/crypto/sha/sha1_one.c
DEBUG util.py:463:  gcc -std=gnu11 -ggdb -gdwarf-4 -gstrict-dwarf -ffreestanding -fmacro-prefix-map=/builddir/build/BUILD/shim-16.1/= -fno-stack-protector -fno-strict-aliasing -fpic -fshort-wchar -nostdinc -Os -Wall -Wextra -Wno-missing-field-initializers -Wno-empty-body -Wno-implicit-fallthrough -Wno-old-style-declaration -Wno-unused-but-set-variable -Wno-unused-parameter -Werror -Wno-error=unused-but-set-variable -Wno-error=unused-parameter -I/builddir/build/BUILD/shim-16.1/Cryptlib/OpenSSL -I/builddir/build/BUILD/shim-16.1/Cryptlib -I/builddir/build/BUILD/shim-16.1/Cryptlib/OpenSSL/Include/ -I/builddir/build/BUILD/shim-16.1/Cryptlib/OpenSSL/crypto -I/builddir/build/BUILD/shim-16.1/Cryptlib/Include -I/builddir/build/BUILD/shim-16.1/gnu-efi/inc -I/builddir/build/BUILD/shim-16.1/gnu-efi/inc/aarch64 -I/builddir/build/BUILD/shim-16.1/gnu-efi/inc/protocol -I/builddir/build/BUILD/shim-16.1/Cryptlib/OpenSSL/crypto/asn1 -I/builddir/build/BUILD/shim-16.1/Cryptlib/OpenSSL/crypto/evp -I/builddir/build/BUILD/shim-16.1/Cryptlib/OpenSSL/crypto/modes -I/builddir/build/BUILD/shim-16.1/Cryptlib/OpenSSL/crypto/include -isystem /builddir/build/BUILD/shim-16.1/include/system -isystem /opt/rh/gcc-toolset-12/root/usr/lib/gcc/aarch64-redhat-linux/12/include -DL_ENDIAN -D_CRT_SECURE_NO_DEPRECATE -D_CRT_NONSTDC_NO_DEPRECATE -DOPENSSL_SMALL_FOOTPRINT -DPEDANTIC -DMDE_CPU_AARCH64   -c -o crypto/sha/sha256.o /builddir/build/BUILD/shim-16.1/Cryptlib/OpenSSL/crypto/sha/sha256.c
DEBUG util.py:463:  gcc -std=gnu11 -ggdb -gdwarf-4 -gstrict-dwarf -ffreestanding -fmacro-prefix-map=/builddir/build/BUILD/shim-16.1/= -fno-stack-protector -fno-strict-aliasing -fpic -fshort-wchar -nostdinc -Os -Wall -Wextra -Wno-missing-field-initializers -Wno-empty-body -Wno-implicit-fallthrough -Wno-old-style-declaration -Wno-unused-but-set-variable -Wno-unused-parameter -Werror -Wno-error=unused-but-set-variable -Wno-error=unused-parameter -I/builddir/build/BUILD/shim-16.1/Cryptlib/OpenSSL -I/builddir/build/BUILD/shim-16.1/Cryptlib -I/builddir/build/BUILD/shim-16.1/Cryptlib/OpenSSL/Include/ -I/builddir/build/BUILD/shim-16.1/Cryptlib/OpenSSL/crypto -I/builddir/build/BUILD/shim-16.1/Cryptlib/Include -I/builddir/build/BUILD/shim-16.1/gnu-efi/inc -I/builddir/build/BUILD/shim-16.1/gnu-efi/inc/aarch64 -I/builddir/build/BUILD/shim-16.1/gnu-efi/inc/protocol -I/builddir/build/BUILD/shim-16.1/Cryptlib/OpenSSL/crypto/asn1 -I/builddir/build/BUILD/shim-16.1/Cryptlib/OpenSSL/crypto/evp -I/builddir/build/BUILD/shim-16.1/Cryptlib/OpenSSL/crypto/modes -I/builddir/build/BUILD/shim-16.1/Cryptlib/OpenSSL/crypto/include -isystem /builddir/build/BUILD/shim-16.1/include/system -isystem /opt/rh/gcc-toolset-12/root/usr/lib/gcc/aarch64-redhat-linux/12/include -DL_ENDIAN -D_CRT_SECURE_NO_DEPRECATE -D_CRT_NONSTDC_NO_DEPRECATE -DOPENSSL_SMALL_FOOTPRINT -DPEDANTIC -DMDE_CPU_AARCH64   -c -o crypto/sha/sha512.o /builddir/build/BUILD/shim-16.1/Cryptlib/OpenSSL/crypto/sha/sha512.c
DEBUG util.py:463:  gcc -std=gnu11 -ggdb -gdwarf-4 -gstrict-dwarf -ffreestanding -fmacro-prefix-map=/builddir/build/BUILD/shim-16.1/= -fno-stack-protector -fno-strict-aliasing -fpic -fshort-wchar -nostdinc -Os -Wall -Wextra -Wno-missing-field-initializers -Wno-empty-body -Wno-implicit-fallthrough -Wno-old-style-declaration -Wno-unused-but-set-variable -Wno-unused-parameter -Werror -Wno-error=unused-but-set-variable -Wno-error=unused-parameter -I/builddir/build/BUILD/shim-16.1/Cryptlib/OpenSSL -I/builddir/build/BUILD/shim-16.1/Cryptlib -I/builddir/build/BUILD/shim-16.1/Cryptlib/OpenSSL/Include/ -I/builddir/build/BUILD/shim-16.1/Cryptlib/OpenSSL/crypto -I/builddir/build/BUILD/shim-16.1/Cryptlib/Include -I/builddir/build/BUILD/shim-16.1/gnu-efi/inc -I/builddir/build/BUILD/shim-16.1/gnu-efi/inc/aarch64 -I/builddir/build/BUILD/shim-16.1/gnu-efi/inc/protocol -I/builddir/build/BUILD/shim-16.1/Cryptlib/OpenSSL/crypto/asn1 -I/builddir/build/BUILD/shim-16.1/Cryptlib/OpenSSL/crypto/evp -I/builddir/build/BUILD/shim-16.1/Cryptlib/OpenSSL/crypto/modes -I/builddir/build/BUILD/shim-16.1/Cryptlib/OpenSSL/crypto/include -isystem /builddir/build/BUILD/shim-16.1/include/system -isystem /opt/rh/gcc-toolset-12/root/usr/lib/gcc/aarch64-redhat-linux/12/include -DL_ENDIAN -D_CRT_SECURE_NO_DEPRECATE -D_CRT_NONSTDC_NO_DEPRECATE -DOPENSSL_SMALL_FOOTPRINT -DPEDANTIC -DMDE_CPU_AARCH64   -c -o crypto/hmac/hmac.o /builddir/build/BUILD/shim-16.1/Cryptlib/OpenSSL/crypto/hmac/hmac.c
DEBUG util.py:463:  gcc -std=gnu11 -ggdb -gdwarf-4 -gstrict-dwarf -ffreestanding -fmacro-prefix-map=/builddir/build/BUILD/shim-16.1/= -fno-stack-protector -fno-strict-aliasing -fpic -fshort-wchar -nostdinc -Os -Wall -Wextra -Wno-missing-field-initializers -Wno-empty-body -Wno-implicit-fallthrough -Wno-old-style-declaration -Wno-unused-but-set-variable -Wno-unused-parameter -Werror -Wno-error=unused-but-set-variable -Wno-error=unused-parameter -I/builddir/build/BUILD/shim-16.1/Cryptlib/OpenSSL -I/builddir/build/BUILD/shim-16.1/Cryptlib -I/builddir/build/BUILD/shim-16.1/Cryptlib/OpenSSL/Include/ -I/builddir/build/BUILD/shim-16.1/Cryptlib/OpenSSL/crypto -I/builddir/build/BUILD/shim-16.1/Cryptlib/Include -I/builddir/build/BUILD/shim-16.1/gnu-efi/inc -I/builddir/build/BUILD/shim-16.1/gnu-efi/inc/aarch64 -I/builddir/build/BUILD/shim-16.1/gnu-efi/inc/protocol -I/builddir/build/BUILD/shim-16.1/Cryptlib/OpenSSL/crypto/asn1 -I/builddir/build/BUILD/shim-16.1/Cryptlib/OpenSSL/crypto/evp -I/builddir/build/BUILD/shim-16.1/Cryptlib/OpenSSL/crypto/modes -I/builddir/build/BUILD/shim-16.1/Cryptlib/OpenSSL/crypto/include -isystem /builddir/build/BUILD/shim-16.1/include/system -isystem /opt/rh/gcc-toolset-12/root/usr/lib/gcc/aarch64-redhat-linux/12/include -DL_ENDIAN -D_CRT_SECURE_NO_DEPRECATE -D_CRT_NONSTDC_NO_DEPRECATE -DOPENSSL_SMALL_FOOTPRINT -DPEDANTIC -DMDE_CPU_AARCH64   -c -o crypto/hmac/hm_ameth.o /builddir/build/BUILD/shim-16.1/Cryptlib/OpenSSL/crypto/hmac/hm_ameth.c
DEBUG util.py:463:  gcc -std=gnu11 -ggdb -gdwarf-4 -gstrict-dwarf -ffreestanding -fmacro-prefix-map=/builddir/build/BUILD/shim-16.1/= -fno-stack-protector -fno-strict-aliasing -fpic -fshort-wchar -nostdinc -Os -Wall -Wextra -Wno-missing-field-initializers -Wno-empty-body -Wno-implicit-fallthrough -Wno-old-style-declaration -Wno-unused-but-set-variable -Wno-unused-parameter -Werror -Wno-error=unused-but-set-variable -Wno-error=unused-parameter -I/builddir/build/BUILD/shim-16.1/Cryptlib/OpenSSL -I/builddir/build/BUILD/shim-16.1/Cryptlib -I/builddir/build/BUILD/shim-16.1/Cryptlib/OpenSSL/Include/ -I/builddir/build/BUILD/shim-16.1/Cryptlib/OpenSSL/crypto -I/builddir/build/BUILD/shim-16.1/Cryptlib/Include -I/builddir/build/BUILD/shim-16.1/gnu-efi/inc -I/builddir/build/BUILD/shim-16.1/gnu-efi/inc/aarch64 -I/builddir/build/BUILD/shim-16.1/gnu-efi/inc/protocol -I/builddir/build/BUILD/shim-16.1/Cryptlib/OpenSSL/crypto/asn1 -I/builddir/build/BUILD/shim-16.1/Cryptlib/OpenSSL/crypto/evp -I/builddir/build/BUILD/shim-16.1/Cryptlib/OpenSSL/crypto/modes -I/builddir/build/BUILD/shim-16.1/Cryptlib/OpenSSL/crypto/include -isystem /builddir/build/BUILD/shim-16.1/include/system -isystem /opt/rh/gcc-toolset-12/root/usr/lib/gcc/aarch64-redhat-linux/12/include -DL_ENDIAN -D_CRT_SECURE_NO_DEPRECATE -D_CRT_NONSTDC_NO_DEPRECATE -DOPENSSL_SMALL_FOOTPRINT -DPEDANTIC -DMDE_CPU_AARCH64   -c -o crypto/hmac/hm_pmeth.o /builddir/build/BUILD/shim-16.1/Cryptlib/OpenSSL/crypto/hmac/hm_pmeth.c
DEBUG util.py:463:  gcc -std=gnu11 -ggdb -gdwarf-4 -gstrict-dwarf -ffreestanding -fmacro-prefix-map=/builddir/build/BUILD/shim-16.1/= -fno-stack-protector -fno-strict-aliasing -fpic -fshort-wchar -nostdinc -Os -Wall -Wextra -Wno-missing-field-initializers -Wno-empty-body -Wno-implicit-fallthrough -Wno-old-style-declaration -Wno-unused-but-set-variable -Wno-unused-parameter -Werror -Wno-error=unused-but-set-variable -Wno-error=unused-parameter -I/builddir/build/BUILD/shim-16.1/Cryptlib/OpenSSL -I/builddir/build/BUILD/shim-16.1/Cryptlib -I/builddir/build/BUILD/shim-16.1/Cryptlib/OpenSSL/Include/ -I/builddir/build/BUILD/shim-16.1/Cryptlib/OpenSSL/crypto -I/builddir/build/BUILD/shim-16.1/Cryptlib/Include -I/builddir/build/BUILD/shim-16.1/gnu-efi/inc -I/builddir/build/BUILD/shim-16.1/gnu-efi/inc/aarch64 -I/builddir/build/BUILD/shim-16.1/gnu-efi/inc/protocol -I/builddir/build/BUILD/shim-16.1/Cryptlib/OpenSSL/crypto/asn1 -I/builddir/build/BUILD/shim-16.1/Cryptlib/OpenSSL/crypto/evp -I/builddir/build/BUILD/shim-16.1/Cryptlib/OpenSSL/crypto/modes -I/builddir/build/BUILD/shim-16.1/Cryptlib/OpenSSL/crypto/include -isystem /builddir/build/BUILD/shim-16.1/include/system -isystem /opt/rh/gcc-toolset-12/root/usr/lib/gcc/aarch64-redhat-linux/12/include -DL_ENDIAN -D_CRT_SECURE_NO_DEPRECATE -D_CRT_NONSTDC_NO_DEPRECATE -DOPENSSL_SMALL_FOOTPRINT -DPEDANTIC -DMDE_CPU_AARCH64   -c -o crypto/rc4/rc4_enc.o /builddir/build/BUILD/shim-16.1/Cryptlib/OpenSSL/crypto/rc4/rc4_enc.c
DEBUG util.py:463:  gcc -std=gnu11 -ggdb -gdwarf-4 -gstrict-dwarf -ffreestanding -fmacro-prefix-map=/builddir/build/BUILD/shim-16.1/= -fno-stack-protector -fno-strict-aliasing -fpic -fshort-wchar -nostdinc -Os -Wall -Wextra -Wno-missing-field-initializers -Wno-empty-body -Wno-implicit-fallthrough -Wno-old-style-declaration -Wno-unused-but-set-variable -Wno-unused-parameter -Werror -Wno-error=unused-but-set-variable -Wno-error=unused-parameter -I/builddir/build/BUILD/shim-16.1/Cryptlib/OpenSSL -I/builddir/build/BUILD/shim-16.1/Cryptlib -I/builddir/build/BUILD/shim-16.1/Cryptlib/OpenSSL/Include/ -I/builddir/build/BUILD/shim-16.1/Cryptlib/OpenSSL/crypto -I/builddir/build/BUILD/shim-16.1/Cryptlib/Include -I/builddir/build/BUILD/shim-16.1/gnu-efi/inc -I/builddir/build/BUILD/shim-16.1/gnu-efi/inc/aarch64 -I/builddir/build/BUILD/shim-16.1/gnu-efi/inc/protocol -I/builddir/build/BUILD/shim-16.1/Cryptlib/OpenSSL/crypto/asn1 -I/builddir/build/BUILD/shim-16.1/Cryptlib/OpenSSL/crypto/evp -I/builddir/build/BUILD/shim-16.1/Cryptlib/OpenSSL/crypto/modes -I/builddir/build/BUILD/shim-16.1/Cryptlib/OpenSSL/crypto/include -isystem /builddir/build/BUILD/shim-16.1/include/system -isystem /opt/rh/gcc-toolset-12/root/usr/lib/gcc/aarch64-redhat-linux/12/include -DL_ENDIAN -D_CRT_SECURE_NO_DEPRECATE -D_CRT_NONSTDC_NO_DEPRECATE -DOPENSSL_SMALL_FOOTPRINT -DPEDANTIC -DMDE_CPU_AARCH64   -c -o crypto/rc4/rc4_skey.o /builddir/build/BUILD/shim-16.1/Cryptlib/OpenSSL/crypto/rc4/rc4_skey.c
DEBUG util.py:463:  gcc -std=gnu11 -ggdb -gdwarf-4 -gstrict-dwarf -ffreestanding -fmacro-prefix-map=/builddir/build/BUILD/shim-16.1/= -fno-stack-protector -fno-strict-aliasing -fpic -fshort-wchar -nostdinc -Os -Wall -Wextra -Wno-missing-field-initializers -Wno-empty-body -Wno-implicit-fallthrough -Wno-old-style-declaration -Wno-unused-but-set-variable -Wno-unused-parameter -Werror -Wno-error=unused-but-set-variable -Wno-error=unused-parameter -I/builddir/build/BUILD/shim-16.1/Cryptlib/OpenSSL -I/builddir/build/BUILD/shim-16.1/Cryptlib -I/builddir/build/BUILD/shim-16.1/Cryptlib/OpenSSL/Include/ -I/builddir/build/BUILD/shim-16.1/Cryptlib/OpenSSL/crypto -I/builddir/build/BUILD/shim-16.1/Cryptlib/Include -I/builddir/build/BUILD/shim-16.1/gnu-efi/inc -I/builddir/build/BUILD/shim-16.1/gnu-efi/inc/aarch64 -I/builddir/build/BUILD/shim-16.1/gnu-efi/inc/protocol -I/builddir/build/BUILD/shim-16.1/Cryptlib/OpenSSL/crypto/asn1 -I/builddir/build/BUILD/shim-16.1/Cryptlib/OpenSSL/crypto/evp -I/builddir/build/BUILD/shim-16.1/Cryptlib/OpenSSL/crypto/modes -I/builddir/build/BUILD/shim-16.1/Cryptlib/OpenSSL/crypto/include -isystem /builddir/build/BUILD/shim-16.1/include/system -isystem /opt/rh/gcc-toolset-12/root/usr/lib/gcc/aarch64-redhat-linux/12/include -DL_ENDIAN -D_CRT_SECURE_NO_DEPRECATE -D_CRT_NONSTDC_NO_DEPRECATE -DOPENSSL_SMALL_FOOTPRINT -DPEDANTIC -DMDE_CPU_AARCH64   -c -o crypto/rc4/rc4_utl.o /builddir/build/BUILD/shim-16.1/Cryptlib/OpenSSL/crypto/rc4/rc4_utl.c
DEBUG util.py:463:  gcc -std=gnu11 -ggdb -gdwarf-4 -gstrict-dwarf -ffreestanding -fmacro-prefix-map=/builddir/build/BUILD/shim-16.1/= -fno-stack-protector -fno-strict-aliasing -fpic -fshort-wchar -nostdinc -Os -Wall -Wextra -Wno-missing-field-initializers -Wno-empty-body -Wno-implicit-fallthrough -Wno-old-style-declaration -Wno-unused-but-set-variable -Wno-unused-parameter -Werror -Wno-error=unused-but-set-variable -Wno-error=unused-parameter -I/builddir/build/BUILD/shim-16.1/Cryptlib/OpenSSL -I/builddir/build/BUILD/shim-16.1/Cryptlib -I/builddir/build/BUILD/shim-16.1/Cryptlib/OpenSSL/Include/ -I/builddir/build/BUILD/shim-16.1/Cryptlib/OpenSSL/crypto -I/builddir/build/BUILD/shim-16.1/Cryptlib/Include -I/builddir/build/BUILD/shim-16.1/gnu-efi/inc -I/builddir/build/BUILD/shim-16.1/gnu-efi/inc/aarch64 -I/builddir/build/BUILD/shim-16.1/gnu-efi/inc/protocol -I/builddir/build/BUILD/shim-16.1/Cryptlib/OpenSSL/crypto/asn1 -I/builddir/build/BUILD/shim-16.1/Cryptlib/OpenSSL/crypto/evp -I/builddir/build/BUILD/shim-16.1/Cryptlib/OpenSSL/crypto/modes -I/builddir/build/BUILD/shim-16.1/Cryptlib/OpenSSL/crypto/include -isystem /builddir/build/BUILD/shim-16.1/include/system -isystem /opt/rh/gcc-toolset-12/root/usr/lib/gcc/aarch64-redhat-linux/12/include -DL_ENDIAN -D_CRT_SECURE_NO_DEPRECATE -D_CRT_NONSTDC_NO_DEPRECATE -DOPENSSL_SMALL_FOOTPRINT -DPEDANTIC -DMDE_CPU_AARCH64   -c -o crypto/aes/aes_misc.o /builddir/build/BUILD/shim-16.1/Cryptlib/OpenSSL/crypto/aes/aes_misc.c
DEBUG util.py:463:  gcc -std=gnu11 -ggdb -gdwarf-4 -gstrict-dwarf -ffreestanding -fmacro-prefix-map=/builddir/build/BUILD/shim-16.1/= -fno-stack-protector -fno-strict-aliasing -fpic -fshort-wchar -nostdinc -Os -Wall -Wextra -Wno-missing-field-initializers -Wno-empty-body -Wno-implicit-fallthrough -Wno-old-style-declaration -Wno-unused-but-set-variable -Wno-unused-parameter -Werror -Wno-error=unused-but-set-variable -Wno-error=unused-parameter -I/builddir/build/BUILD/shim-16.1/Cryptlib/OpenSSL -I/builddir/build/BUILD/shim-16.1/Cryptlib -I/builddir/build/BUILD/shim-16.1/Cryptlib/OpenSSL/Include/ -I/builddir/build/BUILD/shim-16.1/Cryptlib/OpenSSL/crypto -I/builddir/build/BUILD/shim-16.1/Cryptlib/Include -I/builddir/build/BUILD/shim-16.1/gnu-efi/inc -I/builddir/build/BUILD/shim-16.1/gnu-efi/inc/aarch64 -I/builddir/build/BUILD/shim-16.1/gnu-efi/inc/protocol -I/builddir/build/BUILD/shim-16.1/Cryptlib/OpenSSL/crypto/asn1 -I/builddir/build/BUILD/shim-16.1/Cryptlib/OpenSSL/crypto/evp -I/builddir/build/BUILD/shim-16.1/Cryptlib/OpenSSL/crypto/modes -I/builddir/build/BUILD/shim-16.1/Cryptlib/OpenSSL/crypto/include -isystem /builddir/build/BUILD/shim-16.1/include/system -isystem /opt/rh/gcc-toolset-12/root/usr/lib/gcc/aarch64-redhat-linux/12/include -DL_ENDIAN -D_CRT_SECURE_NO_DEPRECATE -D_CRT_NONSTDC_NO_DEPRECATE -DOPENSSL_SMALL_FOOTPRINT -DPEDANTIC -DMDE_CPU_AARCH64   -c -o crypto/aes/aes_ecb.o /builddir/build/BUILD/shim-16.1/Cryptlib/OpenSSL/crypto/aes/aes_ecb.c
DEBUG util.py:463:  gcc -std=gnu11 -ggdb -gdwarf-4 -gstrict-dwarf -ffreestanding -fmacro-prefix-map=/builddir/build/BUILD/shim-16.1/= -fno-stack-protector -fno-strict-aliasing -fpic -fshort-wchar -nostdinc -Os -Wall -Wextra -Wno-missing-field-initializers -Wno-empty-body -Wno-implicit-fallthrough -Wno-old-style-declaration -Wno-unused-but-set-variable -Wno-unused-parameter -Werror -Wno-error=unused-but-set-variable -Wno-error=unused-parameter -I/builddir/build/BUILD/shim-16.1/Cryptlib/OpenSSL -I/builddir/build/BUILD/shim-16.1/Cryptlib -I/builddir/build/BUILD/shim-16.1/Cryptlib/OpenSSL/Include/ -I/builddir/build/BUILD/shim-16.1/Cryptlib/OpenSSL/crypto -I/builddir/build/BUILD/shim-16.1/Cryptlib/Include -I/builddir/build/BUILD/shim-16.1/gnu-efi/inc -I/builddir/build/BUILD/shim-16.1/gnu-efi/inc/aarch64 -I/builddir/build/BUILD/shim-16.1/gnu-efi/inc/protocol -I/builddir/build/BUILD/shim-16.1/Cryptlib/OpenSSL/crypto/asn1 -I/builddir/build/BUILD/shim-16.1/Cryptlib/OpenSSL/crypto/evp -I/builddir/build/BUILD/shim-16.1/Cryptlib/OpenSSL/crypto/modes -I/builddir/build/BUILD/shim-16.1/Cryptlib/OpenSSL/crypto/include -isystem /builddir/build/BUILD/shim-16.1/include/system -isystem /opt/rh/gcc-toolset-12/root/usr/lib/gcc/aarch64-redhat-linux/12/include -DL_ENDIAN -D_CRT_SECURE_NO_DEPRECATE -D_CRT_NONSTDC_NO_DEPRECATE -DOPENSSL_SMALL_FOOTPRINT -DPEDANTIC -DMDE_CPU_AARCH64   -c -o crypto/aes/aes_cfb.o /builddir/build/BUILD/shim-16.1/Cryptlib/OpenSSL/crypto/aes/aes_cfb.c
DEBUG util.py:463:  gcc -std=gnu11 -ggdb -gdwarf-4 -gstrict-dwarf -ffreestanding -fmacro-prefix-map=/builddir/build/BUILD/shim-16.1/= -fno-stack-protector -fno-strict-aliasing -fpic -fshort-wchar -nostdinc -Os -Wall -Wextra -Wno-missing-field-initializers -Wno-empty-body -Wno-implicit-fallthrough -Wno-old-style-declaration -Wno-unused-but-set-variable -Wno-unused-parameter -Werror -Wno-error=unused-but-set-variable -Wno-error=unused-parameter -I/builddir/build/BUILD/shim-16.1/Cryptlib/OpenSSL -I/builddir/build/BUILD/shim-16.1/Cryptlib -I/builddir/build/BUILD/shim-16.1/Cryptlib/OpenSSL/Include/ -I/builddir/build/BUILD/shim-16.1/Cryptlib/OpenSSL/crypto -I/builddir/build/BUILD/shim-16.1/Cryptlib/Include -I/builddir/build/BUILD/shim-16.1/gnu-efi/inc -I/builddir/build/BUILD/shim-16.1/gnu-efi/inc/aarch64 -I/builddir/build/BUILD/shim-16.1/gnu-efi/inc/protocol -I/builddir/build/BUILD/shim-16.1/Cryptlib/OpenSSL/crypto/asn1 -I/builddir/build/BUILD/shim-16.1/Cryptlib/OpenSSL/crypto/evp -I/builddir/build/BUILD/shim-16.1/Cryptlib/OpenSSL/crypto/modes -I/builddir/build/BUILD/shim-16.1/Cryptlib/OpenSSL/crypto/include -isystem /builddir/build/BUILD/shim-16.1/include/system -isystem /opt/rh/gcc-toolset-12/root/usr/lib/gcc/aarch64-redhat-linux/12/include -DL_ENDIAN -D_CRT_SECURE_NO_DEPRECATE -D_CRT_NONSTDC_NO_DEPRECATE -DOPENSSL_SMALL_FOOTPRINT -DPEDANTIC -DMDE_CPU_AARCH64   -c -o crypto/aes/aes_ofb.o /builddir/build/BUILD/shim-16.1/Cryptlib/OpenSSL/crypto/aes/aes_ofb.c
DEBUG util.py:463:  gcc -std=gnu11 -ggdb -gdwarf-4 -gstrict-dwarf -ffreestanding -fmacro-prefix-map=/builddir/build/BUILD/shim-16.1/= -fno-stack-protector -fno-strict-aliasing -fpic -fshort-wchar -nostdinc -Os -Wall -Wextra -Wno-missing-field-initializers -Wno-empty-body -Wno-implicit-fallthrough -Wno-old-style-declaration -Wno-unused-but-set-variable -Wno-unused-parameter -Werror -Wno-error=unused-but-set-variable -Wno-error=unused-parameter -I/builddir/build/BUILD/shim-16.1/Cryptlib/OpenSSL -I/builddir/build/BUILD/shim-16.1/Cryptlib -I/builddir/build/BUILD/shim-16.1/Cryptlib/OpenSSL/Include/ -I/builddir/build/BUILD/shim-16.1/Cryptlib/OpenSSL/crypto -I/builddir/build/BUILD/shim-16.1/Cryptlib/Include -I/builddir/build/BUILD/shim-16.1/gnu-efi/inc -I/builddir/build/BUILD/shim-16.1/gnu-efi/inc/aarch64 -I/builddir/build/BUILD/shim-16.1/gnu-efi/inc/protocol -I/builddir/build/BUILD/shim-16.1/Cryptlib/OpenSSL/crypto/asn1 -I/builddir/build/BUILD/shim-16.1/Cryptlib/OpenSSL/crypto/evp -I/builddir/build/BUILD/shim-16.1/Cryptlib/OpenSSL/crypto/modes -I/builddir/build/BUILD/shim-16.1/Cryptlib/OpenSSL/crypto/include -isystem /builddir/build/BUILD/shim-16.1/include/system -isystem /opt/rh/gcc-toolset-12/root/usr/lib/gcc/aarch64-redhat-linux/12/include -DL_ENDIAN -D_CRT_SECURE_NO_DEPRECATE -D_CRT_NONSTDC_NO_DEPRECATE -DOPENSSL_SMALL_FOOTPRINT -DPEDANTIC -DMDE_CPU_AARCH64   -c -o crypto/aes/aes_ctr.o /builddir/build/BUILD/shim-16.1/Cryptlib/OpenSSL/crypto/aes/aes_ctr.c
DEBUG util.py:463:  gcc -std=gnu11 -ggdb -gdwarf-4 -gstrict-dwarf -ffreestanding -fmacro-prefix-map=/builddir/build/BUILD/shim-16.1/= -fno-stack-protector -fno-strict-aliasing -fpic -fshort-wchar -nostdinc -Os -Wall -Wextra -Wno-missing-field-initializers -Wno-empty-body -Wno-implicit-fallthrough -Wno-old-style-declaration -Wno-unused-but-set-variable -Wno-unused-parameter -Werror -Wno-error=unused-but-set-variable -Wno-error=unused-parameter -I/builddir/build/BUILD/shim-16.1/Cryptlib/OpenSSL -I/builddir/build/BUILD/shim-16.1/Cryptlib -I/builddir/build/BUILD/shim-16.1/Cryptlib/OpenSSL/Include/ -I/builddir/build/BUILD/shim-16.1/Cryptlib/OpenSSL/crypto -I/builddir/build/BUILD/shim-16.1/Cryptlib/Include -I/builddir/build/BUILD/shim-16.1/gnu-efi/inc -I/builddir/build/BUILD/shim-16.1/gnu-efi/inc/aarch64 -I/builddir/build/BUILD/shim-16.1/gnu-efi/inc/protocol -I/builddir/build/BUILD/shim-16.1/Cryptlib/OpenSSL/crypto/asn1 -I/builddir/build/BUILD/shim-16.1/Cryptlib/OpenSSL/crypto/evp -I/builddir/build/BUILD/shim-16.1/Cryptlib/OpenSSL/crypto/modes -I/builddir/build/BUILD/shim-16.1/Cryptlib/OpenSSL/crypto/include -isystem /builddir/build/BUILD/shim-16.1/include/system -isystem /opt/rh/gcc-toolset-12/root/usr/lib/gcc/aarch64-redhat-linux/12/include -DL_ENDIAN -D_CRT_SECURE_NO_DEPRECATE -D_CRT_NONSTDC_NO_DEPRECATE -DOPENSSL_SMALL_FOOTPRINT -DPEDANTIC -DMDE_CPU_AARCH64   -c -o crypto/aes/aes_ige.o /builddir/build/BUILD/shim-16.1/Cryptlib/OpenSSL/crypto/aes/aes_ige.c
DEBUG util.py:463:  gcc -std=gnu11 -ggdb -gdwarf-4 -gstrict-dwarf -ffreestanding -fmacro-prefix-map=/builddir/build/BUILD/shim-16.1/= -fno-stack-protector -fno-strict-aliasing -fpic -fshort-wchar -nostdinc -Os -Wall -Wextra -Wno-missing-field-initializers -Wno-empty-body -Wno-implicit-fallthrough -Wno-old-style-declaration -Wno-unused-but-set-variable -Wno-unused-parameter -Werror -Wno-error=unused-but-set-variable -Wno-error=unused-parameter -I/builddir/build/BUILD/shim-16.1/Cryptlib/OpenSSL -I/builddir/build/BUILD/shim-16.1/Cryptlib -I/builddir/build/BUILD/shim-16.1/Cryptlib/OpenSSL/Include/ -I/builddir/build/BUILD/shim-16.1/Cryptlib/OpenSSL/crypto -I/builddir/build/BUILD/shim-16.1/Cryptlib/Include -I/builddir/build/BUILD/shim-16.1/gnu-efi/inc -I/builddir/build/BUILD/shim-16.1/gnu-efi/inc/aarch64 -I/builddir/build/BUILD/shim-16.1/gnu-efi/inc/protocol -I/builddir/build/BUILD/shim-16.1/Cryptlib/OpenSSL/crypto/asn1 -I/builddir/build/BUILD/shim-16.1/Cryptlib/OpenSSL/crypto/evp -I/builddir/build/BUILD/shim-16.1/Cryptlib/OpenSSL/crypto/modes -I/builddir/build/BUILD/shim-16.1/Cryptlib/OpenSSL/crypto/include -isystem /builddir/build/BUILD/shim-16.1/include/system -isystem /opt/rh/gcc-toolset-12/root/usr/lib/gcc/aarch64-redhat-linux/12/include -DL_ENDIAN -D_CRT_SECURE_NO_DEPRECATE -D_CRT_NONSTDC_NO_DEPRECATE -DOPENSSL_SMALL_FOOTPRINT -DPEDANTIC -DMDE_CPU_AARCH64   -c -o crypto/aes/aes_wrap.o /builddir/build/BUILD/shim-16.1/Cryptlib/OpenSSL/crypto/aes/aes_wrap.c
DEBUG util.py:463:  gcc -std=gnu11 -ggdb -gdwarf-4 -gstrict-dwarf -ffreestanding -fmacro-prefix-map=/builddir/build/BUILD/shim-16.1/= -fno-stack-protector -fno-strict-aliasing -fpic -fshort-wchar -nostdinc -Os -Wall -Wextra -Wno-missing-field-initializers -Wno-empty-body -Wno-implicit-fallthrough -Wno-old-style-declaration -Wno-unused-but-set-variable -Wno-unused-parameter -Werror -Wno-error=unused-but-set-variable -Wno-error=unused-parameter -I/builddir/build/BUILD/shim-16.1/Cryptlib/OpenSSL -I/builddir/build/BUILD/shim-16.1/Cryptlib -I/builddir/build/BUILD/shim-16.1/Cryptlib/OpenSSL/Include/ -I/builddir/build/BUILD/shim-16.1/Cryptlib/OpenSSL/crypto -I/builddir/build/BUILD/shim-16.1/Cryptlib/Include -I/builddir/build/BUILD/shim-16.1/gnu-efi/inc -I/builddir/build/BUILD/shim-16.1/gnu-efi/inc/aarch64 -I/builddir/build/BUILD/shim-16.1/gnu-efi/inc/protocol -I/builddir/build/BUILD/shim-16.1/Cryptlib/OpenSSL/crypto/asn1 -I/builddir/build/BUILD/shim-16.1/Cryptlib/OpenSSL/crypto/evp -I/builddir/build/BUILD/shim-16.1/Cryptlib/OpenSSL/crypto/modes -I/builddir/build/BUILD/shim-16.1/Cryptlib/OpenSSL/crypto/include -isystem /builddir/build/BUILD/shim-16.1/include/system -isystem /opt/rh/gcc-toolset-12/root/usr/lib/gcc/aarch64-redhat-linux/12/include -DL_ENDIAN -D_CRT_SECURE_NO_DEPRECATE -D_CRT_NONSTDC_NO_DEPRECATE -DOPENSSL_SMALL_FOOTPRINT -DPEDANTIC -DMDE_CPU_AARCH64   -c -o crypto/aes/aes_core.o /builddir/build/BUILD/shim-16.1/Cryptlib/OpenSSL/crypto/aes/aes_core.c
DEBUG util.py:463:  gcc -std=gnu11 -ggdb -gdwarf-4 -gstrict-dwarf -ffreestanding -fmacro-prefix-map=/builddir/build/BUILD/shim-16.1/= -fno-stack-protector -fno-strict-aliasing -fpic -fshort-wchar -nostdinc -Os -Wall -Wextra -Wno-missing-field-initializers -Wno-empty-body -Wno-implicit-fallthrough -Wno-old-style-declaration -Wno-unused-but-set-variable -Wno-unused-parameter -Werror -Wno-error=unused-but-set-variable -Wno-error=unused-parameter -I/builddir/build/BUILD/shim-16.1/Cryptlib/OpenSSL -I/builddir/build/BUILD/shim-16.1/Cryptlib -I/builddir/build/BUILD/shim-16.1/Cryptlib/OpenSSL/Include/ -I/builddir/build/BUILD/shim-16.1/Cryptlib/OpenSSL/crypto -I/builddir/build/BUILD/shim-16.1/Cryptlib/Include -I/builddir/build/BUILD/shim-16.1/gnu-efi/inc -I/builddir/build/BUILD/shim-16.1/gnu-efi/inc/aarch64 -I/builddir/build/BUILD/shim-16.1/gnu-efi/inc/protocol -I/builddir/build/BUILD/shim-16.1/Cryptlib/OpenSSL/crypto/asn1 -I/builddir/build/BUILD/shim-16.1/Cryptlib/OpenSSL/crypto/evp -I/builddir/build/BUILD/shim-16.1/Cryptlib/OpenSSL/crypto/modes -I/builddir/build/BUILD/shim-16.1/Cryptlib/OpenSSL/crypto/include -isystem /builddir/build/BUILD/shim-16.1/include/system -isystem /opt/rh/gcc-toolset-12/root/usr/lib/gcc/aarch64-redhat-linux/12/include -DL_ENDIAN -D_CRT_SECURE_NO_DEPRECATE -D_CRT_NONSTDC_NO_DEPRECATE -DOPENSSL_SMALL_FOOTPRINT -DPEDANTIC -DMDE_CPU_AARCH64   -c -o crypto/aes/aes_cbc.o /builddir/build/BUILD/shim-16.1/Cryptlib/OpenSSL/crypto/aes/aes_cbc.c
DEBUG util.py:463:  gcc -std=gnu11 -ggdb -gdwarf-4 -gstrict-dwarf -ffreestanding -fmacro-prefix-map=/builddir/build/BUILD/shim-16.1/= -fno-stack-protector -fno-strict-aliasing -fpic -fshort-wchar -nostdinc -Os -Wall -Wextra -Wno-missing-field-initializers -Wno-empty-body -Wno-implicit-fallthrough -Wno-old-style-declaration -Wno-unused-but-set-variable -Wno-unused-parameter -Werror -Wno-error=unused-but-set-variable -Wno-error=unused-parameter -I/builddir/build/BUILD/shim-16.1/Cryptlib/OpenSSL -I/builddir/build/BUILD/shim-16.1/Cryptlib -I/builddir/build/BUILD/shim-16.1/Cryptlib/OpenSSL/Include/ -I/builddir/build/BUILD/shim-16.1/Cryptlib/OpenSSL/crypto -I/builddir/build/BUILD/shim-16.1/Cryptlib/Include -I/builddir/build/BUILD/shim-16.1/gnu-efi/inc -I/builddir/build/BUILD/shim-16.1/gnu-efi/inc/aarch64 -I/builddir/build/BUILD/shim-16.1/gnu-efi/inc/protocol -I/builddir/build/BUILD/shim-16.1/Cryptlib/OpenSSL/crypto/asn1 -I/builddir/build/BUILD/shim-16.1/Cryptlib/OpenSSL/crypto/evp -I/builddir/build/BUILD/shim-16.1/Cryptlib/OpenSSL/crypto/modes -I/builddir/build/BUILD/shim-16.1/Cryptlib/OpenSSL/crypto/include -isystem /builddir/build/BUILD/shim-16.1/include/system -isystem /opt/rh/gcc-toolset-12/root/usr/lib/gcc/aarch64-redhat-linux/12/include -DL_ENDIAN -D_CRT_SECURE_NO_DEPRECATE -D_CRT_NONSTDC_NO_DEPRECATE -DOPENSSL_SMALL_FOOTPRINT -DPEDANTIC -DMDE_CPU_AARCH64   -c -o crypto/modes/cbc128.o /builddir/build/BUILD/shim-16.1/Cryptlib/OpenSSL/crypto/modes/cbc128.c
DEBUG util.py:463:  gcc -std=gnu11 -ggdb -gdwarf-4 -gstrict-dwarf -ffreestanding -fmacro-prefix-map=/builddir/build/BUILD/shim-16.1/= -fno-stack-protector -fno-strict-aliasing -fpic -fshort-wchar -nostdinc -Os -Wall -Wextra -Wno-missing-field-initializers -Wno-empty-body -Wno-implicit-fallthrough -Wno-old-style-declaration -Wno-unused-but-set-variable -Wno-unused-parameter -Werror -Wno-error=unused-but-set-variable -Wno-error=unused-parameter -I/builddir/build/BUILD/shim-16.1/Cryptlib/OpenSSL -I/builddir/build/BUILD/shim-16.1/Cryptlib -I/builddir/build/BUILD/shim-16.1/Cryptlib/OpenSSL/Include/ -I/builddir/build/BUILD/shim-16.1/Cryptlib/OpenSSL/crypto -I/builddir/build/BUILD/shim-16.1/Cryptlib/Include -I/builddir/build/BUILD/shim-16.1/gnu-efi/inc -I/builddir/build/BUILD/shim-16.1/gnu-efi/inc/aarch64 -I/builddir/build/BUILD/shim-16.1/gnu-efi/inc/protocol -I/builddir/build/BUILD/shim-16.1/Cryptlib/OpenSSL/crypto/asn1 -I/builddir/build/BUILD/shim-16.1/Cryptlib/OpenSSL/crypto/evp -I/builddir/build/BUILD/shim-16.1/Cryptlib/OpenSSL/crypto/modes -I/builddir/build/BUILD/shim-16.1/Cryptlib/OpenSSL/crypto/include -isystem /builddir/build/BUILD/shim-16.1/include/system -isystem /opt/rh/gcc-toolset-12/root/usr/lib/gcc/aarch64-redhat-linux/12/include -DL_ENDIAN -D_CRT_SECURE_NO_DEPRECATE -D_CRT_NONSTDC_NO_DEPRECATE -DOPENSSL_SMALL_FOOTPRINT -DPEDANTIC -DMDE_CPU_AARCH64   -c -o crypto/modes/ctr128.o /builddir/build/BUILD/shim-16.1/Cryptlib/OpenSSL/crypto/modes/ctr128.c
DEBUG util.py:463:  gcc -std=gnu11 -ggdb -gdwarf-4 -gstrict-dwarf -ffreestanding -fmacro-prefix-map=/builddir/build/BUILD/shim-16.1/= -fno-stack-protector -fno-strict-aliasing -fpic -fshort-wchar -nostdinc -Os -Wall -Wextra -Wno-missing-field-initializers -Wno-empty-body -Wno-implicit-fallthrough -Wno-old-style-declaration -Wno-unused-but-set-variable -Wno-unused-parameter -Werror -Wno-error=unused-but-set-variable -Wno-error=unused-parameter -I/builddir/build/BUILD/shim-16.1/Cryptlib/OpenSSL -I/builddir/build/BUILD/shim-16.1/Cryptlib -I/builddir/build/BUILD/shim-16.1/Cryptlib/OpenSSL/Include/ -I/builddir/build/BUILD/shim-16.1/Cryptlib/OpenSSL/crypto -I/builddir/build/BUILD/shim-16.1/Cryptlib/Include -I/builddir/build/BUILD/shim-16.1/gnu-efi/inc -I/builddir/build/BUILD/shim-16.1/gnu-efi/inc/aarch64 -I/builddir/build/BUILD/shim-16.1/gnu-efi/inc/protocol -I/builddir/build/BUILD/shim-16.1/Cryptlib/OpenSSL/crypto/asn1 -I/builddir/build/BUILD/shim-16.1/Cryptlib/OpenSSL/crypto/evp -I/builddir/build/BUILD/shim-16.1/Cryptlib/OpenSSL/crypto/modes -I/builddir/build/BUILD/shim-16.1/Cryptlib/OpenSSL/crypto/include -isystem /builddir/build/BUILD/shim-16.1/include/system -isystem /opt/rh/gcc-toolset-12/root/usr/lib/gcc/aarch64-redhat-linux/12/include -DL_ENDIAN -D_CRT_SECURE_NO_DEPRECATE -D_CRT_NONSTDC_NO_DEPRECATE -DOPENSSL_SMALL_FOOTPRINT -DPEDANTIC -DMDE_CPU_AARCH64   -c -o crypto/modes/cts128.o /builddir/build/BUILD/shim-16.1/Cryptlib/OpenSSL/crypto/modes/cts128.c
DEBUG util.py:463:  gcc -std=gnu11 -ggdb -gdwarf-4 -gstrict-dwarf -ffreestanding -fmacro-prefix-map=/builddir/build/BUILD/shim-16.1/= -fno-stack-protector -fno-strict-aliasing -fpic -fshort-wchar -nostdinc -Os -Wall -Wextra -Wno-missing-field-initializers -Wno-empty-body -Wno-implicit-fallthrough -Wno-old-style-declaration -Wno-unused-but-set-variable -Wno-unused-parameter -Werror -Wno-error=unused-but-set-variable -Wno-error=unused-parameter -I/builddir/build/BUILD/shim-16.1/Cryptlib/OpenSSL -I/builddir/build/BUILD/shim-16.1/Cryptlib -I/builddir/build/BUILD/shim-16.1/Cryptlib/OpenSSL/Include/ -I/builddir/build/BUILD/shim-16.1/Cryptlib/OpenSSL/crypto -I/builddir/build/BUILD/shim-16.1/Cryptlib/Include -I/builddir/build/BUILD/shim-16.1/gnu-efi/inc -I/builddir/build/BUILD/shim-16.1/gnu-efi/inc/aarch64 -I/builddir/build/BUILD/shim-16.1/gnu-efi/inc/protocol -I/builddir/build/BUILD/shim-16.1/Cryptlib/OpenSSL/crypto/asn1 -I/builddir/build/BUILD/shim-16.1/Cryptlib/OpenSSL/crypto/evp -I/builddir/build/BUILD/shim-16.1/Cryptlib/OpenSSL/crypto/modes -I/builddir/build/BUILD/shim-16.1/Cryptlib/OpenSSL/crypto/include -isystem /builddir/build/BUILD/shim-16.1/include/system -isystem /opt/rh/gcc-toolset-12/root/usr/lib/gcc/aarch64-redhat-linux/12/include -DL_ENDIAN -D_CRT_SECURE_NO_DEPRECATE -D_CRT_NONSTDC_NO_DEPRECATE -DOPENSSL_SMALL_FOOTPRINT -DPEDANTIC -DMDE_CPU_AARCH64   -c -o crypto/modes/cfb128.o /builddir/build/BUILD/shim-16.1/Cryptlib/OpenSSL/crypto/modes/cfb128.c
DEBUG util.py:463:  gcc -std=gnu11 -ggdb -gdwarf-4 -gstrict-dwarf -ffreestanding -fmacro-prefix-map=/builddir/build/BUILD/shim-16.1/= -fno-stack-protector -fno-strict-aliasing -fpic -fshort-wchar -nostdinc -Os -Wall -Wextra -Wno-missing-field-initializers -Wno-empty-body -Wno-implicit-fallthrough -Wno-old-style-declaration -Wno-unused-but-set-variable -Wno-unused-parameter -Werror -Wno-error=unused-but-set-variable -Wno-error=unused-parameter -I/builddir/build/BUILD/shim-16.1/Cryptlib/OpenSSL -I/builddir/build/BUILD/shim-16.1/Cryptlib -I/builddir/build/BUILD/shim-16.1/Cryptlib/OpenSSL/Include/ -I/builddir/build/BUILD/shim-16.1/Cryptlib/OpenSSL/crypto -I/builddir/build/BUILD/shim-16.1/Cryptlib/Include -I/builddir/build/BUILD/shim-16.1/gnu-efi/inc -I/builddir/build/BUILD/shim-16.1/gnu-efi/inc/aarch64 -I/builddir/build/BUILD/shim-16.1/gnu-efi/inc/protocol -I/builddir/build/BUILD/shim-16.1/Cryptlib/OpenSSL/crypto/asn1 -I/builddir/build/BUILD/shim-16.1/Cryptlib/OpenSSL/crypto/evp -I/builddir/build/BUILD/shim-16.1/Cryptlib/OpenSSL/crypto/modes -I/builddir/build/BUILD/shim-16.1/Cryptlib/OpenSSL/crypto/include -isystem /builddir/build/BUILD/shim-16.1/include/system -isystem /opt/rh/gcc-toolset-12/root/usr/lib/gcc/aarch64-redhat-linux/12/include -DL_ENDIAN -D_CRT_SECURE_NO_DEPRECATE -D_CRT_NONSTDC_NO_DEPRECATE -DOPENSSL_SMALL_FOOTPRINT -DPEDANTIC -DMDE_CPU_AARCH64   -c -o crypto/modes/ofb128.o /builddir/build/BUILD/shim-16.1/Cryptlib/OpenSSL/crypto/modes/ofb128.c
DEBUG util.py:463:  gcc -std=gnu11 -ggdb -gdwarf-4 -gstrict-dwarf -ffreestanding -fmacro-prefix-map=/builddir/build/BUILD/shim-16.1/= -fno-stack-protector -fno-strict-aliasing -fpic -fshort-wchar -nostdinc -Os -Wall -Wextra -Wno-missing-field-initializers -Wno-empty-body -Wno-implicit-fallthrough -Wno-old-style-declaration -Wno-unused-but-set-variable -Wno-unused-parameter -Werror -Wno-error=unused-but-set-variable -Wno-error=unused-parameter -I/builddir/build/BUILD/shim-16.1/Cryptlib/OpenSSL -I/builddir/build/BUILD/shim-16.1/Cryptlib -I/builddir/build/BUILD/shim-16.1/Cryptlib/OpenSSL/Include/ -I/builddir/build/BUILD/shim-16.1/Cryptlib/OpenSSL/crypto -I/builddir/build/BUILD/shim-16.1/Cryptlib/Include -I/builddir/build/BUILD/shim-16.1/gnu-efi/inc -I/builddir/build/BUILD/shim-16.1/gnu-efi/inc/aarch64 -I/builddir/build/BUILD/shim-16.1/gnu-efi/inc/protocol -I/builddir/build/BUILD/shim-16.1/Cryptlib/OpenSSL/crypto/asn1 -I/builddir/build/BUILD/shim-16.1/Cryptlib/OpenSSL/crypto/evp -I/builddir/build/BUILD/shim-16.1/Cryptlib/OpenSSL/crypto/modes -I/builddir/build/BUILD/shim-16.1/Cryptlib/OpenSSL/crypto/include -isystem /builddir/build/BUILD/shim-16.1/include/system -isystem /opt/rh/gcc-toolset-12/root/usr/lib/gcc/aarch64-redhat-linux/12/include -DL_ENDIAN -D_CRT_SECURE_NO_DEPRECATE -D_CRT_NONSTDC_NO_DEPRECATE -DOPENSSL_SMALL_FOOTPRINT -DPEDANTIC -DMDE_CPU_AARCH64   -c -o crypto/modes/gcm128.o /builddir/build/BUILD/shim-16.1/Cryptlib/OpenSSL/crypto/modes/gcm128.c
DEBUG util.py:463:  gcc -std=gnu11 -ggdb -gdwarf-4 -gstrict-dwarf -ffreestanding -fmacro-prefix-map=/builddir/build/BUILD/shim-16.1/= -fno-stack-protector -fno-strict-aliasing -fpic -fshort-wchar -nostdinc -Os -Wall -Wextra -Wno-missing-field-initializers -Wno-empty-body -Wno-implicit-fallthrough -Wno-old-style-declaration -Wno-unused-but-set-variable -Wno-unused-parameter -Werror -Wno-error=unused-but-set-variable -Wno-error=unused-parameter -I/builddir/build/BUILD/shim-16.1/Cryptlib/OpenSSL -I/builddir/build/BUILD/shim-16.1/Cryptlib -I/builddir/build/BUILD/shim-16.1/Cryptlib/OpenSSL/Include/ -I/builddir/build/BUILD/shim-16.1/Cryptlib/OpenSSL/crypto -I/builddir/build/BUILD/shim-16.1/Cryptlib/Include -I/builddir/build/BUILD/shim-16.1/gnu-efi/inc -I/builddir/build/BUILD/shim-16.1/gnu-efi/inc/aarch64 -I/builddir/build/BUILD/shim-16.1/gnu-efi/inc/protocol -I/builddir/build/BUILD/shim-16.1/Cryptlib/OpenSSL/crypto/asn1 -I/builddir/build/BUILD/shim-16.1/Cryptlib/OpenSSL/crypto/evp -I/builddir/build/BUILD/shim-16.1/Cryptlib/OpenSSL/crypto/modes -I/builddir/build/BUILD/shim-16.1/Cryptlib/OpenSSL/crypto/include -isystem /builddir/build/BUILD/shim-16.1/include/system -isystem /opt/rh/gcc-toolset-12/root/usr/lib/gcc/aarch64-redhat-linux/12/include -DL_ENDIAN -D_CRT_SECURE_NO_DEPRECATE -D_CRT_NONSTDC_NO_DEPRECATE -DOPENSSL_SMALL_FOOTPRINT -DPEDANTIC -DMDE_CPU_AARCH64   -c -o crypto/modes/ccm128.o /builddir/build/BUILD/shim-16.1/Cryptlib/OpenSSL/crypto/modes/ccm128.c
DEBUG util.py:463:  gcc -std=gnu11 -ggdb -gdwarf-4 -gstrict-dwarf -ffreestanding -fmacro-prefix-map=/builddir/build/BUILD/shim-16.1/= -fno-stack-protector -fno-strict-aliasing -fpic -fshort-wchar -nostdinc -Os -Wall -Wextra -Wno-missing-field-initializers -Wno-empty-body -Wno-implicit-fallthrough -Wno-old-style-declaration -Wno-unused-but-set-variable -Wno-unused-parameter -Werror -Wno-error=unused-but-set-variable -Wno-error=unused-parameter -I/builddir/build/BUILD/shim-16.1/Cryptlib/OpenSSL -I/builddir/build/BUILD/shim-16.1/Cryptlib -I/builddir/build/BUILD/shim-16.1/Cryptlib/OpenSSL/Include/ -I/builddir/build/BUILD/shim-16.1/Cryptlib/OpenSSL/crypto -I/builddir/build/BUILD/shim-16.1/Cryptlib/Include -I/builddir/build/BUILD/shim-16.1/gnu-efi/inc -I/builddir/build/BUILD/shim-16.1/gnu-efi/inc/aarch64 -I/builddir/build/BUILD/shim-16.1/gnu-efi/inc/protocol -I/builddir/build/BUILD/shim-16.1/Cryptlib/OpenSSL/crypto/asn1 -I/builddir/build/BUILD/shim-16.1/Cryptlib/OpenSSL/crypto/evp -I/builddir/build/BUILD/shim-16.1/Cryptlib/OpenSSL/crypto/modes -I/builddir/build/BUILD/shim-16.1/Cryptlib/OpenSSL/crypto/include -isystem /builddir/build/BUILD/shim-16.1/include/system -isystem /opt/rh/gcc-toolset-12/root/usr/lib/gcc/aarch64-redhat-linux/12/include -DL_ENDIAN -D_CRT_SECURE_NO_DEPRECATE -D_CRT_NONSTDC_NO_DEPRECATE -DOPENSSL_SMALL_FOOTPRINT -DPEDANTIC -DMDE_CPU_AARCH64   -c -o crypto/modes/xts128.o /builddir/build/BUILD/shim-16.1/Cryptlib/OpenSSL/crypto/modes/xts128.c
DEBUG util.py:463:  gcc -std=gnu11 -ggdb -gdwarf-4 -gstrict-dwarf -ffreestanding -fmacro-prefix-map=/builddir/build/BUILD/shim-16.1/= -fno-stack-protector -fno-strict-aliasing -fpic -fshort-wchar -nostdinc -Os -Wall -Wextra -Wno-missing-field-initializers -Wno-empty-body -Wno-implicit-fallthrough -Wno-old-style-declaration -Wno-unused-but-set-variable -Wno-unused-parameter -Werror -Wno-error=unused-but-set-variable -Wno-error=unused-parameter -I/builddir/build/BUILD/shim-16.1/Cryptlib/OpenSSL -I/builddir/build/BUILD/shim-16.1/Cryptlib -I/builddir/build/BUILD/shim-16.1/Cryptlib/OpenSSL/Include/ -I/builddir/build/BUILD/shim-16.1/Cryptlib/OpenSSL/crypto -I/builddir/build/BUILD/shim-16.1/Cryptlib/Include -I/builddir/build/BUILD/shim-16.1/gnu-efi/inc -I/builddir/build/BUILD/shim-16.1/gnu-efi/inc/aarch64 -I/builddir/build/BUILD/shim-16.1/gnu-efi/inc/protocol -I/builddir/build/BUILD/shim-16.1/Cryptlib/OpenSSL/crypto/asn1 -I/builddir/build/BUILD/shim-16.1/Cryptlib/OpenSSL/crypto/evp -I/builddir/build/BUILD/shim-16.1/Cryptlib/OpenSSL/crypto/modes -I/builddir/build/BUILD/shim-16.1/Cryptlib/OpenSSL/crypto/include -isystem /builddir/build/BUILD/shim-16.1/include/system -isystem /opt/rh/gcc-toolset-12/root/usr/lib/gcc/aarch64-redhat-linux/12/include -DL_ENDIAN -D_CRT_SECURE_NO_DEPRECATE -D_CRT_NONSTDC_NO_DEPRECATE -DOPENSSL_SMALL_FOOTPRINT -DPEDANTIC -DMDE_CPU_AARCH64   -c -o crypto/modes/wrap128.o /builddir/build/BUILD/shim-16.1/Cryptlib/OpenSSL/crypto/modes/wrap128.c
DEBUG util.py:463:  gcc -std=gnu11 -ggdb -gdwarf-4 -gstrict-dwarf -ffreestanding -fmacro-prefix-map=/builddir/build/BUILD/shim-16.1/= -fno-stack-protector -fno-strict-aliasing -fpic -fshort-wchar -nostdinc -Os -Wall -Wextra -Wno-missing-field-initializers -Wno-empty-body -Wno-implicit-fallthrough -Wno-old-style-declaration -Wno-unused-but-set-variable -Wno-unused-parameter -Werror -Wno-error=unused-but-set-variable -Wno-error=unused-parameter -I/builddir/build/BUILD/shim-16.1/Cryptlib/OpenSSL -I/builddir/build/BUILD/shim-16.1/Cryptlib -I/builddir/build/BUILD/shim-16.1/Cryptlib/OpenSSL/Include/ -I/builddir/build/BUILD/shim-16.1/Cryptlib/OpenSSL/crypto -I/builddir/build/BUILD/shim-16.1/Cryptlib/Include -I/builddir/build/BUILD/shim-16.1/gnu-efi/inc -I/builddir/build/BUILD/shim-16.1/gnu-efi/inc/aarch64 -I/builddir/build/BUILD/shim-16.1/gnu-efi/inc/protocol -I/builddir/build/BUILD/shim-16.1/Cryptlib/OpenSSL/crypto/asn1 -I/builddir/build/BUILD/shim-16.1/Cryptlib/OpenSSL/crypto/evp -I/builddir/build/BUILD/shim-16.1/Cryptlib/OpenSSL/crypto/modes -I/builddir/build/BUILD/shim-16.1/Cryptlib/OpenSSL/crypto/include -isystem /builddir/build/BUILD/shim-16.1/include/system -isystem /opt/rh/gcc-toolset-12/root/usr/lib/gcc/aarch64-redhat-linux/12/include -DL_ENDIAN -D_CRT_SECURE_NO_DEPRECATE -D_CRT_NONSTDC_NO_DEPRECATE -DOPENSSL_SMALL_FOOTPRINT -DPEDANTIC -DMDE_CPU_AARCH64   -c -o crypto/bn/bn_add.o /builddir/build/BUILD/shim-16.1/Cryptlib/OpenSSL/crypto/bn/bn_add.c
DEBUG util.py:463:  gcc -std=gnu11 -ggdb -gdwarf-4 -gstrict-dwarf -ffreestanding -fmacro-prefix-map=/builddir/build/BUILD/shim-16.1/= -fno-stack-protector -fno-strict-aliasing -fpic -fshort-wchar -nostdinc -Os -Wall -Wextra -Wno-missing-field-initializers -Wno-empty-body -Wno-implicit-fallthrough -Wno-old-style-declaration -Wno-unused-but-set-variable -Wno-unused-parameter -Werror -Wno-error=unused-but-set-variable -Wno-error=unused-parameter -I/builddir/build/BUILD/shim-16.1/Cryptlib/OpenSSL -I/builddir/build/BUILD/shim-16.1/Cryptlib -I/builddir/build/BUILD/shim-16.1/Cryptlib/OpenSSL/Include/ -I/builddir/build/BUILD/shim-16.1/Cryptlib/OpenSSL/crypto -I/builddir/build/BUILD/shim-16.1/Cryptlib/Include -I/builddir/build/BUILD/shim-16.1/gnu-efi/inc -I/builddir/build/BUILD/shim-16.1/gnu-efi/inc/aarch64 -I/builddir/build/BUILD/shim-16.1/gnu-efi/inc/protocol -I/builddir/build/BUILD/shim-16.1/Cryptlib/OpenSSL/crypto/asn1 -I/builddir/build/BUILD/shim-16.1/Cryptlib/OpenSSL/crypto/evp -I/builddir/build/BUILD/shim-16.1/Cryptlib/OpenSSL/crypto/modes -I/builddir/build/BUILD/shim-16.1/Cryptlib/OpenSSL/crypto/include -isystem /builddir/build/BUILD/shim-16.1/include/system -isystem /opt/rh/gcc-toolset-12/root/usr/lib/gcc/aarch64-redhat-linux/12/include -DL_ENDIAN -D_CRT_SECURE_NO_DEPRECATE -D_CRT_NONSTDC_NO_DEPRECATE -DOPENSSL_SMALL_FOOTPRINT -DPEDANTIC -DMDE_CPU_AARCH64   -c -o crypto/bn/bn_div.o /builddir/build/BUILD/shim-16.1/Cryptlib/OpenSSL/crypto/bn/bn_div.c
DEBUG util.py:463:  gcc -std=gnu11 -ggdb -gdwarf-4 -gstrict-dwarf -ffreestanding -fmacro-prefix-map=/builddir/build/BUILD/shim-16.1/= -fno-stack-protector -fno-strict-aliasing -fpic -fshort-wchar -nostdinc -Os -Wall -Wextra -Wno-missing-field-initializers -Wno-empty-body -Wno-implicit-fallthrough -Wno-old-style-declaration -Wno-unused-but-set-variable -Wno-unused-parameter -Werror -Wno-error=unused-but-set-variable -Wno-error=unused-parameter -I/builddir/build/BUILD/shim-16.1/Cryptlib/OpenSSL -I/builddir/build/BUILD/shim-16.1/Cryptlib -I/builddir/build/BUILD/shim-16.1/Cryptlib/OpenSSL/Include/ -I/builddir/build/BUILD/shim-16.1/Cryptlib/OpenSSL/crypto -I/builddir/build/BUILD/shim-16.1/Cryptlib/Include -I/builddir/build/BUILD/shim-16.1/gnu-efi/inc -I/builddir/build/BUILD/shim-16.1/gnu-efi/inc/aarch64 -I/builddir/build/BUILD/shim-16.1/gnu-efi/inc/protocol -I/builddir/build/BUILD/shim-16.1/Cryptlib/OpenSSL/crypto/asn1 -I/builddir/build/BUILD/shim-16.1/Cryptlib/OpenSSL/crypto/evp -I/builddir/build/BUILD/shim-16.1/Cryptlib/OpenSSL/crypto/modes -I/builddir/build/BUILD/shim-16.1/Cryptlib/OpenSSL/crypto/include -isystem /builddir/build/BUILD/shim-16.1/include/system -isystem /opt/rh/gcc-toolset-12/root/usr/lib/gcc/aarch64-redhat-linux/12/include -DL_ENDIAN -D_CRT_SECURE_NO_DEPRECATE -D_CRT_NONSTDC_NO_DEPRECATE -DOPENSSL_SMALL_FOOTPRINT -DPEDANTIC -DMDE_CPU_AARCH64   -c -o crypto/bn/bn_exp.o /builddir/build/BUILD/shim-16.1/Cryptlib/OpenSSL/crypto/bn/bn_exp.c
DEBUG util.py:463:  gcc -std=gnu11 -ggdb -gdwarf-4 -gstrict-dwarf -ffreestanding -fmacro-prefix-map=/builddir/build/BUILD/shim-16.1/= -fno-stack-protector -fno-strict-aliasing -fpic -fshort-wchar -nostdinc -Os -Wall -Wextra -Wno-missing-field-initializers -Wno-empty-body -Wno-implicit-fallthrough -Wno-old-style-declaration -Wno-unused-but-set-variable -Wno-unused-parameter -Werror -Wno-error=unused-but-set-variable -Wno-error=unused-parameter -I/builddir/build/BUILD/shim-16.1/Cryptlib/OpenSSL -I/builddir/build/BUILD/shim-16.1/Cryptlib -I/builddir/build/BUILD/shim-16.1/Cryptlib/OpenSSL/Include/ -I/builddir/build/BUILD/shim-16.1/Cryptlib/OpenSSL/crypto -I/builddir/build/BUILD/shim-16.1/Cryptlib/Include -I/builddir/build/BUILD/shim-16.1/gnu-efi/inc -I/builddir/build/BUILD/shim-16.1/gnu-efi/inc/aarch64 -I/builddir/build/BUILD/shim-16.1/gnu-efi/inc/protocol -I/builddir/build/BUILD/shim-16.1/Cryptlib/OpenSSL/crypto/asn1 -I/builddir/build/BUILD/shim-16.1/Cryptlib/OpenSSL/crypto/evp -I/builddir/build/BUILD/shim-16.1/Cryptlib/OpenSSL/crypto/modes -I/builddir/build/BUILD/shim-16.1/Cryptlib/OpenSSL/crypto/include -isystem /builddir/build/BUILD/shim-16.1/include/system -isystem /opt/rh/gcc-toolset-12/root/usr/lib/gcc/aarch64-redhat-linux/12/include -DL_ENDIAN -D_CRT_SECURE_NO_DEPRECATE -D_CRT_NONSTDC_NO_DEPRECATE -DOPENSSL_SMALL_FOOTPRINT -DPEDANTIC -DMDE_CPU_AARCH64   -c -o crypto/bn/bn_lib.o /builddir/build/BUILD/shim-16.1/Cryptlib/OpenSSL/crypto/bn/bn_lib.c
DEBUG util.py:463:  gcc -std=gnu11 -ggdb -gdwarf-4 -gstrict-dwarf -ffreestanding -fmacro-prefix-map=/builddir/build/BUILD/shim-16.1/= -fno-stack-protector -fno-strict-aliasing -fpic -fshort-wchar -nostdinc -Os -Wall -Wextra -Wno-missing-field-initializers -Wno-empty-body -Wno-implicit-fallthrough -Wno-old-style-declaration -Wno-unused-but-set-variable -Wno-unused-parameter -Werror -Wno-error=unused-but-set-variable -Wno-error=unused-parameter -I/builddir/build/BUILD/shim-16.1/Cryptlib/OpenSSL -I/builddir/build/BUILD/shim-16.1/Cryptlib -I/builddir/build/BUILD/shim-16.1/Cryptlib/OpenSSL/Include/ -I/builddir/build/BUILD/shim-16.1/Cryptlib/OpenSSL/crypto -I/builddir/build/BUILD/shim-16.1/Cryptlib/Include -I/builddir/build/BUILD/shim-16.1/gnu-efi/inc -I/builddir/build/BUILD/shim-16.1/gnu-efi/inc/aarch64 -I/builddir/build/BUILD/shim-16.1/gnu-efi/inc/protocol -I/builddir/build/BUILD/shim-16.1/Cryptlib/OpenSSL/crypto/asn1 -I/builddir/build/BUILD/shim-16.1/Cryptlib/OpenSSL/crypto/evp -I/builddir/build/BUILD/shim-16.1/Cryptlib/OpenSSL/crypto/modes -I/builddir/build/BUILD/shim-16.1/Cryptlib/OpenSSL/crypto/include -isystem /builddir/build/BUILD/shim-16.1/include/system -isystem /opt/rh/gcc-toolset-12/root/usr/lib/gcc/aarch64-redhat-linux/12/include -DL_ENDIAN -D_CRT_SECURE_NO_DEPRECATE -D_CRT_NONSTDC_NO_DEPRECATE -DOPENSSL_SMALL_FOOTPRINT -DPEDANTIC -DMDE_CPU_AARCH64   -c -o crypto/bn/bn_ctx.o /builddir/build/BUILD/shim-16.1/Cryptlib/OpenSSL/crypto/bn/bn_ctx.c
DEBUG util.py:463:  gcc -std=gnu11 -ggdb -gdwarf-4 -gstrict-dwarf -ffreestanding -fmacro-prefix-map=/builddir/build/BUILD/shim-16.1/= -fno-stack-protector -fno-strict-aliasing -fpic -fshort-wchar -nostdinc -Os -Wall -Wextra -Wno-missing-field-initializers -Wno-empty-body -Wno-implicit-fallthrough -Wno-old-style-declaration -Wno-unused-but-set-variable -Wno-unused-parameter -Werror -Wno-error=unused-but-set-variable -Wno-error=unused-parameter -I/builddir/build/BUILD/shim-16.1/Cryptlib/OpenSSL -I/builddir/build/BUILD/shim-16.1/Cryptlib -I/builddir/build/BUILD/shim-16.1/Cryptlib/OpenSSL/Include/ -I/builddir/build/BUILD/shim-16.1/Cryptlib/OpenSSL/crypto -I/builddir/build/BUILD/shim-16.1/Cryptlib/Include -I/builddir/build/BUILD/shim-16.1/gnu-efi/inc -I/builddir/build/BUILD/shim-16.1/gnu-efi/inc/aarch64 -I/builddir/build/BUILD/shim-16.1/gnu-efi/inc/protocol -I/builddir/build/BUILD/shim-16.1/Cryptlib/OpenSSL/crypto/asn1 -I/builddir/build/BUILD/shim-16.1/Cryptlib/OpenSSL/crypto/evp -I/builddir/build/BUILD/shim-16.1/Cryptlib/OpenSSL/crypto/modes -I/builddir/build/BUILD/shim-16.1/Cryptlib/OpenSSL/crypto/include -isystem /builddir/build/BUILD/shim-16.1/include/system -isystem /opt/rh/gcc-toolset-12/root/usr/lib/gcc/aarch64-redhat-linux/12/include -DL_ENDIAN -D_CRT_SECURE_NO_DEPRECATE -D_CRT_NONSTDC_NO_DEPRECATE -DOPENSSL_SMALL_FOOTPRINT -DPEDANTIC -DMDE_CPU_AARCH64   -c -o crypto/bn/bn_mul.o /builddir/build/BUILD/shim-16.1/Cryptlib/OpenSSL/crypto/bn/bn_mul.c
DEBUG util.py:463:  gcc -std=gnu11 -ggdb -gdwarf-4 -gstrict-dwarf -ffreestanding -fmacro-prefix-map=/builddir/build/BUILD/shim-16.1/= -fno-stack-protector -fno-strict-aliasing -fpic -fshort-wchar -nostdinc -Os -Wall -Wextra -Wno-missing-field-initializers -Wno-empty-body -Wno-implicit-fallthrough -Wno-old-style-declaration -Wno-unused-but-set-variable -Wno-unused-parameter -Werror -Wno-error=unused-but-set-variable -Wno-error=unused-parameter -I/builddir/build/BUILD/shim-16.1/Cryptlib/OpenSSL -I/builddir/build/BUILD/shim-16.1/Cryptlib -I/builddir/build/BUILD/shim-16.1/Cryptlib/OpenSSL/Include/ -I/builddir/build/BUILD/shim-16.1/Cryptlib/OpenSSL/crypto -I/builddir/build/BUILD/shim-16.1/Cryptlib/Include -I/builddir/build/BUILD/shim-16.1/gnu-efi/inc -I/builddir/build/BUILD/shim-16.1/gnu-efi/inc/aarch64 -I/builddir/build/BUILD/shim-16.1/gnu-efi/inc/protocol -I/builddir/build/BUILD/shim-16.1/Cryptlib/OpenSSL/crypto/asn1 -I/builddir/build/BUILD/shim-16.1/Cryptlib/OpenSSL/crypto/evp -I/builddir/build/BUILD/shim-16.1/Cryptlib/OpenSSL/crypto/modes -I/builddir/build/BUILD/shim-16.1/Cryptlib/OpenSSL/crypto/include -isystem /builddir/build/BUILD/shim-16.1/include/system -isystem /opt/rh/gcc-toolset-12/root/usr/lib/gcc/aarch64-redhat-linux/12/include -DL_ENDIAN -D_CRT_SECURE_NO_DEPRECATE -D_CRT_NONSTDC_NO_DEPRECATE -DOPENSSL_SMALL_FOOTPRINT -DPEDANTIC -DMDE_CPU_AARCH64   -c -o crypto/bn/bn_mod.o /builddir/build/BUILD/shim-16.1/Cryptlib/OpenSSL/crypto/bn/bn_mod.c
DEBUG util.py:463:  gcc -std=gnu11 -ggdb -gdwarf-4 -gstrict-dwarf -ffreestanding -fmacro-prefix-map=/builddir/build/BUILD/shim-16.1/= -fno-stack-protector -fno-strict-aliasing -fpic -fshort-wchar -nostdinc -Os -Wall -Wextra -Wno-missing-field-initializers -Wno-empty-body -Wno-implicit-fallthrough -Wno-old-style-declaration -Wno-unused-but-set-variable -Wno-unused-parameter -Werror -Wno-error=unused-but-set-variable -Wno-error=unused-parameter -I/builddir/build/BUILD/shim-16.1/Cryptlib/OpenSSL -I/builddir/build/BUILD/shim-16.1/Cryptlib -I/builddir/build/BUILD/shim-16.1/Cryptlib/OpenSSL/Include/ -I/builddir/build/BUILD/shim-16.1/Cryptlib/OpenSSL/crypto -I/builddir/build/BUILD/shim-16.1/Cryptlib/Include -I/builddir/build/BUILD/shim-16.1/gnu-efi/inc -I/builddir/build/BUILD/shim-16.1/gnu-efi/inc/aarch64 -I/builddir/build/BUILD/shim-16.1/gnu-efi/inc/protocol -I/builddir/build/BUILD/shim-16.1/Cryptlib/OpenSSL/crypto/asn1 -I/builddir/build/BUILD/shim-16.1/Cryptlib/OpenSSL/crypto/evp -I/builddir/build/BUILD/shim-16.1/Cryptlib/OpenSSL/crypto/modes -I/builddir/build/BUILD/shim-16.1/Cryptlib/OpenSSL/crypto/include -isystem /builddir/build/BUILD/shim-16.1/include/system -isystem /opt/rh/gcc-toolset-12/root/usr/lib/gcc/aarch64-redhat-linux/12/include -DL_ENDIAN -D_CRT_SECURE_NO_DEPRECATE -D_CRT_NONSTDC_NO_DEPRECATE -DOPENSSL_SMALL_FOOTPRINT -DPEDANTIC -DMDE_CPU_AARCH64   -c -o crypto/bn/bn_print.o /builddir/build/BUILD/shim-16.1/Cryptlib/OpenSSL/crypto/bn/bn_print.c
DEBUG util.py:463:  gcc -std=gnu11 -ggdb -gdwarf-4 -gstrict-dwarf -ffreestanding -fmacro-prefix-map=/builddir/build/BUILD/shim-16.1/= -fno-stack-protector -fno-strict-aliasing -fpic -fshort-wchar -nostdinc -Os -Wall -Wextra -Wno-missing-field-initializers -Wno-empty-body -Wno-implicit-fallthrough -Wno-old-style-declaration -Wno-unused-but-set-variable -Wno-unused-parameter -Werror -Wno-error=unused-but-set-variable -Wno-error=unused-parameter -I/builddir/build/BUILD/shim-16.1/Cryptlib/OpenSSL -I/builddir/build/BUILD/shim-16.1/Cryptlib -I/builddir/build/BUILD/shim-16.1/Cryptlib/OpenSSL/Include/ -I/builddir/build/BUILD/shim-16.1/Cryptlib/OpenSSL/crypto -I/builddir/build/BUILD/shim-16.1/Cryptlib/Include -I/builddir/build/BUILD/shim-16.1/gnu-efi/inc -I/builddir/build/BUILD/shim-16.1/gnu-efi/inc/aarch64 -I/builddir/build/BUILD/shim-16.1/gnu-efi/inc/protocol -I/builddir/build/BUILD/shim-16.1/Cryptlib/OpenSSL/crypto/asn1 -I/builddir/build/BUILD/shim-16.1/Cryptlib/OpenSSL/crypto/evp -I/builddir/build/BUILD/shim-16.1/Cryptlib/OpenSSL/crypto/modes -I/builddir/build/BUILD/shim-16.1/Cryptlib/OpenSSL/crypto/include -isystem /builddir/build/BUILD/shim-16.1/include/system -isystem /opt/rh/gcc-toolset-12/root/usr/lib/gcc/aarch64-redhat-linux/12/include -DL_ENDIAN -D_CRT_SECURE_NO_DEPRECATE -D_CRT_NONSTDC_NO_DEPRECATE -DOPENSSL_SMALL_FOOTPRINT -DPEDANTIC -DMDE_CPU_AARCH64   -c -o crypto/bn/bn_rand.o /builddir/build/BUILD/shim-16.1/Cryptlib/OpenSSL/crypto/bn/bn_rand.c
DEBUG util.py:463:  gcc -std=gnu11 -ggdb -gdwarf-4 -gstrict-dwarf -ffreestanding -fmacro-prefix-map=/builddir/build/BUILD/shim-16.1/= -fno-stack-protector -fno-strict-aliasing -fpic -fshort-wchar -nostdinc -Os -Wall -Wextra -Wno-missing-field-initializers -Wno-empty-body -Wno-implicit-fallthrough -Wno-old-style-declaration -Wno-unused-but-set-variable -Wno-unused-parameter -Werror -Wno-error=unused-but-set-variable -Wno-error=unused-parameter -I/builddir/build/BUILD/shim-16.1/Cryptlib/OpenSSL -I/builddir/build/BUILD/shim-16.1/Cryptlib -I/builddir/build/BUILD/shim-16.1/Cryptlib/OpenSSL/Include/ -I/builddir/build/BUILD/shim-16.1/Cryptlib/OpenSSL/crypto -I/builddir/build/BUILD/shim-16.1/Cryptlib/Include -I/builddir/build/BUILD/shim-16.1/gnu-efi/inc -I/builddir/build/BUILD/shim-16.1/gnu-efi/inc/aarch64 -I/builddir/build/BUILD/shim-16.1/gnu-efi/inc/protocol -I/builddir/build/BUILD/shim-16.1/Cryptlib/OpenSSL/crypto/asn1 -I/builddir/build/BUILD/shim-16.1/Cryptlib/OpenSSL/crypto/evp -I/builddir/build/BUILD/shim-16.1/Cryptlib/OpenSSL/crypto/modes -I/builddir/build/BUILD/shim-16.1/Cryptlib/OpenSSL/crypto/include -isystem /builddir/build/BUILD/shim-16.1/include/system -isystem /opt/rh/gcc-toolset-12/root/usr/lib/gcc/aarch64-redhat-linux/12/include -DL_ENDIAN -D_CRT_SECURE_NO_DEPRECATE -D_CRT_NONSTDC_NO_DEPRECATE -DOPENSSL_SMALL_FOOTPRINT -DPEDANTIC -DMDE_CPU_AARCH64   -c -o crypto/bn/bn_shift.o /builddir/build/BUILD/shim-16.1/Cryptlib/OpenSSL/crypto/bn/bn_shift.c
DEBUG util.py:463:  gcc -std=gnu11 -ggdb -gdwarf-4 -gstrict-dwarf -ffreestanding -fmacro-prefix-map=/builddir/build/BUILD/shim-16.1/= -fno-stack-protector -fno-strict-aliasing -fpic -fshort-wchar -nostdinc -Os -Wall -Wextra -Wno-missing-field-initializers -Wno-empty-body -Wno-implicit-fallthrough -Wno-old-style-declaration -Wno-unused-but-set-variable -Wno-unused-parameter -Werror -Wno-error=unused-but-set-variable -Wno-error=unused-parameter -I/builddir/build/BUILD/shim-16.1/Cryptlib/OpenSSL -I/builddir/build/BUILD/shim-16.1/Cryptlib -I/builddir/build/BUILD/shim-16.1/Cryptlib/OpenSSL/Include/ -I/builddir/build/BUILD/shim-16.1/Cryptlib/OpenSSL/crypto -I/builddir/build/BUILD/shim-16.1/Cryptlib/Include -I/builddir/build/BUILD/shim-16.1/gnu-efi/inc -I/builddir/build/BUILD/shim-16.1/gnu-efi/inc/aarch64 -I/builddir/build/BUILD/shim-16.1/gnu-efi/inc/protocol -I/builddir/build/BUILD/shim-16.1/Cryptlib/OpenSSL/crypto/asn1 -I/builddir/build/BUILD/shim-16.1/Cryptlib/OpenSSL/crypto/evp -I/builddir/build/BUILD/shim-16.1/Cryptlib/OpenSSL/crypto/modes -I/builddir/build/BUILD/shim-16.1/Cryptlib/OpenSSL/crypto/include -isystem /builddir/build/BUILD/shim-16.1/include/system -isystem /opt/rh/gcc-toolset-12/root/usr/lib/gcc/aarch64-redhat-linux/12/include -DL_ENDIAN -D_CRT_SECURE_NO_DEPRECATE -D_CRT_NONSTDC_NO_DEPRECATE -DOPENSSL_SMALL_FOOTPRINT -DPEDANTIC -DMDE_CPU_AARCH64   -c -o crypto/bn/bn_word.o /builddir/build/BUILD/shim-16.1/Cryptlib/OpenSSL/crypto/bn/bn_word.c
DEBUG util.py:463:  gcc -std=gnu11 -ggdb -gdwarf-4 -gstrict-dwarf -ffreestanding -fmacro-prefix-map=/builddir/build/BUILD/shim-16.1/= -fno-stack-protector -fno-strict-aliasing -fpic -fshort-wchar -nostdinc -Os -Wall -Wextra -Wno-missing-field-initializers -Wno-empty-body -Wno-implicit-fallthrough -Wno-old-style-declaration -Wno-unused-but-set-variable -Wno-unused-parameter -Werror -Wno-error=unused-but-set-variable -Wno-error=unused-parameter -I/builddir/build/BUILD/shim-16.1/Cryptlib/OpenSSL -I/builddir/build/BUILD/shim-16.1/Cryptlib -I/builddir/build/BUILD/shim-16.1/Cryptlib/OpenSSL/Include/ -I/builddir/build/BUILD/shim-16.1/Cryptlib/OpenSSL/crypto -I/builddir/build/BUILD/shim-16.1/Cryptlib/Include -I/builddir/build/BUILD/shim-16.1/gnu-efi/inc -I/builddir/build/BUILD/shim-16.1/gnu-efi/inc/aarch64 -I/builddir/build/BUILD/shim-16.1/gnu-efi/inc/protocol -I/builddir/build/BUILD/shim-16.1/Cryptlib/OpenSSL/crypto/asn1 -I/builddir/build/BUILD/shim-16.1/Cryptlib/OpenSSL/crypto/evp -I/builddir/build/BUILD/shim-16.1/Cryptlib/OpenSSL/crypto/modes -I/builddir/build/BUILD/shim-16.1/Cryptlib/OpenSSL/crypto/include -isystem /builddir/build/BUILD/shim-16.1/include/system -isystem /opt/rh/gcc-toolset-12/root/usr/lib/gcc/aarch64-redhat-linux/12/include -DL_ENDIAN -D_CRT_SECURE_NO_DEPRECATE -D_CRT_NONSTDC_NO_DEPRECATE -DOPENSSL_SMALL_FOOTPRINT -DPEDANTIC -DMDE_CPU_AARCH64   -c -o crypto/bn/bn_blind.o /builddir/build/BUILD/shim-16.1/Cryptlib/OpenSSL/crypto/bn/bn_blind.c
DEBUG util.py:463:  gcc -std=gnu11 -ggdb -gdwarf-4 -gstrict-dwarf -ffreestanding -fmacro-prefix-map=/builddir/build/BUILD/shim-16.1/= -fno-stack-protector -fno-strict-aliasing -fpic -fshort-wchar -nostdinc -Os -Wall -Wextra -Wno-missing-field-initializers -Wno-empty-body -Wno-implicit-fallthrough -Wno-old-style-declaration -Wno-unused-but-set-variable -Wno-unused-parameter -Werror -Wno-error=unused-but-set-variable -Wno-error=unused-parameter -I/builddir/build/BUILD/shim-16.1/Cryptlib/OpenSSL -I/builddir/build/BUILD/shim-16.1/Cryptlib -I/builddir/build/BUILD/shim-16.1/Cryptlib/OpenSSL/Include/ -I/builddir/build/BUILD/shim-16.1/Cryptlib/OpenSSL/crypto -I/builddir/build/BUILD/shim-16.1/Cryptlib/Include -I/builddir/build/BUILD/shim-16.1/gnu-efi/inc -I/builddir/build/BUILD/shim-16.1/gnu-efi/inc/aarch64 -I/builddir/build/BUILD/shim-16.1/gnu-efi/inc/protocol -I/builddir/build/BUILD/shim-16.1/Cryptlib/OpenSSL/crypto/asn1 -I/builddir/build/BUILD/shim-16.1/Cryptlib/OpenSSL/crypto/evp -I/builddir/build/BUILD/shim-16.1/Cryptlib/OpenSSL/crypto/modes -I/builddir/build/BUILD/shim-16.1/Cryptlib/OpenSSL/crypto/include -isystem /builddir/build/BUILD/shim-16.1/include/system -isystem /opt/rh/gcc-toolset-12/root/usr/lib/gcc/aarch64-redhat-linux/12/include -DL_ENDIAN -D_CRT_SECURE_NO_DEPRECATE -D_CRT_NONSTDC_NO_DEPRECATE -DOPENSSL_SMALL_FOOTPRINT -DPEDANTIC -DMDE_CPU_AARCH64   -c -o crypto/bn/bn_kron.o /builddir/build/BUILD/shim-16.1/Cryptlib/OpenSSL/crypto/bn/bn_kron.c
DEBUG util.py:463:  gcc -std=gnu11 -ggdb -gdwarf-4 -gstrict-dwarf -ffreestanding -fmacro-prefix-map=/builddir/build/BUILD/shim-16.1/= -fno-stack-protector -fno-strict-aliasing -fpic -fshort-wchar -nostdinc -Os -Wall -Wextra -Wno-missing-field-initializers -Wno-empty-body -Wno-implicit-fallthrough -Wno-old-style-declaration -Wno-unused-but-set-variable -Wno-unused-parameter -Werror -Wno-error=unused-but-set-variable -Wno-error=unused-parameter -I/builddir/build/BUILD/shim-16.1/Cryptlib/OpenSSL -I/builddir/build/BUILD/shim-16.1/Cryptlib -I/builddir/build/BUILD/shim-16.1/Cryptlib/OpenSSL/Include/ -I/builddir/build/BUILD/shim-16.1/Cryptlib/OpenSSL/crypto -I/builddir/build/BUILD/shim-16.1/Cryptlib/Include -I/builddir/build/BUILD/shim-16.1/gnu-efi/inc -I/builddir/build/BUILD/shim-16.1/gnu-efi/inc/aarch64 -I/builddir/build/BUILD/shim-16.1/gnu-efi/inc/protocol -I/builddir/build/BUILD/shim-16.1/Cryptlib/OpenSSL/crypto/asn1 -I/builddir/build/BUILD/shim-16.1/Cryptlib/OpenSSL/crypto/evp -I/builddir/build/BUILD/shim-16.1/Cryptlib/OpenSSL/crypto/modes -I/builddir/build/BUILD/shim-16.1/Cryptlib/OpenSSL/crypto/include -isystem /builddir/build/BUILD/shim-16.1/include/system -isystem /opt/rh/gcc-toolset-12/root/usr/lib/gcc/aarch64-redhat-linux/12/include -DL_ENDIAN -D_CRT_SECURE_NO_DEPRECATE -D_CRT_NONSTDC_NO_DEPRECATE -DOPENSSL_SMALL_FOOTPRINT -DPEDANTIC -DMDE_CPU_AARCH64   -c -o crypto/bn/bn_sqrt.o /builddir/build/BUILD/shim-16.1/Cryptlib/OpenSSL/crypto/bn/bn_sqrt.c
DEBUG util.py:463:  gcc -std=gnu11 -ggdb -gdwarf-4 -gstrict-dwarf -ffreestanding -fmacro-prefix-map=/builddir/build/BUILD/shim-16.1/= -fno-stack-protector -fno-strict-aliasing -fpic -fshort-wchar -nostdinc -Os -Wall -Wextra -Wno-missing-field-initializers -Wno-empty-body -Wno-implicit-fallthrough -Wno-old-style-declaration -Wno-unused-but-set-variable -Wno-unused-parameter -Werror -Wno-error=unused-but-set-variable -Wno-error=unused-parameter -I/builddir/build/BUILD/shim-16.1/Cryptlib/OpenSSL -I/builddir/build/BUILD/shim-16.1/Cryptlib -I/builddir/build/BUILD/shim-16.1/Cryptlib/OpenSSL/Include/ -I/builddir/build/BUILD/shim-16.1/Cryptlib/OpenSSL/crypto -I/builddir/build/BUILD/shim-16.1/Cryptlib/Include -I/builddir/build/BUILD/shim-16.1/gnu-efi/inc -I/builddir/build/BUILD/shim-16.1/gnu-efi/inc/aarch64 -I/builddir/build/BUILD/shim-16.1/gnu-efi/inc/protocol -I/builddir/build/BUILD/shim-16.1/Cryptlib/OpenSSL/crypto/asn1 -I/builddir/build/BUILD/shim-16.1/Cryptlib/OpenSSL/crypto/evp -I/builddir/build/BUILD/shim-16.1/Cryptlib/OpenSSL/crypto/modes -I/builddir/build/BUILD/shim-16.1/Cryptlib/OpenSSL/crypto/include -isystem /builddir/build/BUILD/shim-16.1/include/system -isystem /opt/rh/gcc-toolset-12/root/usr/lib/gcc/aarch64-redhat-linux/12/include -DL_ENDIAN -D_CRT_SECURE_NO_DEPRECATE -D_CRT_NONSTDC_NO_DEPRECATE -DOPENSSL_SMALL_FOOTPRINT -DPEDANTIC -DMDE_CPU_AARCH64   -c -o crypto/bn/bn_gcd.o /builddir/build/BUILD/shim-16.1/Cryptlib/OpenSSL/crypto/bn/bn_gcd.c
DEBUG util.py:463:  gcc -std=gnu11 -ggdb -gdwarf-4 -gstrict-dwarf -ffreestanding -fmacro-prefix-map=/builddir/build/BUILD/shim-16.1/= -fno-stack-protector -fno-strict-aliasing -fpic -fshort-wchar -nostdinc -Os -Wall -Wextra -Wno-missing-field-initializers -Wno-empty-body -Wno-implicit-fallthrough -Wno-old-style-declaration -Wno-unused-but-set-variable -Wno-unused-parameter -Werror -Wno-error=unused-but-set-variable -Wno-error=unused-parameter -I/builddir/build/BUILD/shim-16.1/Cryptlib/OpenSSL -I/builddir/build/BUILD/shim-16.1/Cryptlib -I/builddir/build/BUILD/shim-16.1/Cryptlib/OpenSSL/Include/ -I/builddir/build/BUILD/shim-16.1/Cryptlib/OpenSSL/crypto -I/builddir/build/BUILD/shim-16.1/Cryptlib/Include -I/builddir/build/BUILD/shim-16.1/gnu-efi/inc -I/builddir/build/BUILD/shim-16.1/gnu-efi/inc/aarch64 -I/builddir/build/BUILD/shim-16.1/gnu-efi/inc/protocol -I/builddir/build/BUILD/shim-16.1/Cryptlib/OpenSSL/crypto/asn1 -I/builddir/build/BUILD/shim-16.1/Cryptlib/OpenSSL/crypto/evp -I/builddir/build/BUILD/shim-16.1/Cryptlib/OpenSSL/crypto/modes -I/builddir/build/BUILD/shim-16.1/Cryptlib/OpenSSL/crypto/include -isystem /builddir/build/BUILD/shim-16.1/include/system -isystem /opt/rh/gcc-toolset-12/root/usr/lib/gcc/aarch64-redhat-linux/12/include -DL_ENDIAN -D_CRT_SECURE_NO_DEPRECATE -D_CRT_NONSTDC_NO_DEPRECATE -DOPENSSL_SMALL_FOOTPRINT -DPEDANTIC -DMDE_CPU_AARCH64   -c -o crypto/bn/bn_prime.o /builddir/build/BUILD/shim-16.1/Cryptlib/OpenSSL/crypto/bn/bn_prime.c
DEBUG util.py:463:  gcc -std=gnu11 -ggdb -gdwarf-4 -gstrict-dwarf -ffreestanding -fmacro-prefix-map=/builddir/build/BUILD/shim-16.1/= -fno-stack-protector -fno-strict-aliasing -fpic -fshort-wchar -nostdinc -Os -Wall -Wextra -Wno-missing-field-initializers -Wno-empty-body -Wno-implicit-fallthrough -Wno-old-style-declaration -Wno-unused-but-set-variable -Wno-unused-parameter -Werror -Wno-error=unused-but-set-variable -Wno-error=unused-parameter -I/builddir/build/BUILD/shim-16.1/Cryptlib/OpenSSL -I/builddir/build/BUILD/shim-16.1/Cryptlib -I/builddir/build/BUILD/shim-16.1/Cryptlib/OpenSSL/Include/ -I/builddir/build/BUILD/shim-16.1/Cryptlib/OpenSSL/crypto -I/builddir/build/BUILD/shim-16.1/Cryptlib/Include -I/builddir/build/BUILD/shim-16.1/gnu-efi/inc -I/builddir/build/BUILD/shim-16.1/gnu-efi/inc/aarch64 -I/builddir/build/BUILD/shim-16.1/gnu-efi/inc/protocol -I/builddir/build/BUILD/shim-16.1/Cryptlib/OpenSSL/crypto/asn1 -I/builddir/build/BUILD/shim-16.1/Cryptlib/OpenSSL/crypto/evp -I/builddir/build/BUILD/shim-16.1/Cryptlib/OpenSSL/crypto/modes -I/builddir/build/BUILD/shim-16.1/Cryptlib/OpenSSL/crypto/include -isystem /builddir/build/BUILD/shim-16.1/include/system -isystem /opt/rh/gcc-toolset-12/root/usr/lib/gcc/aarch64-redhat-linux/12/include -DL_ENDIAN -D_CRT_SECURE_NO_DEPRECATE -D_CRT_NONSTDC_NO_DEPRECATE -DOPENSSL_SMALL_FOOTPRINT -DPEDANTIC -DMDE_CPU_AARCH64   -c -o crypto/bn/bn_err.o /builddir/build/BUILD/shim-16.1/Cryptlib/OpenSSL/crypto/bn/bn_err.c
DEBUG util.py:463:  gcc -std=gnu11 -ggdb -gdwarf-4 -gstrict-dwarf -ffreestanding -fmacro-prefix-map=/builddir/build/BUILD/shim-16.1/= -fno-stack-protector -fno-strict-aliasing -fpic -fshort-wchar -nostdinc -Os -Wall -Wextra -Wno-missing-field-initializers -Wno-empty-body -Wno-implicit-fallthrough -Wno-old-style-declaration -Wno-unused-but-set-variable -Wno-unused-parameter -Werror -Wno-error=unused-but-set-variable -Wno-error=unused-parameter -I/builddir/build/BUILD/shim-16.1/Cryptlib/OpenSSL -I/builddir/build/BUILD/shim-16.1/Cryptlib -I/builddir/build/BUILD/shim-16.1/Cryptlib/OpenSSL/Include/ -I/builddir/build/BUILD/shim-16.1/Cryptlib/OpenSSL/crypto -I/builddir/build/BUILD/shim-16.1/Cryptlib/Include -I/builddir/build/BUILD/shim-16.1/gnu-efi/inc -I/builddir/build/BUILD/shim-16.1/gnu-efi/inc/aarch64 -I/builddir/build/BUILD/shim-16.1/gnu-efi/inc/protocol -I/builddir/build/BUILD/shim-16.1/Cryptlib/OpenSSL/crypto/asn1 -I/builddir/build/BUILD/shim-16.1/Cryptlib/OpenSSL/crypto/evp -I/builddir/build/BUILD/shim-16.1/Cryptlib/OpenSSL/crypto/modes -I/builddir/build/BUILD/shim-16.1/Cryptlib/OpenSSL/crypto/include -isystem /builddir/build/BUILD/shim-16.1/include/system -isystem /opt/rh/gcc-toolset-12/root/usr/lib/gcc/aarch64-redhat-linux/12/include -DL_ENDIAN -D_CRT_SECURE_NO_DEPRECATE -D_CRT_NONSTDC_NO_DEPRECATE -DOPENSSL_SMALL_FOOTPRINT -DPEDANTIC -DMDE_CPU_AARCH64   -c -o crypto/bn/bn_sqr.o /builddir/build/BUILD/shim-16.1/Cryptlib/OpenSSL/crypto/bn/bn_sqr.c
DEBUG util.py:463:  gcc -std=gnu11 -ggdb -gdwarf-4 -gstrict-dwarf -ffreestanding -fmacro-prefix-map=/builddir/build/BUILD/shim-16.1/= -fno-stack-protector -fno-strict-aliasing -fpic -fshort-wchar -nostdinc -Os -Wall -Wextra -Wno-missing-field-initializers -Wno-empty-body -Wno-implicit-fallthrough -Wno-old-style-declaration -Wno-unused-but-set-variable -Wno-unused-parameter -Werror -Wno-error=unused-but-set-variable -Wno-error=unused-parameter -I/builddir/build/BUILD/shim-16.1/Cryptlib/OpenSSL -I/builddir/build/BUILD/shim-16.1/Cryptlib -I/builddir/build/BUILD/shim-16.1/Cryptlib/OpenSSL/Include/ -I/builddir/build/BUILD/shim-16.1/Cryptlib/OpenSSL/crypto -I/builddir/build/BUILD/shim-16.1/Cryptlib/Include -I/builddir/build/BUILD/shim-16.1/gnu-efi/inc -I/builddir/build/BUILD/shim-16.1/gnu-efi/inc/aarch64 -I/builddir/build/BUILD/shim-16.1/gnu-efi/inc/protocol -I/builddir/build/BUILD/shim-16.1/Cryptlib/OpenSSL/crypto/asn1 -I/builddir/build/BUILD/shim-16.1/Cryptlib/OpenSSL/crypto/evp -I/builddir/build/BUILD/shim-16.1/Cryptlib/OpenSSL/crypto/modes -I/builddir/build/BUILD/shim-16.1/Cryptlib/OpenSSL/crypto/include -isystem /builddir/build/BUILD/shim-16.1/include/system -isystem /opt/rh/gcc-toolset-12/root/usr/lib/gcc/aarch64-redhat-linux/12/include -DL_ENDIAN -D_CRT_SECURE_NO_DEPRECATE -D_CRT_NONSTDC_NO_DEPRECATE -DOPENSSL_SMALL_FOOTPRINT -DPEDANTIC -DMDE_CPU_AARCH64   -c -o crypto/bn/bn_asm.o /builddir/build/BUILD/shim-16.1/Cryptlib/OpenSSL/crypto/bn/bn_asm.c
DEBUG util.py:463:  gcc -std=gnu11 -ggdb -gdwarf-4 -gstrict-dwarf -ffreestanding -fmacro-prefix-map=/builddir/build/BUILD/shim-16.1/= -fno-stack-protector -fno-strict-aliasing -fpic -fshort-wchar -nostdinc -Os -Wall -Wextra -Wno-missing-field-initializers -Wno-empty-body -Wno-implicit-fallthrough -Wno-old-style-declaration -Wno-unused-but-set-variable -Wno-unused-parameter -Werror -Wno-error=unused-but-set-variable -Wno-error=unused-parameter -I/builddir/build/BUILD/shim-16.1/Cryptlib/OpenSSL -I/builddir/build/BUILD/shim-16.1/Cryptlib -I/builddir/build/BUILD/shim-16.1/Cryptlib/OpenSSL/Include/ -I/builddir/build/BUILD/shim-16.1/Cryptlib/OpenSSL/crypto -I/builddir/build/BUILD/shim-16.1/Cryptlib/Include -I/builddir/build/BUILD/shim-16.1/gnu-efi/inc -I/builddir/build/BUILD/shim-16.1/gnu-efi/inc/aarch64 -I/builddir/build/BUILD/shim-16.1/gnu-efi/inc/protocol -I/builddir/build/BUILD/shim-16.1/Cryptlib/OpenSSL/crypto/asn1 -I/builddir/build/BUILD/shim-16.1/Cryptlib/OpenSSL/crypto/evp -I/builddir/build/BUILD/shim-16.1/Cryptlib/OpenSSL/crypto/modes -I/builddir/build/BUILD/shim-16.1/Cryptlib/OpenSSL/crypto/include -isystem /builddir/build/BUILD/shim-16.1/include/system -isystem /opt/rh/gcc-toolset-12/root/usr/lib/gcc/aarch64-redhat-linux/12/include -DL_ENDIAN -D_CRT_SECURE_NO_DEPRECATE -D_CRT_NONSTDC_NO_DEPRECATE -DOPENSSL_SMALL_FOOTPRINT -DPEDANTIC -DMDE_CPU_AARCH64   -c -o crypto/bn/bn_recp.o /builddir/build/BUILD/shim-16.1/Cryptlib/OpenSSL/crypto/bn/bn_recp.c
DEBUG util.py:463:  gcc -std=gnu11 -ggdb -gdwarf-4 -gstrict-dwarf -ffreestanding -fmacro-prefix-map=/builddir/build/BUILD/shim-16.1/= -fno-stack-protector -fno-strict-aliasing -fpic -fshort-wchar -nostdinc -Os -Wall -Wextra -Wno-missing-field-initializers -Wno-empty-body -Wno-implicit-fallthrough -Wno-old-style-declaration -Wno-unused-but-set-variable -Wno-unused-parameter -Werror -Wno-error=unused-but-set-variable -Wno-error=unused-parameter -I/builddir/build/BUILD/shim-16.1/Cryptlib/OpenSSL -I/builddir/build/BUILD/shim-16.1/Cryptlib -I/builddir/build/BUILD/shim-16.1/Cryptlib/OpenSSL/Include/ -I/builddir/build/BUILD/shim-16.1/Cryptlib/OpenSSL/crypto -I/builddir/build/BUILD/shim-16.1/Cryptlib/Include -I/builddir/build/BUILD/shim-16.1/gnu-efi/inc -I/builddir/build/BUILD/shim-16.1/gnu-efi/inc/aarch64 -I/builddir/build/BUILD/shim-16.1/gnu-efi/inc/protocol -I/builddir/build/BUILD/shim-16.1/Cryptlib/OpenSSL/crypto/asn1 -I/builddir/build/BUILD/shim-16.1/Cryptlib/OpenSSL/crypto/evp -I/builddir/build/BUILD/shim-16.1/Cryptlib/OpenSSL/crypto/modes -I/builddir/build/BUILD/shim-16.1/Cryptlib/OpenSSL/crypto/include -isystem /builddir/build/BUILD/shim-16.1/include/system -isystem /opt/rh/gcc-toolset-12/root/usr/lib/gcc/aarch64-redhat-linux/12/include -DL_ENDIAN -D_CRT_SECURE_NO_DEPRECATE -D_CRT_NONSTDC_NO_DEPRECATE -DOPENSSL_SMALL_FOOTPRINT -DPEDANTIC -DMDE_CPU_AARCH64   -c -o crypto/bn/bn_mont.o /builddir/build/BUILD/shim-16.1/Cryptlib/OpenSSL/crypto/bn/bn_mont.c
DEBUG util.py:463:  gcc -std=gnu11 -ggdb -gdwarf-4 -gstrict-dwarf -ffreestanding -fmacro-prefix-map=/builddir/build/BUILD/shim-16.1/= -fno-stack-protector -fno-strict-aliasing -fpic -fshort-wchar -nostdinc -Os -Wall -Wextra -Wno-missing-field-initializers -Wno-empty-body -Wno-implicit-fallthrough -Wno-old-style-declaration -Wno-unused-but-set-variable -Wno-unused-parameter -Werror -Wno-error=unused-but-set-variable -Wno-error=unused-parameter -I/builddir/build/BUILD/shim-16.1/Cryptlib/OpenSSL -I/builddir/build/BUILD/shim-16.1/Cryptlib -I/builddir/build/BUILD/shim-16.1/Cryptlib/OpenSSL/Include/ -I/builddir/build/BUILD/shim-16.1/Cryptlib/OpenSSL/crypto -I/builddir/build/BUILD/shim-16.1/Cryptlib/Include -I/builddir/build/BUILD/shim-16.1/gnu-efi/inc -I/builddir/build/BUILD/shim-16.1/gnu-efi/inc/aarch64 -I/builddir/build/BUILD/shim-16.1/gnu-efi/inc/protocol -I/builddir/build/BUILD/shim-16.1/Cryptlib/OpenSSL/crypto/asn1 -I/builddir/build/BUILD/shim-16.1/Cryptlib/OpenSSL/crypto/evp -I/builddir/build/BUILD/shim-16.1/Cryptlib/OpenSSL/crypto/modes -I/builddir/build/BUILD/shim-16.1/Cryptlib/OpenSSL/crypto/include -isystem /builddir/build/BUILD/shim-16.1/include/system -isystem /opt/rh/gcc-toolset-12/root/usr/lib/gcc/aarch64-redhat-linux/12/include -DL_ENDIAN -D_CRT_SECURE_NO_DEPRECATE -D_CRT_NONSTDC_NO_DEPRECATE -DOPENSSL_SMALL_FOOTPRINT -DPEDANTIC -DMDE_CPU_AARCH64   -c -o crypto/bn/bn_mpi.o /builddir/build/BUILD/shim-16.1/Cryptlib/OpenSSL/crypto/bn/bn_mpi.c
DEBUG util.py:463:  gcc -std=gnu11 -ggdb -gdwarf-4 -gstrict-dwarf -ffreestanding -fmacro-prefix-map=/builddir/build/BUILD/shim-16.1/= -fno-stack-protector -fno-strict-aliasing -fpic -fshort-wchar -nostdinc -Os -Wall -Wextra -Wno-missing-field-initializers -Wno-empty-body -Wno-implicit-fallthrough -Wno-old-style-declaration -Wno-unused-but-set-variable -Wno-unused-parameter -Werror -Wno-error=unused-but-set-variable -Wno-error=unused-parameter -I/builddir/build/BUILD/shim-16.1/Cryptlib/OpenSSL -I/builddir/build/BUILD/shim-16.1/Cryptlib -I/builddir/build/BUILD/shim-16.1/Cryptlib/OpenSSL/Include/ -I/builddir/build/BUILD/shim-16.1/Cryptlib/OpenSSL/crypto -I/builddir/build/BUILD/shim-16.1/Cryptlib/Include -I/builddir/build/BUILD/shim-16.1/gnu-efi/inc -I/builddir/build/BUILD/shim-16.1/gnu-efi/inc/aarch64 -I/builddir/build/BUILD/shim-16.1/gnu-efi/inc/protocol -I/builddir/build/BUILD/shim-16.1/Cryptlib/OpenSSL/crypto/asn1 -I/builddir/build/BUILD/shim-16.1/Cryptlib/OpenSSL/crypto/evp -I/builddir/build/BUILD/shim-16.1/Cryptlib/OpenSSL/crypto/modes -I/builddir/build/BUILD/shim-16.1/Cryptlib/OpenSSL/crypto/include -isystem /builddir/build/BUILD/shim-16.1/include/system -isystem /opt/rh/gcc-toolset-12/root/usr/lib/gcc/aarch64-redhat-linux/12/include -DL_ENDIAN -D_CRT_SECURE_NO_DEPRECATE -D_CRT_NONSTDC_NO_DEPRECATE -DOPENSSL_SMALL_FOOTPRINT -DPEDANTIC -DMDE_CPU_AARCH64   -c -o crypto/bn/bn_exp2.o /builddir/build/BUILD/shim-16.1/Cryptlib/OpenSSL/crypto/bn/bn_exp2.c
DEBUG util.py:463:  gcc -std=gnu11 -ggdb -gdwarf-4 -gstrict-dwarf -ffreestanding -fmacro-prefix-map=/builddir/build/BUILD/shim-16.1/= -fno-stack-protector -fno-strict-aliasing -fpic -fshort-wchar -nostdinc -Os -Wall -Wextra -Wno-missing-field-initializers -Wno-empty-body -Wno-implicit-fallthrough -Wno-old-style-declaration -Wno-unused-but-set-variable -Wno-unused-parameter -Werror -Wno-error=unused-but-set-variable -Wno-error=unused-parameter -I/builddir/build/BUILD/shim-16.1/Cryptlib/OpenSSL -I/builddir/build/BUILD/shim-16.1/Cryptlib -I/builddir/build/BUILD/shim-16.1/Cryptlib/OpenSSL/Include/ -I/builddir/build/BUILD/shim-16.1/Cryptlib/OpenSSL/crypto -I/builddir/build/BUILD/shim-16.1/Cryptlib/Include -I/builddir/build/BUILD/shim-16.1/gnu-efi/inc -I/builddir/build/BUILD/shim-16.1/gnu-efi/inc/aarch64 -I/builddir/build/BUILD/shim-16.1/gnu-efi/inc/protocol -I/builddir/build/BUILD/shim-16.1/Cryptlib/OpenSSL/crypto/asn1 -I/builddir/build/BUILD/shim-16.1/Cryptlib/OpenSSL/crypto/evp -I/builddir/build/BUILD/shim-16.1/Cryptlib/OpenSSL/crypto/modes -I/builddir/build/BUILD/shim-16.1/Cryptlib/OpenSSL/crypto/include -isystem /builddir/build/BUILD/shim-16.1/include/system -isystem /opt/rh/gcc-toolset-12/root/usr/lib/gcc/aarch64-redhat-linux/12/include -DL_ENDIAN -D_CRT_SECURE_NO_DEPRECATE -D_CRT_NONSTDC_NO_DEPRECATE -DOPENSSL_SMALL_FOOTPRINT -DPEDANTIC -DMDE_CPU_AARCH64   -c -o crypto/bn/bn_gf2m.o /builddir/build/BUILD/shim-16.1/Cryptlib/OpenSSL/crypto/bn/bn_gf2m.c
DEBUG util.py:463:  gcc -std=gnu11 -ggdb -gdwarf-4 -gstrict-dwarf -ffreestanding -fmacro-prefix-map=/builddir/build/BUILD/shim-16.1/= -fno-stack-protector -fno-strict-aliasing -fpic -fshort-wchar -nostdinc -Os -Wall -Wextra -Wno-missing-field-initializers -Wno-empty-body -Wno-implicit-fallthrough -Wno-old-style-declaration -Wno-unused-but-set-variable -Wno-unused-parameter -Werror -Wno-error=unused-but-set-variable -Wno-error=unused-parameter -I/builddir/build/BUILD/shim-16.1/Cryptlib/OpenSSL -I/builddir/build/BUILD/shim-16.1/Cryptlib -I/builddir/build/BUILD/shim-16.1/Cryptlib/OpenSSL/Include/ -I/builddir/build/BUILD/shim-16.1/Cryptlib/OpenSSL/crypto -I/builddir/build/BUILD/shim-16.1/Cryptlib/Include -I/builddir/build/BUILD/shim-16.1/gnu-efi/inc -I/builddir/build/BUILD/shim-16.1/gnu-efi/inc/aarch64 -I/builddir/build/BUILD/shim-16.1/gnu-efi/inc/protocol -I/builddir/build/BUILD/shim-16.1/Cryptlib/OpenSSL/crypto/asn1 -I/builddir/build/BUILD/shim-16.1/Cryptlib/OpenSSL/crypto/evp -I/builddir/build/BUILD/shim-16.1/Cryptlib/OpenSSL/crypto/modes -I/builddir/build/BUILD/shim-16.1/Cryptlib/OpenSSL/crypto/include -isystem /builddir/build/BUILD/shim-16.1/include/system -isystem /opt/rh/gcc-toolset-12/root/usr/lib/gcc/aarch64-redhat-linux/12/include -DL_ENDIAN -D_CRT_SECURE_NO_DEPRECATE -D_CRT_NONSTDC_NO_DEPRECATE -DOPENSSL_SMALL_FOOTPRINT -DPEDANTIC -DMDE_CPU_AARCH64   -c -o crypto/bn/bn_nist.o /builddir/build/BUILD/shim-16.1/Cryptlib/OpenSSL/crypto/bn/bn_nist.c
DEBUG util.py:463:  gcc -std=gnu11 -ggdb -gdwarf-4 -gstrict-dwarf -ffreestanding -fmacro-prefix-map=/builddir/build/BUILD/shim-16.1/= -fno-stack-protector -fno-strict-aliasing -fpic -fshort-wchar -nostdinc -Os -Wall -Wextra -Wno-missing-field-initializers -Wno-empty-body -Wno-implicit-fallthrough -Wno-old-style-declaration -Wno-unused-but-set-variable -Wno-unused-parameter -Werror -Wno-error=unused-but-set-variable -Wno-error=unused-parameter -I/builddir/build/BUILD/shim-16.1/Cryptlib/OpenSSL -I/builddir/build/BUILD/shim-16.1/Cryptlib -I/builddir/build/BUILD/shim-16.1/Cryptlib/OpenSSL/Include/ -I/builddir/build/BUILD/shim-16.1/Cryptlib/OpenSSL/crypto -I/builddir/build/BUILD/shim-16.1/Cryptlib/Include -I/builddir/build/BUILD/shim-16.1/gnu-efi/inc -I/builddir/build/BUILD/shim-16.1/gnu-efi/inc/aarch64 -I/builddir/build/BUILD/shim-16.1/gnu-efi/inc/protocol -I/builddir/build/BUILD/shim-16.1/Cryptlib/OpenSSL/crypto/asn1 -I/builddir/build/BUILD/shim-16.1/Cryptlib/OpenSSL/crypto/evp -I/builddir/build/BUILD/shim-16.1/Cryptlib/OpenSSL/crypto/modes -I/builddir/build/BUILD/shim-16.1/Cryptlib/OpenSSL/crypto/include -isystem /builddir/build/BUILD/shim-16.1/include/system -isystem /opt/rh/gcc-toolset-12/root/usr/lib/gcc/aarch64-redhat-linux/12/include -DL_ENDIAN -D_CRT_SECURE_NO_DEPRECATE -D_CRT_NONSTDC_NO_DEPRECATE -DOPENSSL_SMALL_FOOTPRINT -DPEDANTIC -DMDE_CPU_AARCH64   -c -o crypto/bn/bn_depr.o /builddir/build/BUILD/shim-16.1/Cryptlib/OpenSSL/crypto/bn/bn_depr.c
DEBUG util.py:463:  gcc -std=gnu11 -ggdb -gdwarf-4 -gstrict-dwarf -ffreestanding -fmacro-prefix-map=/builddir/build/BUILD/shim-16.1/= -fno-stack-protector -fno-strict-aliasing -fpic -fshort-wchar -nostdinc -Os -Wall -Wextra -Wno-missing-field-initializers -Wno-empty-body -Wno-implicit-fallthrough -Wno-old-style-declaration -Wno-unused-but-set-variable -Wno-unused-parameter -Werror -Wno-error=unused-but-set-variable -Wno-error=unused-parameter -I/builddir/build/BUILD/shim-16.1/Cryptlib/OpenSSL -I/builddir/build/BUILD/shim-16.1/Cryptlib -I/builddir/build/BUILD/shim-16.1/Cryptlib/OpenSSL/Include/ -I/builddir/build/BUILD/shim-16.1/Cryptlib/OpenSSL/crypto -I/builddir/build/BUILD/shim-16.1/Cryptlib/Include -I/builddir/build/BUILD/shim-16.1/gnu-efi/inc -I/builddir/build/BUILD/shim-16.1/gnu-efi/inc/aarch64 -I/builddir/build/BUILD/shim-16.1/gnu-efi/inc/protocol -I/builddir/build/BUILD/shim-16.1/Cryptlib/OpenSSL/crypto/asn1 -I/builddir/build/BUILD/shim-16.1/Cryptlib/OpenSSL/crypto/evp -I/builddir/build/BUILD/shim-16.1/Cryptlib/OpenSSL/crypto/modes -I/builddir/build/BUILD/shim-16.1/Cryptlib/OpenSSL/crypto/include -isystem /builddir/build/BUILD/shim-16.1/include/system -isystem /opt/rh/gcc-toolset-12/root/usr/lib/gcc/aarch64-redhat-linux/12/include -DL_ENDIAN -D_CRT_SECURE_NO_DEPRECATE -D_CRT_NONSTDC_NO_DEPRECATE -DOPENSSL_SMALL_FOOTPRINT -DPEDANTIC -DMDE_CPU_AARCH64   -c -o crypto/bn/bn_x931p.o /builddir/build/BUILD/shim-16.1/Cryptlib/OpenSSL/crypto/bn/bn_x931p.c
DEBUG util.py:463:  gcc -std=gnu11 -ggdb -gdwarf-4 -gstrict-dwarf -ffreestanding -fmacro-prefix-map=/builddir/build/BUILD/shim-16.1/= -fno-stack-protector -fno-strict-aliasing -fpic -fshort-wchar -nostdinc -Os -Wall -Wextra -Wno-missing-field-initializers -Wno-empty-body -Wno-implicit-fallthrough -Wno-old-style-declaration -Wno-unused-but-set-variable -Wno-unused-parameter -Werror -Wno-error=unused-but-set-variable -Wno-error=unused-parameter -I/builddir/build/BUILD/shim-16.1/Cryptlib/OpenSSL -I/builddir/build/BUILD/shim-16.1/Cryptlib -I/builddir/build/BUILD/shim-16.1/Cryptlib/OpenSSL/Include/ -I/builddir/build/BUILD/shim-16.1/Cryptlib/OpenSSL/crypto -I/builddir/build/BUILD/shim-16.1/Cryptlib/Include -I/builddir/build/BUILD/shim-16.1/gnu-efi/inc -I/builddir/build/BUILD/shim-16.1/gnu-efi/inc/aarch64 -I/builddir/build/BUILD/shim-16.1/gnu-efi/inc/protocol -I/builddir/build/BUILD/shim-16.1/Cryptlib/OpenSSL/crypto/asn1 -I/builddir/build/BUILD/shim-16.1/Cryptlib/OpenSSL/crypto/evp -I/builddir/build/BUILD/shim-16.1/Cryptlib/OpenSSL/crypto/modes -I/builddir/build/BUILD/shim-16.1/Cryptlib/OpenSSL/crypto/include -isystem /builddir/build/BUILD/shim-16.1/include/system -isystem /opt/rh/gcc-toolset-12/root/usr/lib/gcc/aarch64-redhat-linux/12/include -DL_ENDIAN -D_CRT_SECURE_NO_DEPRECATE -D_CRT_NONSTDC_NO_DEPRECATE -DOPENSSL_SMALL_FOOTPRINT -DPEDANTIC -DMDE_CPU_AARCH64   -c -o crypto/bn/bn_const.o /builddir/build/BUILD/shim-16.1/Cryptlib/OpenSSL/crypto/bn/bn_const.c
DEBUG util.py:463:  gcc -std=gnu11 -ggdb -gdwarf-4 -gstrict-dwarf -ffreestanding -fmacro-prefix-map=/builddir/build/BUILD/shim-16.1/= -fno-stack-protector -fno-strict-aliasing -fpic -fshort-wchar -nostdinc -Os -Wall -Wextra -Wno-missing-field-initializers -Wno-empty-body -Wno-implicit-fallthrough -Wno-old-style-declaration -Wno-unused-but-set-variable -Wno-unused-parameter -Werror -Wno-error=unused-but-set-variable -Wno-error=unused-parameter -I/builddir/build/BUILD/shim-16.1/Cryptlib/OpenSSL -I/builddir/build/BUILD/shim-16.1/Cryptlib -I/builddir/build/BUILD/shim-16.1/Cryptlib/OpenSSL/Include/ -I/builddir/build/BUILD/shim-16.1/Cryptlib/OpenSSL/crypto -I/builddir/build/BUILD/shim-16.1/Cryptlib/Include -I/builddir/build/BUILD/shim-16.1/gnu-efi/inc -I/builddir/build/BUILD/shim-16.1/gnu-efi/inc/aarch64 -I/builddir/build/BUILD/shim-16.1/gnu-efi/inc/protocol -I/builddir/build/BUILD/shim-16.1/Cryptlib/OpenSSL/crypto/asn1 -I/builddir/build/BUILD/shim-16.1/Cryptlib/OpenSSL/crypto/evp -I/builddir/build/BUILD/shim-16.1/Cryptlib/OpenSSL/crypto/modes -I/builddir/build/BUILD/shim-16.1/Cryptlib/OpenSSL/crypto/include -isystem /builddir/build/BUILD/shim-16.1/include/system -isystem /opt/rh/gcc-toolset-12/root/usr/lib/gcc/aarch64-redhat-linux/12/include -DL_ENDIAN -D_CRT_SECURE_NO_DEPRECATE -D_CRT_NONSTDC_NO_DEPRECATE -DOPENSSL_SMALL_FOOTPRINT -DPEDANTIC -DMDE_CPU_AARCH64   -c -o crypto/rsa/rsa_eay.o /builddir/build/BUILD/shim-16.1/Cryptlib/OpenSSL/crypto/rsa/rsa_eay.c
DEBUG util.py:463:  gcc -std=gnu11 -ggdb -gdwarf-4 -gstrict-dwarf -ffreestanding -fmacro-prefix-map=/builddir/build/BUILD/shim-16.1/= -fno-stack-protector -fno-strict-aliasing -fpic -fshort-wchar -nostdinc -Os -Wall -Wextra -Wno-missing-field-initializers -Wno-empty-body -Wno-implicit-fallthrough -Wno-old-style-declaration -Wno-unused-but-set-variable -Wno-unused-parameter -Werror -Wno-error=unused-but-set-variable -Wno-error=unused-parameter -I/builddir/build/BUILD/shim-16.1/Cryptlib/OpenSSL -I/builddir/build/BUILD/shim-16.1/Cryptlib -I/builddir/build/BUILD/shim-16.1/Cryptlib/OpenSSL/Include/ -I/builddir/build/BUILD/shim-16.1/Cryptlib/OpenSSL/crypto -I/builddir/build/BUILD/shim-16.1/Cryptlib/Include -I/builddir/build/BUILD/shim-16.1/gnu-efi/inc -I/builddir/build/BUILD/shim-16.1/gnu-efi/inc/aarch64 -I/builddir/build/BUILD/shim-16.1/gnu-efi/inc/protocol -I/builddir/build/BUILD/shim-16.1/Cryptlib/OpenSSL/crypto/asn1 -I/builddir/build/BUILD/shim-16.1/Cryptlib/OpenSSL/crypto/evp -I/builddir/build/BUILD/shim-16.1/Cryptlib/OpenSSL/crypto/modes -I/builddir/build/BUILD/shim-16.1/Cryptlib/OpenSSL/crypto/include -isystem /builddir/build/BUILD/shim-16.1/include/system -isystem /opt/rh/gcc-toolset-12/root/usr/lib/gcc/aarch64-redhat-linux/12/include -DL_ENDIAN -D_CRT_SECURE_NO_DEPRECATE -D_CRT_NONSTDC_NO_DEPRECATE -DOPENSSL_SMALL_FOOTPRINT -DPEDANTIC -DMDE_CPU_AARCH64   -c -o crypto/rsa/rsa_gen.o /builddir/build/BUILD/shim-16.1/Cryptlib/OpenSSL/crypto/rsa/rsa_gen.c
DEBUG util.py:463:  gcc -std=gnu11 -ggdb -gdwarf-4 -gstrict-dwarf -ffreestanding -fmacro-prefix-map=/builddir/build/BUILD/shim-16.1/= -fno-stack-protector -fno-strict-aliasing -fpic -fshort-wchar -nostdinc -Os -Wall -Wextra -Wno-missing-field-initializers -Wno-empty-body -Wno-implicit-fallthrough -Wno-old-style-declaration -Wno-unused-but-set-variable -Wno-unused-parameter -Werror -Wno-error=unused-but-set-variable -Wno-error=unused-parameter -I/builddir/build/BUILD/shim-16.1/Cryptlib/OpenSSL -I/builddir/build/BUILD/shim-16.1/Cryptlib -I/builddir/build/BUILD/shim-16.1/Cryptlib/OpenSSL/Include/ -I/builddir/build/BUILD/shim-16.1/Cryptlib/OpenSSL/crypto -I/builddir/build/BUILD/shim-16.1/Cryptlib/Include -I/builddir/build/BUILD/shim-16.1/gnu-efi/inc -I/builddir/build/BUILD/shim-16.1/gnu-efi/inc/aarch64 -I/builddir/build/BUILD/shim-16.1/gnu-efi/inc/protocol -I/builddir/build/BUILD/shim-16.1/Cryptlib/OpenSSL/crypto/asn1 -I/builddir/build/BUILD/shim-16.1/Cryptlib/OpenSSL/crypto/evp -I/builddir/build/BUILD/shim-16.1/Cryptlib/OpenSSL/crypto/modes -I/builddir/build/BUILD/shim-16.1/Cryptlib/OpenSSL/crypto/include -isystem /builddir/build/BUILD/shim-16.1/include/system -isystem /opt/rh/gcc-toolset-12/root/usr/lib/gcc/aarch64-redhat-linux/12/include -DL_ENDIAN -D_CRT_SECURE_NO_DEPRECATE -D_CRT_NONSTDC_NO_DEPRECATE -DOPENSSL_SMALL_FOOTPRINT -DPEDANTIC -DMDE_CPU_AARCH64   -c -o crypto/rsa/rsa_lib.o /builddir/build/BUILD/shim-16.1/Cryptlib/OpenSSL/crypto/rsa/rsa_lib.c
DEBUG util.py:463:  gcc -std=gnu11 -ggdb -gdwarf-4 -gstrict-dwarf -ffreestanding -fmacro-prefix-map=/builddir/build/BUILD/shim-16.1/= -fno-stack-protector -fno-strict-aliasing -fpic -fshort-wchar -nostdinc -Os -Wall -Wextra -Wno-missing-field-initializers -Wno-empty-body -Wno-implicit-fallthrough -Wno-old-style-declaration -Wno-unused-but-set-variable -Wno-unused-parameter -Werror -Wno-error=unused-but-set-variable -Wno-error=unused-parameter -I/builddir/build/BUILD/shim-16.1/Cryptlib/OpenSSL -I/builddir/build/BUILD/shim-16.1/Cryptlib -I/builddir/build/BUILD/shim-16.1/Cryptlib/OpenSSL/Include/ -I/builddir/build/BUILD/shim-16.1/Cryptlib/OpenSSL/crypto -I/builddir/build/BUILD/shim-16.1/Cryptlib/Include -I/builddir/build/BUILD/shim-16.1/gnu-efi/inc -I/builddir/build/BUILD/shim-16.1/gnu-efi/inc/aarch64 -I/builddir/build/BUILD/shim-16.1/gnu-efi/inc/protocol -I/builddir/build/BUILD/shim-16.1/Cryptlib/OpenSSL/crypto/asn1 -I/builddir/build/BUILD/shim-16.1/Cryptlib/OpenSSL/crypto/evp -I/builddir/build/BUILD/shim-16.1/Cryptlib/OpenSSL/crypto/modes -I/builddir/build/BUILD/shim-16.1/Cryptlib/OpenSSL/crypto/include -isystem /builddir/build/BUILD/shim-16.1/include/system -isystem /opt/rh/gcc-toolset-12/root/usr/lib/gcc/aarch64-redhat-linux/12/include -DL_ENDIAN -D_CRT_SECURE_NO_DEPRECATE -D_CRT_NONSTDC_NO_DEPRECATE -DOPENSSL_SMALL_FOOTPRINT -DPEDANTIC -DMDE_CPU_AARCH64   -c -o crypto/rsa/rsa_sign.o /builddir/build/BUILD/shim-16.1/Cryptlib/OpenSSL/crypto/rsa/rsa_sign.c
DEBUG util.py:463:  gcc -std=gnu11 -ggdb -gdwarf-4 -gstrict-dwarf -ffreestanding -fmacro-prefix-map=/builddir/build/BUILD/shim-16.1/= -fno-stack-protector -fno-strict-aliasing -fpic -fshort-wchar -nostdinc -Os -Wall -Wextra -Wno-missing-field-initializers -Wno-empty-body -Wno-implicit-fallthrough -Wno-old-style-declaration -Wno-unused-but-set-variable -Wno-unused-parameter -Werror -Wno-error=unused-but-set-variable -Wno-error=unused-parameter -I/builddir/build/BUILD/shim-16.1/Cryptlib/OpenSSL -I/builddir/build/BUILD/shim-16.1/Cryptlib -I/builddir/build/BUILD/shim-16.1/Cryptlib/OpenSSL/Include/ -I/builddir/build/BUILD/shim-16.1/Cryptlib/OpenSSL/crypto -I/builddir/build/BUILD/shim-16.1/Cryptlib/Include -I/builddir/build/BUILD/shim-16.1/gnu-efi/inc -I/builddir/build/BUILD/shim-16.1/gnu-efi/inc/aarch64 -I/builddir/build/BUILD/shim-16.1/gnu-efi/inc/protocol -I/builddir/build/BUILD/shim-16.1/Cryptlib/OpenSSL/crypto/asn1 -I/builddir/build/BUILD/shim-16.1/Cryptlib/OpenSSL/crypto/evp -I/builddir/build/BUILD/shim-16.1/Cryptlib/OpenSSL/crypto/modes -I/builddir/build/BUILD/shim-16.1/Cryptlib/OpenSSL/crypto/include -isystem /builddir/build/BUILD/shim-16.1/include/system -isystem /opt/rh/gcc-toolset-12/root/usr/lib/gcc/aarch64-redhat-linux/12/include -DL_ENDIAN -D_CRT_SECURE_NO_DEPRECATE -D_CRT_NONSTDC_NO_DEPRECATE -DOPENSSL_SMALL_FOOTPRINT -DPEDANTIC -DMDE_CPU_AARCH64   -c -o crypto/rsa/rsa_saos.o /builddir/build/BUILD/shim-16.1/Cryptlib/OpenSSL/crypto/rsa/rsa_saos.c
DEBUG util.py:463:  gcc -std=gnu11 -ggdb -gdwarf-4 -gstrict-dwarf -ffreestanding -fmacro-prefix-map=/builddir/build/BUILD/shim-16.1/= -fno-stack-protector -fno-strict-aliasing -fpic -fshort-wchar -nostdinc -Os -Wall -Wextra -Wno-missing-field-initializers -Wno-empty-body -Wno-implicit-fallthrough -Wno-old-style-declaration -Wno-unused-but-set-variable -Wno-unused-parameter -Werror -Wno-error=unused-but-set-variable -Wno-error=unused-parameter -I/builddir/build/BUILD/shim-16.1/Cryptlib/OpenSSL -I/builddir/build/BUILD/shim-16.1/Cryptlib -I/builddir/build/BUILD/shim-16.1/Cryptlib/OpenSSL/Include/ -I/builddir/build/BUILD/shim-16.1/Cryptlib/OpenSSL/crypto -I/builddir/build/BUILD/shim-16.1/Cryptlib/Include -I/builddir/build/BUILD/shim-16.1/gnu-efi/inc -I/builddir/build/BUILD/shim-16.1/gnu-efi/inc/aarch64 -I/builddir/build/BUILD/shim-16.1/gnu-efi/inc/protocol -I/builddir/build/BUILD/shim-16.1/Cryptlib/OpenSSL/crypto/asn1 -I/builddir/build/BUILD/shim-16.1/Cryptlib/OpenSSL/crypto/evp -I/builddir/build/BUILD/shim-16.1/Cryptlib/OpenSSL/crypto/modes -I/builddir/build/BUILD/shim-16.1/Cryptlib/OpenSSL/crypto/include -isystem /builddir/build/BUILD/shim-16.1/include/system -isystem /opt/rh/gcc-toolset-12/root/usr/lib/gcc/aarch64-redhat-linux/12/include -DL_ENDIAN -D_CRT_SECURE_NO_DEPRECATE -D_CRT_NONSTDC_NO_DEPRECATE -DOPENSSL_SMALL_FOOTPRINT -DPEDANTIC -DMDE_CPU_AARCH64   -c -o crypto/rsa/rsa_err.o /builddir/build/BUILD/shim-16.1/Cryptlib/OpenSSL/crypto/rsa/rsa_err.c
DEBUG util.py:463:  gcc -std=gnu11 -ggdb -gdwarf-4 -gstrict-dwarf -ffreestanding -fmacro-prefix-map=/builddir/build/BUILD/shim-16.1/= -fno-stack-protector -fno-strict-aliasing -fpic -fshort-wchar -nostdinc -Os -Wall -Wextra -Wno-missing-field-initializers -Wno-empty-body -Wno-implicit-fallthrough -Wno-old-style-declaration -Wno-unused-but-set-variable -Wno-unused-parameter -Werror -Wno-error=unused-but-set-variable -Wno-error=unused-parameter -I/builddir/build/BUILD/shim-16.1/Cryptlib/OpenSSL -I/builddir/build/BUILD/shim-16.1/Cryptlib -I/builddir/build/BUILD/shim-16.1/Cryptlib/OpenSSL/Include/ -I/builddir/build/BUILD/shim-16.1/Cryptlib/OpenSSL/crypto -I/builddir/build/BUILD/shim-16.1/Cryptlib/Include -I/builddir/build/BUILD/shim-16.1/gnu-efi/inc -I/builddir/build/BUILD/shim-16.1/gnu-efi/inc/aarch64 -I/builddir/build/BUILD/shim-16.1/gnu-efi/inc/protocol -I/builddir/build/BUILD/shim-16.1/Cryptlib/OpenSSL/crypto/asn1 -I/builddir/build/BUILD/shim-16.1/Cryptlib/OpenSSL/crypto/evp -I/builddir/build/BUILD/shim-16.1/Cryptlib/OpenSSL/crypto/modes -I/builddir/build/BUILD/shim-16.1/Cryptlib/OpenSSL/crypto/include -isystem /builddir/build/BUILD/shim-16.1/include/system -isystem /opt/rh/gcc-toolset-12/root/usr/lib/gcc/aarch64-redhat-linux/12/include -DL_ENDIAN -D_CRT_SECURE_NO_DEPRECATE -D_CRT_NONSTDC_NO_DEPRECATE -DOPENSSL_SMALL_FOOTPRINT -DPEDANTIC -DMDE_CPU_AARCH64   -c -o crypto/rsa/rsa_pk1.o /builddir/build/BUILD/shim-16.1/Cryptlib/OpenSSL/crypto/rsa/rsa_pk1.c
DEBUG util.py:463:  gcc -std=gnu11 -ggdb -gdwarf-4 -gstrict-dwarf -ffreestanding -fmacro-prefix-map=/builddir/build/BUILD/shim-16.1/= -fno-stack-protector -fno-strict-aliasing -fpic -fshort-wchar -nostdinc -Os -Wall -Wextra -Wno-missing-field-initializers -Wno-empty-body -Wno-implicit-fallthrough -Wno-old-style-declaration -Wno-unused-but-set-variable -Wno-unused-parameter -Werror -Wno-error=unused-but-set-variable -Wno-error=unused-parameter -I/builddir/build/BUILD/shim-16.1/Cryptlib/OpenSSL -I/builddir/build/BUILD/shim-16.1/Cryptlib -I/builddir/build/BUILD/shim-16.1/Cryptlib/OpenSSL/Include/ -I/builddir/build/BUILD/shim-16.1/Cryptlib/OpenSSL/crypto -I/builddir/build/BUILD/shim-16.1/Cryptlib/Include -I/builddir/build/BUILD/shim-16.1/gnu-efi/inc -I/builddir/build/BUILD/shim-16.1/gnu-efi/inc/aarch64 -I/builddir/build/BUILD/shim-16.1/gnu-efi/inc/protocol -I/builddir/build/BUILD/shim-16.1/Cryptlib/OpenSSL/crypto/asn1 -I/builddir/build/BUILD/shim-16.1/Cryptlib/OpenSSL/crypto/evp -I/builddir/build/BUILD/shim-16.1/Cryptlib/OpenSSL/crypto/modes -I/builddir/build/BUILD/shim-16.1/Cryptlib/OpenSSL/crypto/include -isystem /builddir/build/BUILD/shim-16.1/include/system -isystem /opt/rh/gcc-toolset-12/root/usr/lib/gcc/aarch64-redhat-linux/12/include -DL_ENDIAN -D_CRT_SECURE_NO_DEPRECATE -D_CRT_NONSTDC_NO_DEPRECATE -DOPENSSL_SMALL_FOOTPRINT -DPEDANTIC -DMDE_CPU_AARCH64   -c -o crypto/rsa/rsa_ssl.o /builddir/build/BUILD/shim-16.1/Cryptlib/OpenSSL/crypto/rsa/rsa_ssl.c
DEBUG util.py:463:  gcc -std=gnu11 -ggdb -gdwarf-4 -gstrict-dwarf -ffreestanding -fmacro-prefix-map=/builddir/build/BUILD/shim-16.1/= -fno-stack-protector -fno-strict-aliasing -fpic -fshort-wchar -nostdinc -Os -Wall -Wextra -Wno-missing-field-initializers -Wno-empty-body -Wno-implicit-fallthrough -Wno-old-style-declaration -Wno-unused-but-set-variable -Wno-unused-parameter -Werror -Wno-error=unused-but-set-variable -Wno-error=unused-parameter -I/builddir/build/BUILD/shim-16.1/Cryptlib/OpenSSL -I/builddir/build/BUILD/shim-16.1/Cryptlib -I/builddir/build/BUILD/shim-16.1/Cryptlib/OpenSSL/Include/ -I/builddir/build/BUILD/shim-16.1/Cryptlib/OpenSSL/crypto -I/builddir/build/BUILD/shim-16.1/Cryptlib/Include -I/builddir/build/BUILD/shim-16.1/gnu-efi/inc -I/builddir/build/BUILD/shim-16.1/gnu-efi/inc/aarch64 -I/builddir/build/BUILD/shim-16.1/gnu-efi/inc/protocol -I/builddir/build/BUILD/shim-16.1/Cryptlib/OpenSSL/crypto/asn1 -I/builddir/build/BUILD/shim-16.1/Cryptlib/OpenSSL/crypto/evp -I/builddir/build/BUILD/shim-16.1/Cryptlib/OpenSSL/crypto/modes -I/builddir/build/BUILD/shim-16.1/Cryptlib/OpenSSL/crypto/include -isystem /builddir/build/BUILD/shim-16.1/include/system -isystem /opt/rh/gcc-toolset-12/root/usr/lib/gcc/aarch64-redhat-linux/12/include -DL_ENDIAN -D_CRT_SECURE_NO_DEPRECATE -D_CRT_NONSTDC_NO_DEPRECATE -DOPENSSL_SMALL_FOOTPRINT -DPEDANTIC -DMDE_CPU_AARCH64   -c -o crypto/rsa/rsa_none.o /builddir/build/BUILD/shim-16.1/Cryptlib/OpenSSL/crypto/rsa/rsa_none.c
DEBUG util.py:463:  gcc -std=gnu11 -ggdb -gdwarf-4 -gstrict-dwarf -ffreestanding -fmacro-prefix-map=/builddir/build/BUILD/shim-16.1/= -fno-stack-protector -fno-strict-aliasing -fpic -fshort-wchar -nostdinc -Os -Wall -Wextra -Wno-missing-field-initializers -Wno-empty-body -Wno-implicit-fallthrough -Wno-old-style-declaration -Wno-unused-but-set-variable -Wno-unused-parameter -Werror -Wno-error=unused-but-set-variable -Wno-error=unused-parameter -I/builddir/build/BUILD/shim-16.1/Cryptlib/OpenSSL -I/builddir/build/BUILD/shim-16.1/Cryptlib -I/builddir/build/BUILD/shim-16.1/Cryptlib/OpenSSL/Include/ -I/builddir/build/BUILD/shim-16.1/Cryptlib/OpenSSL/crypto -I/builddir/build/BUILD/shim-16.1/Cryptlib/Include -I/builddir/build/BUILD/shim-16.1/gnu-efi/inc -I/builddir/build/BUILD/shim-16.1/gnu-efi/inc/aarch64 -I/builddir/build/BUILD/shim-16.1/gnu-efi/inc/protocol -I/builddir/build/BUILD/shim-16.1/Cryptlib/OpenSSL/crypto/asn1 -I/builddir/build/BUILD/shim-16.1/Cryptlib/OpenSSL/crypto/evp -I/builddir/build/BUILD/shim-16.1/Cryptlib/OpenSSL/crypto/modes -I/builddir/build/BUILD/shim-16.1/Cryptlib/OpenSSL/crypto/include -isystem /builddir/build/BUILD/shim-16.1/include/system -isystem /opt/rh/gcc-toolset-12/root/usr/lib/gcc/aarch64-redhat-linux/12/include -DL_ENDIAN -D_CRT_SECURE_NO_DEPRECATE -D_CRT_NONSTDC_NO_DEPRECATE -DOPENSSL_SMALL_FOOTPRINT -DPEDANTIC -DMDE_CPU_AARCH64   -c -o crypto/rsa/rsa_oaep.o /builddir/build/BUILD/shim-16.1/Cryptlib/OpenSSL/crypto/rsa/rsa_oaep.c
DEBUG util.py:463:  gcc -std=gnu11 -ggdb -gdwarf-4 -gstrict-dwarf -ffreestanding -fmacro-prefix-map=/builddir/build/BUILD/shim-16.1/= -fno-stack-protector -fno-strict-aliasing -fpic -fshort-wchar -nostdinc -Os -Wall -Wextra -Wno-missing-field-initializers -Wno-empty-body -Wno-implicit-fallthrough -Wno-old-style-declaration -Wno-unused-but-set-variable -Wno-unused-parameter -Werror -Wno-error=unused-but-set-variable -Wno-error=unused-parameter -I/builddir/build/BUILD/shim-16.1/Cryptlib/OpenSSL -I/builddir/build/BUILD/shim-16.1/Cryptlib -I/builddir/build/BUILD/shim-16.1/Cryptlib/OpenSSL/Include/ -I/builddir/build/BUILD/shim-16.1/Cryptlib/OpenSSL/crypto -I/builddir/build/BUILD/shim-16.1/Cryptlib/Include -I/builddir/build/BUILD/shim-16.1/gnu-efi/inc -I/builddir/build/BUILD/shim-16.1/gnu-efi/inc/aarch64 -I/builddir/build/BUILD/shim-16.1/gnu-efi/inc/protocol -I/builddir/build/BUILD/shim-16.1/Cryptlib/OpenSSL/crypto/asn1 -I/builddir/build/BUILD/shim-16.1/Cryptlib/OpenSSL/crypto/evp -I/builddir/build/BUILD/shim-16.1/Cryptlib/OpenSSL/crypto/modes -I/builddir/build/BUILD/shim-16.1/Cryptlib/OpenSSL/crypto/include -isystem /builddir/build/BUILD/shim-16.1/include/system -isystem /opt/rh/gcc-toolset-12/root/usr/lib/gcc/aarch64-redhat-linux/12/include -DL_ENDIAN -D_CRT_SECURE_NO_DEPRECATE -D_CRT_NONSTDC_NO_DEPRECATE -DOPENSSL_SMALL_FOOTPRINT -DPEDANTIC -DMDE_CPU_AARCH64   -c -o crypto/rsa/rsa_chk.o /builddir/build/BUILD/shim-16.1/Cryptlib/OpenSSL/crypto/rsa/rsa_chk.c
DEBUG util.py:463:  gcc -std=gnu11 -ggdb -gdwarf-4 -gstrict-dwarf -ffreestanding -fmacro-prefix-map=/builddir/build/BUILD/shim-16.1/= -fno-stack-protector -fno-strict-aliasing -fpic -fshort-wchar -nostdinc -Os -Wall -Wextra -Wno-missing-field-initializers -Wno-empty-body -Wno-implicit-fallthrough -Wno-old-style-declaration -Wno-unused-but-set-variable -Wno-unused-parameter -Werror -Wno-error=unused-but-set-variable -Wno-error=unused-parameter -I/builddir/build/BUILD/shim-16.1/Cryptlib/OpenSSL -I/builddir/build/BUILD/shim-16.1/Cryptlib -I/builddir/build/BUILD/shim-16.1/Cryptlib/OpenSSL/Include/ -I/builddir/build/BUILD/shim-16.1/Cryptlib/OpenSSL/crypto -I/builddir/build/BUILD/shim-16.1/Cryptlib/Include -I/builddir/build/BUILD/shim-16.1/gnu-efi/inc -I/builddir/build/BUILD/shim-16.1/gnu-efi/inc/aarch64 -I/builddir/build/BUILD/shim-16.1/gnu-efi/inc/protocol -I/builddir/build/BUILD/shim-16.1/Cryptlib/OpenSSL/crypto/asn1 -I/builddir/build/BUILD/shim-16.1/Cryptlib/OpenSSL/crypto/evp -I/builddir/build/BUILD/shim-16.1/Cryptlib/OpenSSL/crypto/modes -I/builddir/build/BUILD/shim-16.1/Cryptlib/OpenSSL/crypto/include -isystem /builddir/build/BUILD/shim-16.1/include/system -isystem /opt/rh/gcc-toolset-12/root/usr/lib/gcc/aarch64-redhat-linux/12/include -DL_ENDIAN -D_CRT_SECURE_NO_DEPRECATE -D_CRT_NONSTDC_NO_DEPRECATE -DOPENSSL_SMALL_FOOTPRINT -DPEDANTIC -DMDE_CPU_AARCH64   -c -o crypto/rsa/rsa_null.o /builddir/build/BUILD/shim-16.1/Cryptlib/OpenSSL/crypto/rsa/rsa_null.c
DEBUG util.py:463:  gcc -std=gnu11 -ggdb -gdwarf-4 -gstrict-dwarf -ffreestanding -fmacro-prefix-map=/builddir/build/BUILD/shim-16.1/= -fno-stack-protector -fno-strict-aliasing -fpic -fshort-wchar -nostdinc -Os -Wall -Wextra -Wno-missing-field-initializers -Wno-empty-body -Wno-implicit-fallthrough -Wno-old-style-declaration -Wno-unused-but-set-variable -Wno-unused-parameter -Werror -Wno-error=unused-but-set-variable -Wno-error=unused-parameter -I/builddir/build/BUILD/shim-16.1/Cryptlib/OpenSSL -I/builddir/build/BUILD/shim-16.1/Cryptlib -I/builddir/build/BUILD/shim-16.1/Cryptlib/OpenSSL/Include/ -I/builddir/build/BUILD/shim-16.1/Cryptlib/OpenSSL/crypto -I/builddir/build/BUILD/shim-16.1/Cryptlib/Include -I/builddir/build/BUILD/shim-16.1/gnu-efi/inc -I/builddir/build/BUILD/shim-16.1/gnu-efi/inc/aarch64 -I/builddir/build/BUILD/shim-16.1/gnu-efi/inc/protocol -I/builddir/build/BUILD/shim-16.1/Cryptlib/OpenSSL/crypto/asn1 -I/builddir/build/BUILD/shim-16.1/Cryptlib/OpenSSL/crypto/evp -I/builddir/build/BUILD/shim-16.1/Cryptlib/OpenSSL/crypto/modes -I/builddir/build/BUILD/shim-16.1/Cryptlib/OpenSSL/crypto/include -isystem /builddir/build/BUILD/shim-16.1/include/system -isystem /opt/rh/gcc-toolset-12/root/usr/lib/gcc/aarch64-redhat-linux/12/include -DL_ENDIAN -D_CRT_SECURE_NO_DEPRECATE -D_CRT_NONSTDC_NO_DEPRECATE -DOPENSSL_SMALL_FOOTPRINT -DPEDANTIC -DMDE_CPU_AARCH64   -c -o crypto/rsa/rsa_pss.o /builddir/build/BUILD/shim-16.1/Cryptlib/OpenSSL/crypto/rsa/rsa_pss.c
DEBUG util.py:463:  gcc -std=gnu11 -ggdb -gdwarf-4 -gstrict-dwarf -ffreestanding -fmacro-prefix-map=/builddir/build/BUILD/shim-16.1/= -fno-stack-protector -fno-strict-aliasing -fpic -fshort-wchar -nostdinc -Os -Wall -Wextra -Wno-missing-field-initializers -Wno-empty-body -Wno-implicit-fallthrough -Wno-old-style-declaration -Wno-unused-but-set-variable -Wno-unused-parameter -Werror -Wno-error=unused-but-set-variable -Wno-error=unused-parameter -I/builddir/build/BUILD/shim-16.1/Cryptlib/OpenSSL -I/builddir/build/BUILD/shim-16.1/Cryptlib -I/builddir/build/BUILD/shim-16.1/Cryptlib/OpenSSL/Include/ -I/builddir/build/BUILD/shim-16.1/Cryptlib/OpenSSL/crypto -I/builddir/build/BUILD/shim-16.1/Cryptlib/Include -I/builddir/build/BUILD/shim-16.1/gnu-efi/inc -I/builddir/build/BUILD/shim-16.1/gnu-efi/inc/aarch64 -I/builddir/build/BUILD/shim-16.1/gnu-efi/inc/protocol -I/builddir/build/BUILD/shim-16.1/Cryptlib/OpenSSL/crypto/asn1 -I/builddir/build/BUILD/shim-16.1/Cryptlib/OpenSSL/crypto/evp -I/builddir/build/BUILD/shim-16.1/Cryptlib/OpenSSL/crypto/modes -I/builddir/build/BUILD/shim-16.1/Cryptlib/OpenSSL/crypto/include -isystem /builddir/build/BUILD/shim-16.1/include/system -isystem /opt/rh/gcc-toolset-12/root/usr/lib/gcc/aarch64-redhat-linux/12/include -DL_ENDIAN -D_CRT_SECURE_NO_DEPRECATE -D_CRT_NONSTDC_NO_DEPRECATE -DOPENSSL_SMALL_FOOTPRINT -DPEDANTIC -DMDE_CPU_AARCH64   -c -o crypto/rsa/rsa_x931.o /builddir/build/BUILD/shim-16.1/Cryptlib/OpenSSL/crypto/rsa/rsa_x931.c
DEBUG util.py:463:  gcc -std=gnu11 -ggdb -gdwarf-4 -gstrict-dwarf -ffreestanding -fmacro-prefix-map=/builddir/build/BUILD/shim-16.1/= -fno-stack-protector -fno-strict-aliasing -fpic -fshort-wchar -nostdinc -Os -Wall -Wextra -Wno-missing-field-initializers -Wno-empty-body -Wno-implicit-fallthrough -Wno-old-style-declaration -Wno-unused-but-set-variable -Wno-unused-parameter -Werror -Wno-error=unused-but-set-variable -Wno-error=unused-parameter -I/builddir/build/BUILD/shim-16.1/Cryptlib/OpenSSL -I/builddir/build/BUILD/shim-16.1/Cryptlib -I/builddir/build/BUILD/shim-16.1/Cryptlib/OpenSSL/Include/ -I/builddir/build/BUILD/shim-16.1/Cryptlib/OpenSSL/crypto -I/builddir/build/BUILD/shim-16.1/Cryptlib/Include -I/builddir/build/BUILD/shim-16.1/gnu-efi/inc -I/builddir/build/BUILD/shim-16.1/gnu-efi/inc/aarch64 -I/builddir/build/BUILD/shim-16.1/gnu-efi/inc/protocol -I/builddir/build/BUILD/shim-16.1/Cryptlib/OpenSSL/crypto/asn1 -I/builddir/build/BUILD/shim-16.1/Cryptlib/OpenSSL/crypto/evp -I/builddir/build/BUILD/shim-16.1/Cryptlib/OpenSSL/crypto/modes -I/builddir/build/BUILD/shim-16.1/Cryptlib/OpenSSL/crypto/include -isystem /builddir/build/BUILD/shim-16.1/include/system -isystem /opt/rh/gcc-toolset-12/root/usr/lib/gcc/aarch64-redhat-linux/12/include -DL_ENDIAN -D_CRT_SECURE_NO_DEPRECATE -D_CRT_NONSTDC_NO_DEPRECATE -DOPENSSL_SMALL_FOOTPRINT -DPEDANTIC -DMDE_CPU_AARCH64   -c -o crypto/rsa/rsa_asn1.o /builddir/build/BUILD/shim-16.1/Cryptlib/OpenSSL/crypto/rsa/rsa_asn1.c
DEBUG util.py:463:  gcc -std=gnu11 -ggdb -gdwarf-4 -gstrict-dwarf -ffreestanding -fmacro-prefix-map=/builddir/build/BUILD/shim-16.1/= -fno-stack-protector -fno-strict-aliasing -fpic -fshort-wchar -nostdinc -Os -Wall -Wextra -Wno-missing-field-initializers -Wno-empty-body -Wno-implicit-fallthrough -Wno-old-style-declaration -Wno-unused-but-set-variable -Wno-unused-parameter -Werror -Wno-error=unused-but-set-variable -Wno-error=unused-parameter -I/builddir/build/BUILD/shim-16.1/Cryptlib/OpenSSL -I/builddir/build/BUILD/shim-16.1/Cryptlib -I/builddir/build/BUILD/shim-16.1/Cryptlib/OpenSSL/Include/ -I/builddir/build/BUILD/shim-16.1/Cryptlib/OpenSSL/crypto -I/builddir/build/BUILD/shim-16.1/Cryptlib/Include -I/builddir/build/BUILD/shim-16.1/gnu-efi/inc -I/builddir/build/BUILD/shim-16.1/gnu-efi/inc/aarch64 -I/builddir/build/BUILD/shim-16.1/gnu-efi/inc/protocol -I/builddir/build/BUILD/shim-16.1/Cryptlib/OpenSSL/crypto/asn1 -I/builddir/build/BUILD/shim-16.1/Cryptlib/OpenSSL/crypto/evp -I/builddir/build/BUILD/shim-16.1/Cryptlib/OpenSSL/crypto/modes -I/builddir/build/BUILD/shim-16.1/Cryptlib/OpenSSL/crypto/include -isystem /builddir/build/BUILD/shim-16.1/include/system -isystem /opt/rh/gcc-toolset-12/root/usr/lib/gcc/aarch64-redhat-linux/12/include -DL_ENDIAN -D_CRT_SECURE_NO_DEPRECATE -D_CRT_NONSTDC_NO_DEPRECATE -DOPENSSL_SMALL_FOOTPRINT -DPEDANTIC -DMDE_CPU_AARCH64   -c -o crypto/rsa/rsa_depr.o /builddir/build/BUILD/shim-16.1/Cryptlib/OpenSSL/crypto/rsa/rsa_depr.c
DEBUG util.py:463:  gcc -std=gnu11 -ggdb -gdwarf-4 -gstrict-dwarf -ffreestanding -fmacro-prefix-map=/builddir/build/BUILD/shim-16.1/= -fno-stack-protector -fno-strict-aliasing -fpic -fshort-wchar -nostdinc -Os -Wall -Wextra -Wno-missing-field-initializers -Wno-empty-body -Wno-implicit-fallthrough -Wno-old-style-declaration -Wno-unused-but-set-variable -Wno-unused-parameter -Werror -Wno-error=unused-but-set-variable -Wno-error=unused-parameter -I/builddir/build/BUILD/shim-16.1/Cryptlib/OpenSSL -I/builddir/build/BUILD/shim-16.1/Cryptlib -I/builddir/build/BUILD/shim-16.1/Cryptlib/OpenSSL/Include/ -I/builddir/build/BUILD/shim-16.1/Cryptlib/OpenSSL/crypto -I/builddir/build/BUILD/shim-16.1/Cryptlib/Include -I/builddir/build/BUILD/shim-16.1/gnu-efi/inc -I/builddir/build/BUILD/shim-16.1/gnu-efi/inc/aarch64 -I/builddir/build/BUILD/shim-16.1/gnu-efi/inc/protocol -I/builddir/build/BUILD/shim-16.1/Cryptlib/OpenSSL/crypto/asn1 -I/builddir/build/BUILD/shim-16.1/Cryptlib/OpenSSL/crypto/evp -I/builddir/build/BUILD/shim-16.1/Cryptlib/OpenSSL/crypto/modes -I/builddir/build/BUILD/shim-16.1/Cryptlib/OpenSSL/crypto/include -isystem /builddir/build/BUILD/shim-16.1/include/system -isystem /opt/rh/gcc-toolset-12/root/usr/lib/gcc/aarch64-redhat-linux/12/include -DL_ENDIAN -D_CRT_SECURE_NO_DEPRECATE -D_CRT_NONSTDC_NO_DEPRECATE -DOPENSSL_SMALL_FOOTPRINT -DPEDANTIC -DMDE_CPU_AARCH64   -c -o crypto/rsa/rsa_ameth.o /builddir/build/BUILD/shim-16.1/Cryptlib/OpenSSL/crypto/rsa/rsa_ameth.c
DEBUG util.py:463:  gcc -std=gnu11 -ggdb -gdwarf-4 -gstrict-dwarf -ffreestanding -fmacro-prefix-map=/builddir/build/BUILD/shim-16.1/= -fno-stack-protector -fno-strict-aliasing -fpic -fshort-wchar -nostdinc -Os -Wall -Wextra -Wno-missing-field-initializers -Wno-empty-body -Wno-implicit-fallthrough -Wno-old-style-declaration -Wno-unused-but-set-variable -Wno-unused-parameter -Werror -Wno-error=unused-but-set-variable -Wno-error=unused-parameter -I/builddir/build/BUILD/shim-16.1/Cryptlib/OpenSSL -I/builddir/build/BUILD/shim-16.1/Cryptlib -I/builddir/build/BUILD/shim-16.1/Cryptlib/OpenSSL/Include/ -I/builddir/build/BUILD/shim-16.1/Cryptlib/OpenSSL/crypto -I/builddir/build/BUILD/shim-16.1/Cryptlib/Include -I/builddir/build/BUILD/shim-16.1/gnu-efi/inc -I/builddir/build/BUILD/shim-16.1/gnu-efi/inc/aarch64 -I/builddir/build/BUILD/shim-16.1/gnu-efi/inc/protocol -I/builddir/build/BUILD/shim-16.1/Cryptlib/OpenSSL/crypto/asn1 -I/builddir/build/BUILD/shim-16.1/Cryptlib/OpenSSL/crypto/evp -I/builddir/build/BUILD/shim-16.1/Cryptlib/OpenSSL/crypto/modes -I/builddir/build/BUILD/shim-16.1/Cryptlib/OpenSSL/crypto/include -isystem /builddir/build/BUILD/shim-16.1/include/system -isystem /opt/rh/gcc-toolset-12/root/usr/lib/gcc/aarch64-redhat-linux/12/include -DL_ENDIAN -D_CRT_SECURE_NO_DEPRECATE -D_CRT_NONSTDC_NO_DEPRECATE -DOPENSSL_SMALL_FOOTPRINT -DPEDANTIC -DMDE_CPU_AARCH64   -c -o crypto/rsa/rsa_prn.o /builddir/build/BUILD/shim-16.1/Cryptlib/OpenSSL/crypto/rsa/rsa_prn.c
DEBUG util.py:463:  gcc -std=gnu11 -ggdb -gdwarf-4 -gstrict-dwarf -ffreestanding -fmacro-prefix-map=/builddir/build/BUILD/shim-16.1/= -fno-stack-protector -fno-strict-aliasing -fpic -fshort-wchar -nostdinc -Os -Wall -Wextra -Wno-missing-field-initializers -Wno-empty-body -Wno-implicit-fallthrough -Wno-old-style-declaration -Wno-unused-but-set-variable -Wno-unused-parameter -Werror -Wno-error=unused-but-set-variable -Wno-error=unused-parameter -I/builddir/build/BUILD/shim-16.1/Cryptlib/OpenSSL -I/builddir/build/BUILD/shim-16.1/Cryptlib -I/builddir/build/BUILD/shim-16.1/Cryptlib/OpenSSL/Include/ -I/builddir/build/BUILD/shim-16.1/Cryptlib/OpenSSL/crypto -I/builddir/build/BUILD/shim-16.1/Cryptlib/Include -I/builddir/build/BUILD/shim-16.1/gnu-efi/inc -I/builddir/build/BUILD/shim-16.1/gnu-efi/inc/aarch64 -I/builddir/build/BUILD/shim-16.1/gnu-efi/inc/protocol -I/builddir/build/BUILD/shim-16.1/Cryptlib/OpenSSL/crypto/asn1 -I/builddir/build/BUILD/shim-16.1/Cryptlib/OpenSSL/crypto/evp -I/builddir/build/BUILD/shim-16.1/Cryptlib/OpenSSL/crypto/modes -I/builddir/build/BUILD/shim-16.1/Cryptlib/OpenSSL/crypto/include -isystem /builddir/build/BUILD/shim-16.1/include/system -isystem /opt/rh/gcc-toolset-12/root/usr/lib/gcc/aarch64-redhat-linux/12/include -DL_ENDIAN -D_CRT_SECURE_NO_DEPRECATE -D_CRT_NONSTDC_NO_DEPRECATE -DOPENSSL_SMALL_FOOTPRINT -DPEDANTIC -DMDE_CPU_AARCH64   -c -o crypto/rsa/rsa_pmeth.o /builddir/build/BUILD/shim-16.1/Cryptlib/OpenSSL/crypto/rsa/rsa_pmeth.c
DEBUG util.py:463:  gcc -std=gnu11 -ggdb -gdwarf-4 -gstrict-dwarf -ffreestanding -fmacro-prefix-map=/builddir/build/BUILD/shim-16.1/= -fno-stack-protector -fno-strict-aliasing -fpic -fshort-wchar -nostdinc -Os -Wall -Wextra -Wno-missing-field-initializers -Wno-empty-body -Wno-implicit-fallthrough -Wno-old-style-declaration -Wno-unused-but-set-variable -Wno-unused-parameter -Werror -Wno-error=unused-but-set-variable -Wno-error=unused-parameter -I/builddir/build/BUILD/shim-16.1/Cryptlib/OpenSSL -I/builddir/build/BUILD/shim-16.1/Cryptlib -I/builddir/build/BUILD/shim-16.1/Cryptlib/OpenSSL/Include/ -I/builddir/build/BUILD/shim-16.1/Cryptlib/OpenSSL/crypto -I/builddir/build/BUILD/shim-16.1/Cryptlib/Include -I/builddir/build/BUILD/shim-16.1/gnu-efi/inc -I/builddir/build/BUILD/shim-16.1/gnu-efi/inc/aarch64 -I/builddir/build/BUILD/shim-16.1/gnu-efi/inc/protocol -I/builddir/build/BUILD/shim-16.1/Cryptlib/OpenSSL/crypto/asn1 -I/builddir/build/BUILD/shim-16.1/Cryptlib/OpenSSL/crypto/evp -I/builddir/build/BUILD/shim-16.1/Cryptlib/OpenSSL/crypto/modes -I/builddir/build/BUILD/shim-16.1/Cryptlib/OpenSSL/crypto/include -isystem /builddir/build/BUILD/shim-16.1/include/system -isystem /opt/rh/gcc-toolset-12/root/usr/lib/gcc/aarch64-redhat-linux/12/include -DL_ENDIAN -D_CRT_SECURE_NO_DEPRECATE -D_CRT_NONSTDC_NO_DEPRECATE -DOPENSSL_SMALL_FOOTPRINT -DPEDANTIC -DMDE_CPU_AARCH64   -c -o crypto/rsa/rsa_crpt.o /builddir/build/BUILD/shim-16.1/Cryptlib/OpenSSL/crypto/rsa/rsa_crpt.c
DEBUG util.py:463:  gcc -std=gnu11 -ggdb -gdwarf-4 -gstrict-dwarf -ffreestanding -fmacro-prefix-map=/builddir/build/BUILD/shim-16.1/= -fno-stack-protector -fno-strict-aliasing -fpic -fshort-wchar -nostdinc -Os -Wall -Wextra -Wno-missing-field-initializers -Wno-empty-body -Wno-implicit-fallthrough -Wno-old-style-declaration -Wno-unused-but-set-variable -Wno-unused-parameter -Werror -Wno-error=unused-but-set-variable -Wno-error=unused-parameter -I/builddir/build/BUILD/shim-16.1/Cryptlib/OpenSSL -I/builddir/build/BUILD/shim-16.1/Cryptlib -I/builddir/build/BUILD/shim-16.1/Cryptlib/OpenSSL/Include/ -I/builddir/build/BUILD/shim-16.1/Cryptlib/OpenSSL/crypto -I/builddir/build/BUILD/shim-16.1/Cryptlib/Include -I/builddir/build/BUILD/shim-16.1/gnu-efi/inc -I/builddir/build/BUILD/shim-16.1/gnu-efi/inc/aarch64 -I/builddir/build/BUILD/shim-16.1/gnu-efi/inc/protocol -I/builddir/build/BUILD/shim-16.1/Cryptlib/OpenSSL/crypto/asn1 -I/builddir/build/BUILD/shim-16.1/Cryptlib/OpenSSL/crypto/evp -I/builddir/build/BUILD/shim-16.1/Cryptlib/OpenSSL/crypto/modes -I/builddir/build/BUILD/shim-16.1/Cryptlib/OpenSSL/crypto/include -isystem /builddir/build/BUILD/shim-16.1/include/system -isystem /opt/rh/gcc-toolset-12/root/usr/lib/gcc/aarch64-redhat-linux/12/include -DL_ENDIAN -D_CRT_SECURE_NO_DEPRECATE -D_CRT_NONSTDC_NO_DEPRECATE -DOPENSSL_SMALL_FOOTPRINT -DPEDANTIC -DMDE_CPU_AARCH64   -c -o crypto/dso/dso_dl.o /builddir/build/BUILD/shim-16.1/Cryptlib/OpenSSL/crypto/dso/dso_dl.c
DEBUG util.py:463:  gcc -std=gnu11 -ggdb -gdwarf-4 -gstrict-dwarf -ffreestanding -fmacro-prefix-map=/builddir/build/BUILD/shim-16.1/= -fno-stack-protector -fno-strict-aliasing -fpic -fshort-wchar -nostdinc -Os -Wall -Wextra -Wno-missing-field-initializers -Wno-empty-body -Wno-implicit-fallthrough -Wno-old-style-declaration -Wno-unused-but-set-variable -Wno-unused-parameter -Werror -Wno-error=unused-but-set-variable -Wno-error=unused-parameter -I/builddir/build/BUILD/shim-16.1/Cryptlib/OpenSSL -I/builddir/build/BUILD/shim-16.1/Cryptlib -I/builddir/build/BUILD/shim-16.1/Cryptlib/OpenSSL/Include/ -I/builddir/build/BUILD/shim-16.1/Cryptlib/OpenSSL/crypto -I/builddir/build/BUILD/shim-16.1/Cryptlib/Include -I/builddir/build/BUILD/shim-16.1/gnu-efi/inc -I/builddir/build/BUILD/shim-16.1/gnu-efi/inc/aarch64 -I/builddir/build/BUILD/shim-16.1/gnu-efi/inc/protocol -I/builddir/build/BUILD/shim-16.1/Cryptlib/OpenSSL/crypto/asn1 -I/builddir/build/BUILD/shim-16.1/Cryptlib/OpenSSL/crypto/evp -I/builddir/build/BUILD/shim-16.1/Cryptlib/OpenSSL/crypto/modes -I/builddir/build/BUILD/shim-16.1/Cryptlib/OpenSSL/crypto/include -isystem /builddir/build/BUILD/shim-16.1/include/system -isystem /opt/rh/gcc-toolset-12/root/usr/lib/gcc/aarch64-redhat-linux/12/include -DL_ENDIAN -D_CRT_SECURE_NO_DEPRECATE -D_CRT_NONSTDC_NO_DEPRECATE -DOPENSSL_SMALL_FOOTPRINT -DPEDANTIC -DMDE_CPU_AARCH64   -c -o crypto/dso/dso_dlfcn.o /builddir/build/BUILD/shim-16.1/Cryptlib/OpenSSL/crypto/dso/dso_dlfcn.c
DEBUG util.py:463:  gcc -std=gnu11 -ggdb -gdwarf-4 -gstrict-dwarf -ffreestanding -fmacro-prefix-map=/builddir/build/BUILD/shim-16.1/= -fno-stack-protector -fno-strict-aliasing -fpic -fshort-wchar -nostdinc -Os -Wall -Wextra -Wno-missing-field-initializers -Wno-empty-body -Wno-implicit-fallthrough -Wno-old-style-declaration -Wno-unused-but-set-variable -Wno-unused-parameter -Werror -Wno-error=unused-but-set-variable -Wno-error=unused-parameter -I/builddir/build/BUILD/shim-16.1/Cryptlib/OpenSSL -I/builddir/build/BUILD/shim-16.1/Cryptlib -I/builddir/build/BUILD/shim-16.1/Cryptlib/OpenSSL/Include/ -I/builddir/build/BUILD/shim-16.1/Cryptlib/OpenSSL/crypto -I/builddir/build/BUILD/shim-16.1/Cryptlib/Include -I/builddir/build/BUILD/shim-16.1/gnu-efi/inc -I/builddir/build/BUILD/shim-16.1/gnu-efi/inc/aarch64 -I/builddir/build/BUILD/shim-16.1/gnu-efi/inc/protocol -I/builddir/build/BUILD/shim-16.1/Cryptlib/OpenSSL/crypto/asn1 -I/builddir/build/BUILD/shim-16.1/Cryptlib/OpenSSL/crypto/evp -I/builddir/build/BUILD/shim-16.1/Cryptlib/OpenSSL/crypto/modes -I/builddir/build/BUILD/shim-16.1/Cryptlib/OpenSSL/crypto/include -isystem /builddir/build/BUILD/shim-16.1/include/system -isystem /opt/rh/gcc-toolset-12/root/usr/lib/gcc/aarch64-redhat-linux/12/include -DL_ENDIAN -D_CRT_SECURE_NO_DEPRECATE -D_CRT_NONSTDC_NO_DEPRECATE -DOPENSSL_SMALL_FOOTPRINT -DPEDANTIC -DMDE_CPU_AARCH64   -c -o crypto/dso/dso_err.o /builddir/build/BUILD/shim-16.1/Cryptlib/OpenSSL/crypto/dso/dso_err.c
DEBUG util.py:463:  gcc -std=gnu11 -ggdb -gdwarf-4 -gstrict-dwarf -ffreestanding -fmacro-prefix-map=/builddir/build/BUILD/shim-16.1/= -fno-stack-protector -fno-strict-aliasing -fpic -fshort-wchar -nostdinc -Os -Wall -Wextra -Wno-missing-field-initializers -Wno-empty-body -Wno-implicit-fallthrough -Wno-old-style-declaration -Wno-unused-but-set-variable -Wno-unused-parameter -Werror -Wno-error=unused-but-set-variable -Wno-error=unused-parameter -I/builddir/build/BUILD/shim-16.1/Cryptlib/OpenSSL -I/builddir/build/BUILD/shim-16.1/Cryptlib -I/builddir/build/BUILD/shim-16.1/Cryptlib/OpenSSL/Include/ -I/builddir/build/BUILD/shim-16.1/Cryptlib/OpenSSL/crypto -I/builddir/build/BUILD/shim-16.1/Cryptlib/Include -I/builddir/build/BUILD/shim-16.1/gnu-efi/inc -I/builddir/build/BUILD/shim-16.1/gnu-efi/inc/aarch64 -I/builddir/build/BUILD/shim-16.1/gnu-efi/inc/protocol -I/builddir/build/BUILD/shim-16.1/Cryptlib/OpenSSL/crypto/asn1 -I/builddir/build/BUILD/shim-16.1/Cryptlib/OpenSSL/crypto/evp -I/builddir/build/BUILD/shim-16.1/Cryptlib/OpenSSL/crypto/modes -I/builddir/build/BUILD/shim-16.1/Cryptlib/OpenSSL/crypto/include -isystem /builddir/build/BUILD/shim-16.1/include/system -isystem /opt/rh/gcc-toolset-12/root/usr/lib/gcc/aarch64-redhat-linux/12/include -DL_ENDIAN -D_CRT_SECURE_NO_DEPRECATE -D_CRT_NONSTDC_NO_DEPRECATE -DOPENSSL_SMALL_FOOTPRINT -DPEDANTIC -DMDE_CPU_AARCH64   -c -o crypto/dso/dso_lib.o /builddir/build/BUILD/shim-16.1/Cryptlib/OpenSSL/crypto/dso/dso_lib.c
DEBUG util.py:463:  gcc -std=gnu11 -ggdb -gdwarf-4 -gstrict-dwarf -ffreestanding -fmacro-prefix-map=/builddir/build/BUILD/shim-16.1/= -fno-stack-protector -fno-strict-aliasing -fpic -fshort-wchar -nostdinc -Os -Wall -Wextra -Wno-missing-field-initializers -Wno-empty-body -Wno-implicit-fallthrough -Wno-old-style-declaration -Wno-unused-but-set-variable -Wno-unused-parameter -Werror -Wno-error=unused-but-set-variable -Wno-error=unused-parameter -I/builddir/build/BUILD/shim-16.1/Cryptlib/OpenSSL -I/builddir/build/BUILD/shim-16.1/Cryptlib -I/builddir/build/BUILD/shim-16.1/Cryptlib/OpenSSL/Include/ -I/builddir/build/BUILD/shim-16.1/Cryptlib/OpenSSL/crypto -I/builddir/build/BUILD/shim-16.1/Cryptlib/Include -I/builddir/build/BUILD/shim-16.1/gnu-efi/inc -I/builddir/build/BUILD/shim-16.1/gnu-efi/inc/aarch64 -I/builddir/build/BUILD/shim-16.1/gnu-efi/inc/protocol -I/builddir/build/BUILD/shim-16.1/Cryptlib/OpenSSL/crypto/asn1 -I/builddir/build/BUILD/shim-16.1/Cryptlib/OpenSSL/crypto/evp -I/builddir/build/BUILD/shim-16.1/Cryptlib/OpenSSL/crypto/modes -I/builddir/build/BUILD/shim-16.1/Cryptlib/OpenSSL/crypto/include -isystem /builddir/build/BUILD/shim-16.1/include/system -isystem /opt/rh/gcc-toolset-12/root/usr/lib/gcc/aarch64-redhat-linux/12/include -DL_ENDIAN -D_CRT_SECURE_NO_DEPRECATE -D_CRT_NONSTDC_NO_DEPRECATE -DOPENSSL_SMALL_FOOTPRINT -DPEDANTIC -DMDE_CPU_AARCH64   -c -o crypto/dso/dso_null.o /builddir/build/BUILD/shim-16.1/Cryptlib/OpenSSL/crypto/dso/dso_null.c
DEBUG util.py:463:  gcc -std=gnu11 -ggdb -gdwarf-4 -gstrict-dwarf -ffreestanding -fmacro-prefix-map=/builddir/build/BUILD/shim-16.1/= -fno-stack-protector -fno-strict-aliasing -fpic -fshort-wchar -nostdinc -Os -Wall -Wextra -Wno-missing-field-initializers -Wno-empty-body -Wno-implicit-fallthrough -Wno-old-style-declaration -Wno-unused-but-set-variable -Wno-unused-parameter -Werror -Wno-error=unused-but-set-variable -Wno-error=unused-parameter -I/builddir/build/BUILD/shim-16.1/Cryptlib/OpenSSL -I/builddir/build/BUILD/shim-16.1/Cryptlib -I/builddir/build/BUILD/shim-16.1/Cryptlib/OpenSSL/Include/ -I/builddir/build/BUILD/shim-16.1/Cryptlib/OpenSSL/crypto -I/builddir/build/BUILD/shim-16.1/Cryptlib/Include -I/builddir/build/BUILD/shim-16.1/gnu-efi/inc -I/builddir/build/BUILD/shim-16.1/gnu-efi/inc/aarch64 -I/builddir/build/BUILD/shim-16.1/gnu-efi/inc/protocol -I/builddir/build/BUILD/shim-16.1/Cryptlib/OpenSSL/crypto/asn1 -I/builddir/build/BUILD/shim-16.1/Cryptlib/OpenSSL/crypto/evp -I/builddir/build/BUILD/shim-16.1/Cryptlib/OpenSSL/crypto/modes -I/builddir/build/BUILD/shim-16.1/Cryptlib/OpenSSL/crypto/include -isystem /builddir/build/BUILD/shim-16.1/include/system -isystem /opt/rh/gcc-toolset-12/root/usr/lib/gcc/aarch64-redhat-linux/12/include -DL_ENDIAN -D_CRT_SECURE_NO_DEPRECATE -D_CRT_NONSTDC_NO_DEPRECATE -DOPENSSL_SMALL_FOOTPRINT -DPEDANTIC -DMDE_CPU_AARCH64   -c -o crypto/dso/dso_openssl.o /builddir/build/BUILD/shim-16.1/Cryptlib/OpenSSL/crypto/dso/dso_openssl.c
DEBUG util.py:463:  gcc -std=gnu11 -ggdb -gdwarf-4 -gstrict-dwarf -ffreestanding -fmacro-prefix-map=/builddir/build/BUILD/shim-16.1/= -fno-stack-protector -fno-strict-aliasing -fpic -fshort-wchar -nostdinc -Os -Wall -Wextra -Wno-missing-field-initializers -Wno-empty-body -Wno-implicit-fallthrough -Wno-old-style-declaration -Wno-unused-but-set-variable -Wno-unused-parameter -Werror -Wno-error=unused-but-set-variable -Wno-error=unused-parameter -I/builddir/build/BUILD/shim-16.1/Cryptlib/OpenSSL -I/builddir/build/BUILD/shim-16.1/Cryptlib -I/builddir/build/BUILD/shim-16.1/Cryptlib/OpenSSL/Include/ -I/builddir/build/BUILD/shim-16.1/Cryptlib/OpenSSL/crypto -I/builddir/build/BUILD/shim-16.1/Cryptlib/Include -I/builddir/build/BUILD/shim-16.1/gnu-efi/inc -I/builddir/build/BUILD/shim-16.1/gnu-efi/inc/aarch64 -I/builddir/build/BUILD/shim-16.1/gnu-efi/inc/protocol -I/builddir/build/BUILD/shim-16.1/Cryptlib/OpenSSL/crypto/asn1 -I/builddir/build/BUILD/shim-16.1/Cryptlib/OpenSSL/crypto/evp -I/builddir/build/BUILD/shim-16.1/Cryptlib/OpenSSL/crypto/modes -I/builddir/build/BUILD/shim-16.1/Cryptlib/OpenSSL/crypto/include -isystem /builddir/build/BUILD/shim-16.1/include/system -isystem /opt/rh/gcc-toolset-12/root/usr/lib/gcc/aarch64-redhat-linux/12/include -DL_ENDIAN -D_CRT_SECURE_NO_DEPRECATE -D_CRT_NONSTDC_NO_DEPRECATE -DOPENSSL_SMALL_FOOTPRINT -DPEDANTIC -DMDE_CPU_AARCH64   -c -o crypto/dso/dso_win32.o /builddir/build/BUILD/shim-16.1/Cryptlib/OpenSSL/crypto/dso/dso_win32.c
DEBUG util.py:463:  gcc -std=gnu11 -ggdb -gdwarf-4 -gstrict-dwarf -ffreestanding -fmacro-prefix-map=/builddir/build/BUILD/shim-16.1/= -fno-stack-protector -fno-strict-aliasing -fpic -fshort-wchar -nostdinc -Os -Wall -Wextra -Wno-missing-field-initializers -Wno-empty-body -Wno-implicit-fallthrough -Wno-old-style-declaration -Wno-unused-but-set-variable -Wno-unused-parameter -Werror -Wno-error=unused-but-set-variable -Wno-error=unused-parameter -I/builddir/build/BUILD/shim-16.1/Cryptlib/OpenSSL -I/builddir/build/BUILD/shim-16.1/Cryptlib -I/builddir/build/BUILD/shim-16.1/Cryptlib/OpenSSL/Include/ -I/builddir/build/BUILD/shim-16.1/Cryptlib/OpenSSL/crypto -I/builddir/build/BUILD/shim-16.1/Cryptlib/Include -I/builddir/build/BUILD/shim-16.1/gnu-efi/inc -I/builddir/build/BUILD/shim-16.1/gnu-efi/inc/aarch64 -I/builddir/build/BUILD/shim-16.1/gnu-efi/inc/protocol -I/builddir/build/BUILD/shim-16.1/Cryptlib/OpenSSL/crypto/asn1 -I/builddir/build/BUILD/shim-16.1/Cryptlib/OpenSSL/crypto/evp -I/builddir/build/BUILD/shim-16.1/Cryptlib/OpenSSL/crypto/modes -I/builddir/build/BUILD/shim-16.1/Cryptlib/OpenSSL/crypto/include -isystem /builddir/build/BUILD/shim-16.1/include/system -isystem /opt/rh/gcc-toolset-12/root/usr/lib/gcc/aarch64-redhat-linux/12/include -DL_ENDIAN -D_CRT_SECURE_NO_DEPRECATE -D_CRT_NONSTDC_NO_DEPRECATE -DOPENSSL_SMALL_FOOTPRINT -DPEDANTIC -DMDE_CPU_AARCH64   -c -o crypto/dso/dso_vms.o /builddir/build/BUILD/shim-16.1/Cryptlib/OpenSSL/crypto/dso/dso_vms.c
DEBUG util.py:463:  gcc -std=gnu11 -ggdb -gdwarf-4 -gstrict-dwarf -ffreestanding -fmacro-prefix-map=/builddir/build/BUILD/shim-16.1/= -fno-stack-protector -fno-strict-aliasing -fpic -fshort-wchar -nostdinc -Os -Wall -Wextra -Wno-missing-field-initializers -Wno-empty-body -Wno-implicit-fallthrough -Wno-old-style-declaration -Wno-unused-but-set-variable -Wno-unused-parameter -Werror -Wno-error=unused-but-set-variable -Wno-error=unused-parameter -I/builddir/build/BUILD/shim-16.1/Cryptlib/OpenSSL -I/builddir/build/BUILD/shim-16.1/Cryptlib -I/builddir/build/BUILD/shim-16.1/Cryptlib/OpenSSL/Include/ -I/builddir/build/BUILD/shim-16.1/Cryptlib/OpenSSL/crypto -I/builddir/build/BUILD/shim-16.1/Cryptlib/Include -I/builddir/build/BUILD/shim-16.1/gnu-efi/inc -I/builddir/build/BUILD/shim-16.1/gnu-efi/inc/aarch64 -I/builddir/build/BUILD/shim-16.1/gnu-efi/inc/protocol -I/builddir/build/BUILD/shim-16.1/Cryptlib/OpenSSL/crypto/asn1 -I/builddir/build/BUILD/shim-16.1/Cryptlib/OpenSSL/crypto/evp -I/builddir/build/BUILD/shim-16.1/Cryptlib/OpenSSL/crypto/modes -I/builddir/build/BUILD/shim-16.1/Cryptlib/OpenSSL/crypto/include -isystem /builddir/build/BUILD/shim-16.1/include/system -isystem /opt/rh/gcc-toolset-12/root/usr/lib/gcc/aarch64-redhat-linux/12/include -DL_ENDIAN -D_CRT_SECURE_NO_DEPRECATE -D_CRT_NONSTDC_NO_DEPRECATE -DOPENSSL_SMALL_FOOTPRINT -DPEDANTIC -DMDE_CPU_AARCH64   -c -o crypto/dso/dso_beos.o /builddir/build/BUILD/shim-16.1/Cryptlib/OpenSSL/crypto/dso/dso_beos.c
DEBUG util.py:463:  gcc -std=gnu11 -ggdb -gdwarf-4 -gstrict-dwarf -ffreestanding -fmacro-prefix-map=/builddir/build/BUILD/shim-16.1/= -fno-stack-protector -fno-strict-aliasing -fpic -fshort-wchar -nostdinc -Os -Wall -Wextra -Wno-missing-field-initializers -Wno-empty-body -Wno-implicit-fallthrough -Wno-old-style-declaration -Wno-unused-but-set-variable -Wno-unused-parameter -Werror -Wno-error=unused-but-set-variable -Wno-error=unused-parameter -I/builddir/build/BUILD/shim-16.1/Cryptlib/OpenSSL -I/builddir/build/BUILD/shim-16.1/Cryptlib -I/builddir/build/BUILD/shim-16.1/Cryptlib/OpenSSL/Include/ -I/builddir/build/BUILD/shim-16.1/Cryptlib/OpenSSL/crypto -I/builddir/build/BUILD/shim-16.1/Cryptlib/Include -I/builddir/build/BUILD/shim-16.1/gnu-efi/inc -I/builddir/build/BUILD/shim-16.1/gnu-efi/inc/aarch64 -I/builddir/build/BUILD/shim-16.1/gnu-efi/inc/protocol -I/builddir/build/BUILD/shim-16.1/Cryptlib/OpenSSL/crypto/asn1 -I/builddir/build/BUILD/shim-16.1/Cryptlib/OpenSSL/crypto/evp -I/builddir/build/BUILD/shim-16.1/Cryptlib/OpenSSL/crypto/modes -I/builddir/build/BUILD/shim-16.1/Cryptlib/OpenSSL/crypto/include -isystem /builddir/build/BUILD/shim-16.1/include/system -isystem /opt/rh/gcc-toolset-12/root/usr/lib/gcc/aarch64-redhat-linux/12/include -DL_ENDIAN -D_CRT_SECURE_NO_DEPRECATE -D_CRT_NONSTDC_NO_DEPRECATE -DOPENSSL_SMALL_FOOTPRINT -DPEDANTIC -DMDE_CPU_AARCH64   -c -o crypto/dh/dh_asn1.o /builddir/build/BUILD/shim-16.1/Cryptlib/OpenSSL/crypto/dh/dh_asn1.c
DEBUG util.py:463:  gcc -std=gnu11 -ggdb -gdwarf-4 -gstrict-dwarf -ffreestanding -fmacro-prefix-map=/builddir/build/BUILD/shim-16.1/= -fno-stack-protector -fno-strict-aliasing -fpic -fshort-wchar -nostdinc -Os -Wall -Wextra -Wno-missing-field-initializers -Wno-empty-body -Wno-implicit-fallthrough -Wno-old-style-declaration -Wno-unused-but-set-variable -Wno-unused-parameter -Werror -Wno-error=unused-but-set-variable -Wno-error=unused-parameter -I/builddir/build/BUILD/shim-16.1/Cryptlib/OpenSSL -I/builddir/build/BUILD/shim-16.1/Cryptlib -I/builddir/build/BUILD/shim-16.1/Cryptlib/OpenSSL/Include/ -I/builddir/build/BUILD/shim-16.1/Cryptlib/OpenSSL/crypto -I/builddir/build/BUILD/shim-16.1/Cryptlib/Include -I/builddir/build/BUILD/shim-16.1/gnu-efi/inc -I/builddir/build/BUILD/shim-16.1/gnu-efi/inc/aarch64 -I/builddir/build/BUILD/shim-16.1/gnu-efi/inc/protocol -I/builddir/build/BUILD/shim-16.1/Cryptlib/OpenSSL/crypto/asn1 -I/builddir/build/BUILD/shim-16.1/Cryptlib/OpenSSL/crypto/evp -I/builddir/build/BUILD/shim-16.1/Cryptlib/OpenSSL/crypto/modes -I/builddir/build/BUILD/shim-16.1/Cryptlib/OpenSSL/crypto/include -isystem /builddir/build/BUILD/shim-16.1/include/system -isystem /opt/rh/gcc-toolset-12/root/usr/lib/gcc/aarch64-redhat-linux/12/include -DL_ENDIAN -D_CRT_SECURE_NO_DEPRECATE -D_CRT_NONSTDC_NO_DEPRECATE -DOPENSSL_SMALL_FOOTPRINT -DPEDANTIC -DMDE_CPU_AARCH64   -c -o crypto/dh/dh_gen.o /builddir/build/BUILD/shim-16.1/Cryptlib/OpenSSL/crypto/dh/dh_gen.c
DEBUG util.py:463:  gcc -std=gnu11 -ggdb -gdwarf-4 -gstrict-dwarf -ffreestanding -fmacro-prefix-map=/builddir/build/BUILD/shim-16.1/= -fno-stack-protector -fno-strict-aliasing -fpic -fshort-wchar -nostdinc -Os -Wall -Wextra -Wno-missing-field-initializers -Wno-empty-body -Wno-implicit-fallthrough -Wno-old-style-declaration -Wno-unused-but-set-variable -Wno-unused-parameter -Werror -Wno-error=unused-but-set-variable -Wno-error=unused-parameter -I/builddir/build/BUILD/shim-16.1/Cryptlib/OpenSSL -I/builddir/build/BUILD/shim-16.1/Cryptlib -I/builddir/build/BUILD/shim-16.1/Cryptlib/OpenSSL/Include/ -I/builddir/build/BUILD/shim-16.1/Cryptlib/OpenSSL/crypto -I/builddir/build/BUILD/shim-16.1/Cryptlib/Include -I/builddir/build/BUILD/shim-16.1/gnu-efi/inc -I/builddir/build/BUILD/shim-16.1/gnu-efi/inc/aarch64 -I/builddir/build/BUILD/shim-16.1/gnu-efi/inc/protocol -I/builddir/build/BUILD/shim-16.1/Cryptlib/OpenSSL/crypto/asn1 -I/builddir/build/BUILD/shim-16.1/Cryptlib/OpenSSL/crypto/evp -I/builddir/build/BUILD/shim-16.1/Cryptlib/OpenSSL/crypto/modes -I/builddir/build/BUILD/shim-16.1/Cryptlib/OpenSSL/crypto/include -isystem /builddir/build/BUILD/shim-16.1/include/system -isystem /opt/rh/gcc-toolset-12/root/usr/lib/gcc/aarch64-redhat-linux/12/include -DL_ENDIAN -D_CRT_SECURE_NO_DEPRECATE -D_CRT_NONSTDC_NO_DEPRECATE -DOPENSSL_SMALL_FOOTPRINT -DPEDANTIC -DMDE_CPU_AARCH64   -c -o crypto/dh/dh_key.o /builddir/build/BUILD/shim-16.1/Cryptlib/OpenSSL/crypto/dh/dh_key.c
DEBUG util.py:463:  gcc -std=gnu11 -ggdb -gdwarf-4 -gstrict-dwarf -ffreestanding -fmacro-prefix-map=/builddir/build/BUILD/shim-16.1/= -fno-stack-protector -fno-strict-aliasing -fpic -fshort-wchar -nostdinc -Os -Wall -Wextra -Wno-missing-field-initializers -Wno-empty-body -Wno-implicit-fallthrough -Wno-old-style-declaration -Wno-unused-but-set-variable -Wno-unused-parameter -Werror -Wno-error=unused-but-set-variable -Wno-error=unused-parameter -I/builddir/build/BUILD/shim-16.1/Cryptlib/OpenSSL -I/builddir/build/BUILD/shim-16.1/Cryptlib -I/builddir/build/BUILD/shim-16.1/Cryptlib/OpenSSL/Include/ -I/builddir/build/BUILD/shim-16.1/Cryptlib/OpenSSL/crypto -I/builddir/build/BUILD/shim-16.1/Cryptlib/Include -I/builddir/build/BUILD/shim-16.1/gnu-efi/inc -I/builddir/build/BUILD/shim-16.1/gnu-efi/inc/aarch64 -I/builddir/build/BUILD/shim-16.1/gnu-efi/inc/protocol -I/builddir/build/BUILD/shim-16.1/Cryptlib/OpenSSL/crypto/asn1 -I/builddir/build/BUILD/shim-16.1/Cryptlib/OpenSSL/crypto/evp -I/builddir/build/BUILD/shim-16.1/Cryptlib/OpenSSL/crypto/modes -I/builddir/build/BUILD/shim-16.1/Cryptlib/OpenSSL/crypto/include -isystem /builddir/build/BUILD/shim-16.1/include/system -isystem /opt/rh/gcc-toolset-12/root/usr/lib/gcc/aarch64-redhat-linux/12/include -DL_ENDIAN -D_CRT_SECURE_NO_DEPRECATE -D_CRT_NONSTDC_NO_DEPRECATE -DOPENSSL_SMALL_FOOTPRINT -DPEDANTIC -DMDE_CPU_AARCH64   -c -o crypto/dh/dh_lib.o /builddir/build/BUILD/shim-16.1/Cryptlib/OpenSSL/crypto/dh/dh_lib.c
DEBUG util.py:463:  gcc -std=gnu11 -ggdb -gdwarf-4 -gstrict-dwarf -ffreestanding -fmacro-prefix-map=/builddir/build/BUILD/shim-16.1/= -fno-stack-protector -fno-strict-aliasing -fpic -fshort-wchar -nostdinc -Os -Wall -Wextra -Wno-missing-field-initializers -Wno-empty-body -Wno-implicit-fallthrough -Wno-old-style-declaration -Wno-unused-but-set-variable -Wno-unused-parameter -Werror -Wno-error=unused-but-set-variable -Wno-error=unused-parameter -I/builddir/build/BUILD/shim-16.1/Cryptlib/OpenSSL -I/builddir/build/BUILD/shim-16.1/Cryptlib -I/builddir/build/BUILD/shim-16.1/Cryptlib/OpenSSL/Include/ -I/builddir/build/BUILD/shim-16.1/Cryptlib/OpenSSL/crypto -I/builddir/build/BUILD/shim-16.1/Cryptlib/Include -I/builddir/build/BUILD/shim-16.1/gnu-efi/inc -I/builddir/build/BUILD/shim-16.1/gnu-efi/inc/aarch64 -I/builddir/build/BUILD/shim-16.1/gnu-efi/inc/protocol -I/builddir/build/BUILD/shim-16.1/Cryptlib/OpenSSL/crypto/asn1 -I/builddir/build/BUILD/shim-16.1/Cryptlib/OpenSSL/crypto/evp -I/builddir/build/BUILD/shim-16.1/Cryptlib/OpenSSL/crypto/modes -I/builddir/build/BUILD/shim-16.1/Cryptlib/OpenSSL/crypto/include -isystem /builddir/build/BUILD/shim-16.1/include/system -isystem /opt/rh/gcc-toolset-12/root/usr/lib/gcc/aarch64-redhat-linux/12/include -DL_ENDIAN -D_CRT_SECURE_NO_DEPRECATE -D_CRT_NONSTDC_NO_DEPRECATE -DOPENSSL_SMALL_FOOTPRINT -DPEDANTIC -DMDE_CPU_AARCH64   -c -o crypto/dh/dh_check.o /builddir/build/BUILD/shim-16.1/Cryptlib/OpenSSL/crypto/dh/dh_check.c
DEBUG util.py:463:  gcc -std=gnu11 -ggdb -gdwarf-4 -gstrict-dwarf -ffreestanding -fmacro-prefix-map=/builddir/build/BUILD/shim-16.1/= -fno-stack-protector -fno-strict-aliasing -fpic -fshort-wchar -nostdinc -Os -Wall -Wextra -Wno-missing-field-initializers -Wno-empty-body -Wno-implicit-fallthrough -Wno-old-style-declaration -Wno-unused-but-set-variable -Wno-unused-parameter -Werror -Wno-error=unused-but-set-variable -Wno-error=unused-parameter -I/builddir/build/BUILD/shim-16.1/Cryptlib/OpenSSL -I/builddir/build/BUILD/shim-16.1/Cryptlib -I/builddir/build/BUILD/shim-16.1/Cryptlib/OpenSSL/Include/ -I/builddir/build/BUILD/shim-16.1/Cryptlib/OpenSSL/crypto -I/builddir/build/BUILD/shim-16.1/Cryptlib/Include -I/builddir/build/BUILD/shim-16.1/gnu-efi/inc -I/builddir/build/BUILD/shim-16.1/gnu-efi/inc/aarch64 -I/builddir/build/BUILD/shim-16.1/gnu-efi/inc/protocol -I/builddir/build/BUILD/shim-16.1/Cryptlib/OpenSSL/crypto/asn1 -I/builddir/build/BUILD/shim-16.1/Cryptlib/OpenSSL/crypto/evp -I/builddir/build/BUILD/shim-16.1/Cryptlib/OpenSSL/crypto/modes -I/builddir/build/BUILD/shim-16.1/Cryptlib/OpenSSL/crypto/include -isystem /builddir/build/BUILD/shim-16.1/include/system -isystem /opt/rh/gcc-toolset-12/root/usr/lib/gcc/aarch64-redhat-linux/12/include -DL_ENDIAN -D_CRT_SECURE_NO_DEPRECATE -D_CRT_NONSTDC_NO_DEPRECATE -DOPENSSL_SMALL_FOOTPRINT -DPEDANTIC -DMDE_CPU_AARCH64   -c -o crypto/dh/dh_err.o /builddir/build/BUILD/shim-16.1/Cryptlib/OpenSSL/crypto/dh/dh_err.c
DEBUG util.py:463:  gcc -std=gnu11 -ggdb -gdwarf-4 -gstrict-dwarf -ffreestanding -fmacro-prefix-map=/builddir/build/BUILD/shim-16.1/= -fno-stack-protector -fno-strict-aliasing -fpic -fshort-wchar -nostdinc -Os -Wall -Wextra -Wno-missing-field-initializers -Wno-empty-body -Wno-implicit-fallthrough -Wno-old-style-declaration -Wno-unused-but-set-variable -Wno-unused-parameter -Werror -Wno-error=unused-but-set-variable -Wno-error=unused-parameter -I/builddir/build/BUILD/shim-16.1/Cryptlib/OpenSSL -I/builddir/build/BUILD/shim-16.1/Cryptlib -I/builddir/build/BUILD/shim-16.1/Cryptlib/OpenSSL/Include/ -I/builddir/build/BUILD/shim-16.1/Cryptlib/OpenSSL/crypto -I/builddir/build/BUILD/shim-16.1/Cryptlib/Include -I/builddir/build/BUILD/shim-16.1/gnu-efi/inc -I/builddir/build/BUILD/shim-16.1/gnu-efi/inc/aarch64 -I/builddir/build/BUILD/shim-16.1/gnu-efi/inc/protocol -I/builddir/build/BUILD/shim-16.1/Cryptlib/OpenSSL/crypto/asn1 -I/builddir/build/BUILD/shim-16.1/Cryptlib/OpenSSL/crypto/evp -I/builddir/build/BUILD/shim-16.1/Cryptlib/OpenSSL/crypto/modes -I/builddir/build/BUILD/shim-16.1/Cryptlib/OpenSSL/crypto/include -isystem /builddir/build/BUILD/shim-16.1/include/system -isystem /opt/rh/gcc-toolset-12/root/usr/lib/gcc/aarch64-redhat-linux/12/include -DL_ENDIAN -D_CRT_SECURE_NO_DEPRECATE -D_CRT_NONSTDC_NO_DEPRECATE -DOPENSSL_SMALL_FOOTPRINT -DPEDANTIC -DMDE_CPU_AARCH64   -c -o crypto/dh/dh_depr.o /builddir/build/BUILD/shim-16.1/Cryptlib/OpenSSL/crypto/dh/dh_depr.c
DEBUG util.py:463:  gcc -std=gnu11 -ggdb -gdwarf-4 -gstrict-dwarf -ffreestanding -fmacro-prefix-map=/builddir/build/BUILD/shim-16.1/= -fno-stack-protector -fno-strict-aliasing -fpic -fshort-wchar -nostdinc -Os -Wall -Wextra -Wno-missing-field-initializers -Wno-empty-body -Wno-implicit-fallthrough -Wno-old-style-declaration -Wno-unused-but-set-variable -Wno-unused-parameter -Werror -Wno-error=unused-but-set-variable -Wno-error=unused-parameter -I/builddir/build/BUILD/shim-16.1/Cryptlib/OpenSSL -I/builddir/build/BUILD/shim-16.1/Cryptlib -I/builddir/build/BUILD/shim-16.1/Cryptlib/OpenSSL/Include/ -I/builddir/build/BUILD/shim-16.1/Cryptlib/OpenSSL/crypto -I/builddir/build/BUILD/shim-16.1/Cryptlib/Include -I/builddir/build/BUILD/shim-16.1/gnu-efi/inc -I/builddir/build/BUILD/shim-16.1/gnu-efi/inc/aarch64 -I/builddir/build/BUILD/shim-16.1/gnu-efi/inc/protocol -I/builddir/build/BUILD/shim-16.1/Cryptlib/OpenSSL/crypto/asn1 -I/builddir/build/BUILD/shim-16.1/Cryptlib/OpenSSL/crypto/evp -I/builddir/build/BUILD/shim-16.1/Cryptlib/OpenSSL/crypto/modes -I/builddir/build/BUILD/shim-16.1/Cryptlib/OpenSSL/crypto/include -isystem /builddir/build/BUILD/shim-16.1/include/system -isystem /opt/rh/gcc-toolset-12/root/usr/lib/gcc/aarch64-redhat-linux/12/include -DL_ENDIAN -D_CRT_SECURE_NO_DEPRECATE -D_CRT_NONSTDC_NO_DEPRECATE -DOPENSSL_SMALL_FOOTPRINT -DPEDANTIC -DMDE_CPU_AARCH64   -c -o crypto/dh/dh_ameth.o /builddir/build/BUILD/shim-16.1/Cryptlib/OpenSSL/crypto/dh/dh_ameth.c
DEBUG util.py:463:  gcc -std=gnu11 -ggdb -gdwarf-4 -gstrict-dwarf -ffreestanding -fmacro-prefix-map=/builddir/build/BUILD/shim-16.1/= -fno-stack-protector -fno-strict-aliasing -fpic -fshort-wchar -nostdinc -Os -Wall -Wextra -Wno-missing-field-initializers -Wno-empty-body -Wno-implicit-fallthrough -Wno-old-style-declaration -Wno-unused-but-set-variable -Wno-unused-parameter -Werror -Wno-error=unused-but-set-variable -Wno-error=unused-parameter -I/builddir/build/BUILD/shim-16.1/Cryptlib/OpenSSL -I/builddir/build/BUILD/shim-16.1/Cryptlib -I/builddir/build/BUILD/shim-16.1/Cryptlib/OpenSSL/Include/ -I/builddir/build/BUILD/shim-16.1/Cryptlib/OpenSSL/crypto -I/builddir/build/BUILD/shim-16.1/Cryptlib/Include -I/builddir/build/BUILD/shim-16.1/gnu-efi/inc -I/builddir/build/BUILD/shim-16.1/gnu-efi/inc/aarch64 -I/builddir/build/BUILD/shim-16.1/gnu-efi/inc/protocol -I/builddir/build/BUILD/shim-16.1/Cryptlib/OpenSSL/crypto/asn1 -I/builddir/build/BUILD/shim-16.1/Cryptlib/OpenSSL/crypto/evp -I/builddir/build/BUILD/shim-16.1/Cryptlib/OpenSSL/crypto/modes -I/builddir/build/BUILD/shim-16.1/Cryptlib/OpenSSL/crypto/include -isystem /builddir/build/BUILD/shim-16.1/include/system -isystem /opt/rh/gcc-toolset-12/root/usr/lib/gcc/aarch64-redhat-linux/12/include -DL_ENDIAN -D_CRT_SECURE_NO_DEPRECATE -D_CRT_NONSTDC_NO_DEPRECATE -DOPENSSL_SMALL_FOOTPRINT -DPEDANTIC -DMDE_CPU_AARCH64   -c -o crypto/dh/dh_pmeth.o /builddir/build/BUILD/shim-16.1/Cryptlib/OpenSSL/crypto/dh/dh_pmeth.c
DEBUG util.py:463:  gcc -std=gnu11 -ggdb -gdwarf-4 -gstrict-dwarf -ffreestanding -fmacro-prefix-map=/builddir/build/BUILD/shim-16.1/= -fno-stack-protector -fno-strict-aliasing -fpic -fshort-wchar -nostdinc -Os -Wall -Wextra -Wno-missing-field-initializers -Wno-empty-body -Wno-implicit-fallthrough -Wno-old-style-declaration -Wno-unused-but-set-variable -Wno-unused-parameter -Werror -Wno-error=unused-but-set-variable -Wno-error=unused-parameter -I/builddir/build/BUILD/shim-16.1/Cryptlib/OpenSSL -I/builddir/build/BUILD/shim-16.1/Cryptlib -I/builddir/build/BUILD/shim-16.1/Cryptlib/OpenSSL/Include/ -I/builddir/build/BUILD/shim-16.1/Cryptlib/OpenSSL/crypto -I/builddir/build/BUILD/shim-16.1/Cryptlib/Include -I/builddir/build/BUILD/shim-16.1/gnu-efi/inc -I/builddir/build/BUILD/shim-16.1/gnu-efi/inc/aarch64 -I/builddir/build/BUILD/shim-16.1/gnu-efi/inc/protocol -I/builddir/build/BUILD/shim-16.1/Cryptlib/OpenSSL/crypto/asn1 -I/builddir/build/BUILD/shim-16.1/Cryptlib/OpenSSL/crypto/evp -I/builddir/build/BUILD/shim-16.1/Cryptlib/OpenSSL/crypto/modes -I/builddir/build/BUILD/shim-16.1/Cryptlib/OpenSSL/crypto/include -isystem /builddir/build/BUILD/shim-16.1/include/system -isystem /opt/rh/gcc-toolset-12/root/usr/lib/gcc/aarch64-redhat-linux/12/include -DL_ENDIAN -D_CRT_SECURE_NO_DEPRECATE -D_CRT_NONSTDC_NO_DEPRECATE -DOPENSSL_SMALL_FOOTPRINT -DPEDANTIC -DMDE_CPU_AARCH64   -c -o crypto/dh/dh_prn.o /builddir/build/BUILD/shim-16.1/Cryptlib/OpenSSL/crypto/dh/dh_prn.c
DEBUG util.py:463:  gcc -std=gnu11 -ggdb -gdwarf-4 -gstrict-dwarf -ffreestanding -fmacro-prefix-map=/builddir/build/BUILD/shim-16.1/= -fno-stack-protector -fno-strict-aliasing -fpic -fshort-wchar -nostdinc -Os -Wall -Wextra -Wno-missing-field-initializers -Wno-empty-body -Wno-implicit-fallthrough -Wno-old-style-declaration -Wno-unused-but-set-variable -Wno-unused-parameter -Werror -Wno-error=unused-but-set-variable -Wno-error=unused-parameter -I/builddir/build/BUILD/shim-16.1/Cryptlib/OpenSSL -I/builddir/build/BUILD/shim-16.1/Cryptlib -I/builddir/build/BUILD/shim-16.1/Cryptlib/OpenSSL/Include/ -I/builddir/build/BUILD/shim-16.1/Cryptlib/OpenSSL/crypto -I/builddir/build/BUILD/shim-16.1/Cryptlib/Include -I/builddir/build/BUILD/shim-16.1/gnu-efi/inc -I/builddir/build/BUILD/shim-16.1/gnu-efi/inc/aarch64 -I/builddir/build/BUILD/shim-16.1/gnu-efi/inc/protocol -I/builddir/build/BUILD/shim-16.1/Cryptlib/OpenSSL/crypto/asn1 -I/builddir/build/BUILD/shim-16.1/Cryptlib/OpenSSL/crypto/evp -I/builddir/build/BUILD/shim-16.1/Cryptlib/OpenSSL/crypto/modes -I/builddir/build/BUILD/shim-16.1/Cryptlib/OpenSSL/crypto/include -isystem /builddir/build/BUILD/shim-16.1/include/system -isystem /opt/rh/gcc-toolset-12/root/usr/lib/gcc/aarch64-redhat-linux/12/include -DL_ENDIAN -D_CRT_SECURE_NO_DEPRECATE -D_CRT_NONSTDC_NO_DEPRECATE -DOPENSSL_SMALL_FOOTPRINT -DPEDANTIC -DMDE_CPU_AARCH64   -c -o crypto/dh/dh_rfc5114.o /builddir/build/BUILD/shim-16.1/Cryptlib/OpenSSL/crypto/dh/dh_rfc5114.c
DEBUG util.py:463:  gcc -std=gnu11 -ggdb -gdwarf-4 -gstrict-dwarf -ffreestanding -fmacro-prefix-map=/builddir/build/BUILD/shim-16.1/= -fno-stack-protector -fno-strict-aliasing -fpic -fshort-wchar -nostdinc -Os -Wall -Wextra -Wno-missing-field-initializers -Wno-empty-body -Wno-implicit-fallthrough -Wno-old-style-declaration -Wno-unused-but-set-variable -Wno-unused-parameter -Werror -Wno-error=unused-but-set-variable -Wno-error=unused-parameter -I/builddir/build/BUILD/shim-16.1/Cryptlib/OpenSSL -I/builddir/build/BUILD/shim-16.1/Cryptlib -I/builddir/build/BUILD/shim-16.1/Cryptlib/OpenSSL/Include/ -I/builddir/build/BUILD/shim-16.1/Cryptlib/OpenSSL/crypto -I/builddir/build/BUILD/shim-16.1/Cryptlib/Include -I/builddir/build/BUILD/shim-16.1/gnu-efi/inc -I/builddir/build/BUILD/shim-16.1/gnu-efi/inc/aarch64 -I/builddir/build/BUILD/shim-16.1/gnu-efi/inc/protocol -I/builddir/build/BUILD/shim-16.1/Cryptlib/OpenSSL/crypto/asn1 -I/builddir/build/BUILD/shim-16.1/Cryptlib/OpenSSL/crypto/evp -I/builddir/build/BUILD/shim-16.1/Cryptlib/OpenSSL/crypto/modes -I/builddir/build/BUILD/shim-16.1/Cryptlib/OpenSSL/crypto/include -isystem /builddir/build/BUILD/shim-16.1/include/system -isystem /opt/rh/gcc-toolset-12/root/usr/lib/gcc/aarch64-redhat-linux/12/include -DL_ENDIAN -D_CRT_SECURE_NO_DEPRECATE -D_CRT_NONSTDC_NO_DEPRECATE -DOPENSSL_SMALL_FOOTPRINT -DPEDANTIC -DMDE_CPU_AARCH64   -c -o crypto/buffer/buffer.o /builddir/build/BUILD/shim-16.1/Cryptlib/OpenSSL/crypto/buffer/buffer.c
DEBUG util.py:463:  gcc -std=gnu11 -ggdb -gdwarf-4 -gstrict-dwarf -ffreestanding -fmacro-prefix-map=/builddir/build/BUILD/shim-16.1/= -fno-stack-protector -fno-strict-aliasing -fpic -fshort-wchar -nostdinc -Os -Wall -Wextra -Wno-missing-field-initializers -Wno-empty-body -Wno-implicit-fallthrough -Wno-old-style-declaration -Wno-unused-but-set-variable -Wno-unused-parameter -Werror -Wno-error=unused-but-set-variable -Wno-error=unused-parameter -I/builddir/build/BUILD/shim-16.1/Cryptlib/OpenSSL -I/builddir/build/BUILD/shim-16.1/Cryptlib -I/builddir/build/BUILD/shim-16.1/Cryptlib/OpenSSL/Include/ -I/builddir/build/BUILD/shim-16.1/Cryptlib/OpenSSL/crypto -I/builddir/build/BUILD/shim-16.1/Cryptlib/Include -I/builddir/build/BUILD/shim-16.1/gnu-efi/inc -I/builddir/build/BUILD/shim-16.1/gnu-efi/inc/aarch64 -I/builddir/build/BUILD/shim-16.1/gnu-efi/inc/protocol -I/builddir/build/BUILD/shim-16.1/Cryptlib/OpenSSL/crypto/asn1 -I/builddir/build/BUILD/shim-16.1/Cryptlib/OpenSSL/crypto/evp -I/builddir/build/BUILD/shim-16.1/Cryptlib/OpenSSL/crypto/modes -I/builddir/build/BUILD/shim-16.1/Cryptlib/OpenSSL/crypto/include -isystem /builddir/build/BUILD/shim-16.1/include/system -isystem /opt/rh/gcc-toolset-12/root/usr/lib/gcc/aarch64-redhat-linux/12/include -DL_ENDIAN -D_CRT_SECURE_NO_DEPRECATE -D_CRT_NONSTDC_NO_DEPRECATE -DOPENSSL_SMALL_FOOTPRINT -DPEDANTIC -DMDE_CPU_AARCH64   -c -o crypto/buffer/buf_str.o /builddir/build/BUILD/shim-16.1/Cryptlib/OpenSSL/crypto/buffer/buf_str.c
DEBUG util.py:463:  gcc -std=gnu11 -ggdb -gdwarf-4 -gstrict-dwarf -ffreestanding -fmacro-prefix-map=/builddir/build/BUILD/shim-16.1/= -fno-stack-protector -fno-strict-aliasing -fpic -fshort-wchar -nostdinc -Os -Wall -Wextra -Wno-missing-field-initializers -Wno-empty-body -Wno-implicit-fallthrough -Wno-old-style-declaration -Wno-unused-but-set-variable -Wno-unused-parameter -Werror -Wno-error=unused-but-set-variable -Wno-error=unused-parameter -I/builddir/build/BUILD/shim-16.1/Cryptlib/OpenSSL -I/builddir/build/BUILD/shim-16.1/Cryptlib -I/builddir/build/BUILD/shim-16.1/Cryptlib/OpenSSL/Include/ -I/builddir/build/BUILD/shim-16.1/Cryptlib/OpenSSL/crypto -I/builddir/build/BUILD/shim-16.1/Cryptlib/Include -I/builddir/build/BUILD/shim-16.1/gnu-efi/inc -I/builddir/build/BUILD/shim-16.1/gnu-efi/inc/aarch64 -I/builddir/build/BUILD/shim-16.1/gnu-efi/inc/protocol -I/builddir/build/BUILD/shim-16.1/Cryptlib/OpenSSL/crypto/asn1 -I/builddir/build/BUILD/shim-16.1/Cryptlib/OpenSSL/crypto/evp -I/builddir/build/BUILD/shim-16.1/Cryptlib/OpenSSL/crypto/modes -I/builddir/build/BUILD/shim-16.1/Cryptlib/OpenSSL/crypto/include -isystem /builddir/build/BUILD/shim-16.1/include/system -isystem /opt/rh/gcc-toolset-12/root/usr/lib/gcc/aarch64-redhat-linux/12/include -DL_ENDIAN -D_CRT_SECURE_NO_DEPRECATE -D_CRT_NONSTDC_NO_DEPRECATE -DOPENSSL_SMALL_FOOTPRINT -DPEDANTIC -DMDE_CPU_AARCH64   -c -o crypto/buffer/buf_err.o /builddir/build/BUILD/shim-16.1/Cryptlib/OpenSSL/crypto/buffer/buf_err.c
DEBUG util.py:463:  gcc -std=gnu11 -ggdb -gdwarf-4 -gstrict-dwarf -ffreestanding -fmacro-prefix-map=/builddir/build/BUILD/shim-16.1/= -fno-stack-protector -fno-strict-aliasing -fpic -fshort-wchar -nostdinc -Os -Wall -Wextra -Wno-missing-field-initializers -Wno-empty-body -Wno-implicit-fallthrough -Wno-old-style-declaration -Wno-unused-but-set-variable -Wno-unused-parameter -Werror -Wno-error=unused-but-set-variable -Wno-error=unused-parameter -I/builddir/build/BUILD/shim-16.1/Cryptlib/OpenSSL -I/builddir/build/BUILD/shim-16.1/Cryptlib -I/builddir/build/BUILD/shim-16.1/Cryptlib/OpenSSL/Include/ -I/builddir/build/BUILD/shim-16.1/Cryptlib/OpenSSL/crypto -I/builddir/build/BUILD/shim-16.1/Cryptlib/Include -I/builddir/build/BUILD/shim-16.1/gnu-efi/inc -I/builddir/build/BUILD/shim-16.1/gnu-efi/inc/aarch64 -I/builddir/build/BUILD/shim-16.1/gnu-efi/inc/protocol -I/builddir/build/BUILD/shim-16.1/Cryptlib/OpenSSL/crypto/asn1 -I/builddir/build/BUILD/shim-16.1/Cryptlib/OpenSSL/crypto/evp -I/builddir/build/BUILD/shim-16.1/Cryptlib/OpenSSL/crypto/modes -I/builddir/build/BUILD/shim-16.1/Cryptlib/OpenSSL/crypto/include -isystem /builddir/build/BUILD/shim-16.1/include/system -isystem /opt/rh/gcc-toolset-12/root/usr/lib/gcc/aarch64-redhat-linux/12/include -DL_ENDIAN -D_CRT_SECURE_NO_DEPRECATE -D_CRT_NONSTDC_NO_DEPRECATE -DOPENSSL_SMALL_FOOTPRINT -DPEDANTIC -DMDE_CPU_AARCH64   -c -o crypto/bio/bio_lib.o /builddir/build/BUILD/shim-16.1/Cryptlib/OpenSSL/crypto/bio/bio_lib.c
DEBUG util.py:463:  gcc -std=gnu11 -ggdb -gdwarf-4 -gstrict-dwarf -ffreestanding -fmacro-prefix-map=/builddir/build/BUILD/shim-16.1/= -fno-stack-protector -fno-strict-aliasing -fpic -fshort-wchar -nostdinc -Os -Wall -Wextra -Wno-missing-field-initializers -Wno-empty-body -Wno-implicit-fallthrough -Wno-old-style-declaration -Wno-unused-but-set-variable -Wno-unused-parameter -Werror -Wno-error=unused-but-set-variable -Wno-error=unused-parameter -I/builddir/build/BUILD/shim-16.1/Cryptlib/OpenSSL -I/builddir/build/BUILD/shim-16.1/Cryptlib -I/builddir/build/BUILD/shim-16.1/Cryptlib/OpenSSL/Include/ -I/builddir/build/BUILD/shim-16.1/Cryptlib/OpenSSL/crypto -I/builddir/build/BUILD/shim-16.1/Cryptlib/Include -I/builddir/build/BUILD/shim-16.1/gnu-efi/inc -I/builddir/build/BUILD/shim-16.1/gnu-efi/inc/aarch64 -I/builddir/build/BUILD/shim-16.1/gnu-efi/inc/protocol -I/builddir/build/BUILD/shim-16.1/Cryptlib/OpenSSL/crypto/asn1 -I/builddir/build/BUILD/shim-16.1/Cryptlib/OpenSSL/crypto/evp -I/builddir/build/BUILD/shim-16.1/Cryptlib/OpenSSL/crypto/modes -I/builddir/build/BUILD/shim-16.1/Cryptlib/OpenSSL/crypto/include -isystem /builddir/build/BUILD/shim-16.1/include/system -isystem /opt/rh/gcc-toolset-12/root/usr/lib/gcc/aarch64-redhat-linux/12/include -DL_ENDIAN -D_CRT_SECURE_NO_DEPRECATE -D_CRT_NONSTDC_NO_DEPRECATE -DOPENSSL_SMALL_FOOTPRINT -DPEDANTIC -DMDE_CPU_AARCH64   -c -o crypto/bio/bio_cb.o /builddir/build/BUILD/shim-16.1/Cryptlib/OpenSSL/crypto/bio/bio_cb.c
DEBUG util.py:463:  gcc -std=gnu11 -ggdb -gdwarf-4 -gstrict-dwarf -ffreestanding -fmacro-prefix-map=/builddir/build/BUILD/shim-16.1/= -fno-stack-protector -fno-strict-aliasing -fpic -fshort-wchar -nostdinc -Os -Wall -Wextra -Wno-missing-field-initializers -Wno-empty-body -Wno-implicit-fallthrough -Wno-old-style-declaration -Wno-unused-but-set-variable -Wno-unused-parameter -Werror -Wno-error=unused-but-set-variable -Wno-error=unused-parameter -I/builddir/build/BUILD/shim-16.1/Cryptlib/OpenSSL -I/builddir/build/BUILD/shim-16.1/Cryptlib -I/builddir/build/BUILD/shim-16.1/Cryptlib/OpenSSL/Include/ -I/builddir/build/BUILD/shim-16.1/Cryptlib/OpenSSL/crypto -I/builddir/build/BUILD/shim-16.1/Cryptlib/Include -I/builddir/build/BUILD/shim-16.1/gnu-efi/inc -I/builddir/build/BUILD/shim-16.1/gnu-efi/inc/aarch64 -I/builddir/build/BUILD/shim-16.1/gnu-efi/inc/protocol -I/builddir/build/BUILD/shim-16.1/Cryptlib/OpenSSL/crypto/asn1 -I/builddir/build/BUILD/shim-16.1/Cryptlib/OpenSSL/crypto/evp -I/builddir/build/BUILD/shim-16.1/Cryptlib/OpenSSL/crypto/modes -I/builddir/build/BUILD/shim-16.1/Cryptlib/OpenSSL/crypto/include -isystem /builddir/build/BUILD/shim-16.1/include/system -isystem /opt/rh/gcc-toolset-12/root/usr/lib/gcc/aarch64-redhat-linux/12/include -DL_ENDIAN -D_CRT_SECURE_NO_DEPRECATE -D_CRT_NONSTDC_NO_DEPRECATE -DOPENSSL_SMALL_FOOTPRINT -DPEDANTIC -DMDE_CPU_AARCH64   -c -o crypto/bio/bio_err.o /builddir/build/BUILD/shim-16.1/Cryptlib/OpenSSL/crypto/bio/bio_err.c
DEBUG util.py:463:  gcc -std=gnu11 -ggdb -gdwarf-4 -gstrict-dwarf -ffreestanding -fmacro-prefix-map=/builddir/build/BUILD/shim-16.1/= -fno-stack-protector -fno-strict-aliasing -fpic -fshort-wchar -nostdinc -Os -Wall -Wextra -Wno-missing-field-initializers -Wno-empty-body -Wno-implicit-fallthrough -Wno-old-style-declaration -Wno-unused-but-set-variable -Wno-unused-parameter -Werror -Wno-error=unused-but-set-variable -Wno-error=unused-parameter -I/builddir/build/BUILD/shim-16.1/Cryptlib/OpenSSL -I/builddir/build/BUILD/shim-16.1/Cryptlib -I/builddir/build/BUILD/shim-16.1/Cryptlib/OpenSSL/Include/ -I/builddir/build/BUILD/shim-16.1/Cryptlib/OpenSSL/crypto -I/builddir/build/BUILD/shim-16.1/Cryptlib/Include -I/builddir/build/BUILD/shim-16.1/gnu-efi/inc -I/builddir/build/BUILD/shim-16.1/gnu-efi/inc/aarch64 -I/builddir/build/BUILD/shim-16.1/gnu-efi/inc/protocol -I/builddir/build/BUILD/shim-16.1/Cryptlib/OpenSSL/crypto/asn1 -I/builddir/build/BUILD/shim-16.1/Cryptlib/OpenSSL/crypto/evp -I/builddir/build/BUILD/shim-16.1/Cryptlib/OpenSSL/crypto/modes -I/builddir/build/BUILD/shim-16.1/Cryptlib/OpenSSL/crypto/include -isystem /builddir/build/BUILD/shim-16.1/include/system -isystem /opt/rh/gcc-toolset-12/root/usr/lib/gcc/aarch64-redhat-linux/12/include -DL_ENDIAN -D_CRT_SECURE_NO_DEPRECATE -D_CRT_NONSTDC_NO_DEPRECATE -DOPENSSL_SMALL_FOOTPRINT -DPEDANTIC -DMDE_CPU_AARCH64   -c -o crypto/bio/bss_mem.o /builddir/build/BUILD/shim-16.1/Cryptlib/OpenSSL/crypto/bio/bss_mem.c
DEBUG util.py:463:  gcc -std=gnu11 -ggdb -gdwarf-4 -gstrict-dwarf -ffreestanding -fmacro-prefix-map=/builddir/build/BUILD/shim-16.1/= -fno-stack-protector -fno-strict-aliasing -fpic -fshort-wchar -nostdinc -Os -Wall -Wextra -Wno-missing-field-initializers -Wno-empty-body -Wno-implicit-fallthrough -Wno-old-style-declaration -Wno-unused-but-set-variable -Wno-unused-parameter -Werror -Wno-error=unused-but-set-variable -Wno-error=unused-parameter -I/builddir/build/BUILD/shim-16.1/Cryptlib/OpenSSL -I/builddir/build/BUILD/shim-16.1/Cryptlib -I/builddir/build/BUILD/shim-16.1/Cryptlib/OpenSSL/Include/ -I/builddir/build/BUILD/shim-16.1/Cryptlib/OpenSSL/crypto -I/builddir/build/BUILD/shim-16.1/Cryptlib/Include -I/builddir/build/BUILD/shim-16.1/gnu-efi/inc -I/builddir/build/BUILD/shim-16.1/gnu-efi/inc/aarch64 -I/builddir/build/BUILD/shim-16.1/gnu-efi/inc/protocol -I/builddir/build/BUILD/shim-16.1/Cryptlib/OpenSSL/crypto/asn1 -I/builddir/build/BUILD/shim-16.1/Cryptlib/OpenSSL/crypto/evp -I/builddir/build/BUILD/shim-16.1/Cryptlib/OpenSSL/crypto/modes -I/builddir/build/BUILD/shim-16.1/Cryptlib/OpenSSL/crypto/include -isystem /builddir/build/BUILD/shim-16.1/include/system -isystem /opt/rh/gcc-toolset-12/root/usr/lib/gcc/aarch64-redhat-linux/12/include -DL_ENDIAN -D_CRT_SECURE_NO_DEPRECATE -D_CRT_NONSTDC_NO_DEPRECATE -DOPENSSL_SMALL_FOOTPRINT -DPEDANTIC -DMDE_CPU_AARCH64   -c -o crypto/bio/bss_null.o /builddir/build/BUILD/shim-16.1/Cryptlib/OpenSSL/crypto/bio/bss_null.c
DEBUG util.py:463:  gcc -std=gnu11 -ggdb -gdwarf-4 -gstrict-dwarf -ffreestanding -fmacro-prefix-map=/builddir/build/BUILD/shim-16.1/= -fno-stack-protector -fno-strict-aliasing -fpic -fshort-wchar -nostdinc -Os -Wall -Wextra -Wno-missing-field-initializers -Wno-empty-body -Wno-implicit-fallthrough -Wno-old-style-declaration -Wno-unused-but-set-variable -Wno-unused-parameter -Werror -Wno-error=unused-but-set-variable -Wno-error=unused-parameter -I/builddir/build/BUILD/shim-16.1/Cryptlib/OpenSSL -I/builddir/build/BUILD/shim-16.1/Cryptlib -I/builddir/build/BUILD/shim-16.1/Cryptlib/OpenSSL/Include/ -I/builddir/build/BUILD/shim-16.1/Cryptlib/OpenSSL/crypto -I/builddir/build/BUILD/shim-16.1/Cryptlib/Include -I/builddir/build/BUILD/shim-16.1/gnu-efi/inc -I/builddir/build/BUILD/shim-16.1/gnu-efi/inc/aarch64 -I/builddir/build/BUILD/shim-16.1/gnu-efi/inc/protocol -I/builddir/build/BUILD/shim-16.1/Cryptlib/OpenSSL/crypto/asn1 -I/builddir/build/BUILD/shim-16.1/Cryptlib/OpenSSL/crypto/evp -I/builddir/build/BUILD/shim-16.1/Cryptlib/OpenSSL/crypto/modes -I/builddir/build/BUILD/shim-16.1/Cryptlib/OpenSSL/crypto/include -isystem /builddir/build/BUILD/shim-16.1/include/system -isystem /opt/rh/gcc-toolset-12/root/usr/lib/gcc/aarch64-redhat-linux/12/include -DL_ENDIAN -D_CRT_SECURE_NO_DEPRECATE -D_CRT_NONSTDC_NO_DEPRECATE -DOPENSSL_SMALL_FOOTPRINT -DPEDANTIC -DMDE_CPU_AARCH64   -c -o crypto/bio/bss_fd.o /builddir/build/BUILD/shim-16.1/Cryptlib/OpenSSL/crypto/bio/bss_fd.c
DEBUG util.py:463:  gcc -std=gnu11 -ggdb -gdwarf-4 -gstrict-dwarf -ffreestanding -fmacro-prefix-map=/builddir/build/BUILD/shim-16.1/= -fno-stack-protector -fno-strict-aliasing -fpic -fshort-wchar -nostdinc -Os -Wall -Wextra -Wno-missing-field-initializers -Wno-empty-body -Wno-implicit-fallthrough -Wno-old-style-declaration -Wno-unused-but-set-variable -Wno-unused-parameter -Werror -Wno-error=unused-but-set-variable -Wno-error=unused-parameter -I/builddir/build/BUILD/shim-16.1/Cryptlib/OpenSSL -I/builddir/build/BUILD/shim-16.1/Cryptlib -I/builddir/build/BUILD/shim-16.1/Cryptlib/OpenSSL/Include/ -I/builddir/build/BUILD/shim-16.1/Cryptlib/OpenSSL/crypto -I/builddir/build/BUILD/shim-16.1/Cryptlib/Include -I/builddir/build/BUILD/shim-16.1/gnu-efi/inc -I/builddir/build/BUILD/shim-16.1/gnu-efi/inc/aarch64 -I/builddir/build/BUILD/shim-16.1/gnu-efi/inc/protocol -I/builddir/build/BUILD/shim-16.1/Cryptlib/OpenSSL/crypto/asn1 -I/builddir/build/BUILD/shim-16.1/Cryptlib/OpenSSL/crypto/evp -I/builddir/build/BUILD/shim-16.1/Cryptlib/OpenSSL/crypto/modes -I/builddir/build/BUILD/shim-16.1/Cryptlib/OpenSSL/crypto/include -isystem /builddir/build/BUILD/shim-16.1/include/system -isystem /opt/rh/gcc-toolset-12/root/usr/lib/gcc/aarch64-redhat-linux/12/include -DL_ENDIAN -D_CRT_SECURE_NO_DEPRECATE -D_CRT_NONSTDC_NO_DEPRECATE -DOPENSSL_SMALL_FOOTPRINT -DPEDANTIC -DMDE_CPU_AARCH64   -c -o crypto/bio/bss_file.o /builddir/build/BUILD/shim-16.1/Cryptlib/OpenSSL/crypto/bio/bss_file.c
DEBUG util.py:463:  gcc -std=gnu11 -ggdb -gdwarf-4 -gstrict-dwarf -ffreestanding -fmacro-prefix-map=/builddir/build/BUILD/shim-16.1/= -fno-stack-protector -fno-strict-aliasing -fpic -fshort-wchar -nostdinc -Os -Wall -Wextra -Wno-missing-field-initializers -Wno-empty-body -Wno-implicit-fallthrough -Wno-old-style-declaration -Wno-unused-but-set-variable -Wno-unused-parameter -Werror -Wno-error=unused-but-set-variable -Wno-error=unused-parameter -I/builddir/build/BUILD/shim-16.1/Cryptlib/OpenSSL -I/builddir/build/BUILD/shim-16.1/Cryptlib -I/builddir/build/BUILD/shim-16.1/Cryptlib/OpenSSL/Include/ -I/builddir/build/BUILD/shim-16.1/Cryptlib/OpenSSL/crypto -I/builddir/build/BUILD/shim-16.1/Cryptlib/Include -I/builddir/build/BUILD/shim-16.1/gnu-efi/inc -I/builddir/build/BUILD/shim-16.1/gnu-efi/inc/aarch64 -I/builddir/build/BUILD/shim-16.1/gnu-efi/inc/protocol -I/builddir/build/BUILD/shim-16.1/Cryptlib/OpenSSL/crypto/asn1 -I/builddir/build/BUILD/shim-16.1/Cryptlib/OpenSSL/crypto/evp -I/builddir/build/BUILD/shim-16.1/Cryptlib/OpenSSL/crypto/modes -I/builddir/build/BUILD/shim-16.1/Cryptlib/OpenSSL/crypto/include -isystem /builddir/build/BUILD/shim-16.1/include/system -isystem /opt/rh/gcc-toolset-12/root/usr/lib/gcc/aarch64-redhat-linux/12/include -DL_ENDIAN -D_CRT_SECURE_NO_DEPRECATE -D_CRT_NONSTDC_NO_DEPRECATE -DOPENSSL_SMALL_FOOTPRINT -DPEDANTIC -DMDE_CPU_AARCH64   -c -o crypto/bio/bss_sock.o /builddir/build/BUILD/shim-16.1/Cryptlib/OpenSSL/crypto/bio/bss_sock.c
DEBUG util.py:463:  gcc -std=gnu11 -ggdb -gdwarf-4 -gstrict-dwarf -ffreestanding -fmacro-prefix-map=/builddir/build/BUILD/shim-16.1/= -fno-stack-protector -fno-strict-aliasing -fpic -fshort-wchar -nostdinc -Os -Wall -Wextra -Wno-missing-field-initializers -Wno-empty-body -Wno-implicit-fallthrough -Wno-old-style-declaration -Wno-unused-but-set-variable -Wno-unused-parameter -Werror -Wno-error=unused-but-set-variable -Wno-error=unused-parameter -I/builddir/build/BUILD/shim-16.1/Cryptlib/OpenSSL -I/builddir/build/BUILD/shim-16.1/Cryptlib -I/builddir/build/BUILD/shim-16.1/Cryptlib/OpenSSL/Include/ -I/builddir/build/BUILD/shim-16.1/Cryptlib/OpenSSL/crypto -I/builddir/build/BUILD/shim-16.1/Cryptlib/Include -I/builddir/build/BUILD/shim-16.1/gnu-efi/inc -I/builddir/build/BUILD/shim-16.1/gnu-efi/inc/aarch64 -I/builddir/build/BUILD/shim-16.1/gnu-efi/inc/protocol -I/builddir/build/BUILD/shim-16.1/Cryptlib/OpenSSL/crypto/asn1 -I/builddir/build/BUILD/shim-16.1/Cryptlib/OpenSSL/crypto/evp -I/builddir/build/BUILD/shim-16.1/Cryptlib/OpenSSL/crypto/modes -I/builddir/build/BUILD/shim-16.1/Cryptlib/OpenSSL/crypto/include -isystem /builddir/build/BUILD/shim-16.1/include/system -isystem /opt/rh/gcc-toolset-12/root/usr/lib/gcc/aarch64-redhat-linux/12/include -DL_ENDIAN -D_CRT_SECURE_NO_DEPRECATE -D_CRT_NONSTDC_NO_DEPRECATE -DOPENSSL_SMALL_FOOTPRINT -DPEDANTIC -DMDE_CPU_AARCH64   -c -o crypto/bio/bss_conn.o /builddir/build/BUILD/shim-16.1/Cryptlib/OpenSSL/crypto/bio/bss_conn.c
DEBUG util.py:463:  gcc -std=gnu11 -ggdb -gdwarf-4 -gstrict-dwarf -ffreestanding -fmacro-prefix-map=/builddir/build/BUILD/shim-16.1/= -fno-stack-protector -fno-strict-aliasing -fpic -fshort-wchar -nostdinc -Os -Wall -Wextra -Wno-missing-field-initializers -Wno-empty-body -Wno-implicit-fallthrough -Wno-old-style-declaration -Wno-unused-but-set-variable -Wno-unused-parameter -Werror -Wno-error=unused-but-set-variable -Wno-error=unused-parameter -I/builddir/build/BUILD/shim-16.1/Cryptlib/OpenSSL -I/builddir/build/BUILD/shim-16.1/Cryptlib -I/builddir/build/BUILD/shim-16.1/Cryptlib/OpenSSL/Include/ -I/builddir/build/BUILD/shim-16.1/Cryptlib/OpenSSL/crypto -I/builddir/build/BUILD/shim-16.1/Cryptlib/Include -I/builddir/build/BUILD/shim-16.1/gnu-efi/inc -I/builddir/build/BUILD/shim-16.1/gnu-efi/inc/aarch64 -I/builddir/build/BUILD/shim-16.1/gnu-efi/inc/protocol -I/builddir/build/BUILD/shim-16.1/Cryptlib/OpenSSL/crypto/asn1 -I/builddir/build/BUILD/shim-16.1/Cryptlib/OpenSSL/crypto/evp -I/builddir/build/BUILD/shim-16.1/Cryptlib/OpenSSL/crypto/modes -I/builddir/build/BUILD/shim-16.1/Cryptlib/OpenSSL/crypto/include -isystem /builddir/build/BUILD/shim-16.1/include/system -isystem /opt/rh/gcc-toolset-12/root/usr/lib/gcc/aarch64-redhat-linux/12/include -DL_ENDIAN -D_CRT_SECURE_NO_DEPRECATE -D_CRT_NONSTDC_NO_DEPRECATE -DOPENSSL_SMALL_FOOTPRINT -DPEDANTIC -DMDE_CPU_AARCH64   -c -o crypto/bio/bf_null.o /builddir/build/BUILD/shim-16.1/Cryptlib/OpenSSL/crypto/bio/bf_null.c
DEBUG util.py:463:  gcc -std=gnu11 -ggdb -gdwarf-4 -gstrict-dwarf -ffreestanding -fmacro-prefix-map=/builddir/build/BUILD/shim-16.1/= -fno-stack-protector -fno-strict-aliasing -fpic -fshort-wchar -nostdinc -Os -Wall -Wextra -Wno-missing-field-initializers -Wno-empty-body -Wno-implicit-fallthrough -Wno-old-style-declaration -Wno-unused-but-set-variable -Wno-unused-parameter -Werror -Wno-error=unused-but-set-variable -Wno-error=unused-parameter -I/builddir/build/BUILD/shim-16.1/Cryptlib/OpenSSL -I/builddir/build/BUILD/shim-16.1/Cryptlib -I/builddir/build/BUILD/shim-16.1/Cryptlib/OpenSSL/Include/ -I/builddir/build/BUILD/shim-16.1/Cryptlib/OpenSSL/crypto -I/builddir/build/BUILD/shim-16.1/Cryptlib/Include -I/builddir/build/BUILD/shim-16.1/gnu-efi/inc -I/builddir/build/BUILD/shim-16.1/gnu-efi/inc/aarch64 -I/builddir/build/BUILD/shim-16.1/gnu-efi/inc/protocol -I/builddir/build/BUILD/shim-16.1/Cryptlib/OpenSSL/crypto/asn1 -I/builddir/build/BUILD/shim-16.1/Cryptlib/OpenSSL/crypto/evp -I/builddir/build/BUILD/shim-16.1/Cryptlib/OpenSSL/crypto/modes -I/builddir/build/BUILD/shim-16.1/Cryptlib/OpenSSL/crypto/include -isystem /builddir/build/BUILD/shim-16.1/include/system -isystem /opt/rh/gcc-toolset-12/root/usr/lib/gcc/aarch64-redhat-linux/12/include -DL_ENDIAN -D_CRT_SECURE_NO_DEPRECATE -D_CRT_NONSTDC_NO_DEPRECATE -DOPENSSL_SMALL_FOOTPRINT -DPEDANTIC -DMDE_CPU_AARCH64   -c -o crypto/bio/bf_buff.o /builddir/build/BUILD/shim-16.1/Cryptlib/OpenSSL/crypto/bio/bf_buff.c
DEBUG util.py:463:  gcc -std=gnu11 -ggdb -gdwarf-4 -gstrict-dwarf -ffreestanding -fmacro-prefix-map=/builddir/build/BUILD/shim-16.1/= -fno-stack-protector -fno-strict-aliasing -fpic -fshort-wchar -nostdinc -Os -Wall -Wextra -Wno-missing-field-initializers -Wno-empty-body -Wno-implicit-fallthrough -Wno-old-style-declaration -Wno-unused-but-set-variable -Wno-unused-parameter -Werror -Wno-error=unused-but-set-variable -Wno-error=unused-parameter -I/builddir/build/BUILD/shim-16.1/Cryptlib/OpenSSL -I/builddir/build/BUILD/shim-16.1/Cryptlib -I/builddir/build/BUILD/shim-16.1/Cryptlib/OpenSSL/Include/ -I/builddir/build/BUILD/shim-16.1/Cryptlib/OpenSSL/crypto -I/builddir/build/BUILD/shim-16.1/Cryptlib/Include -I/builddir/build/BUILD/shim-16.1/gnu-efi/inc -I/builddir/build/BUILD/shim-16.1/gnu-efi/inc/aarch64 -I/builddir/build/BUILD/shim-16.1/gnu-efi/inc/protocol -I/builddir/build/BUILD/shim-16.1/Cryptlib/OpenSSL/crypto/asn1 -I/builddir/build/BUILD/shim-16.1/Cryptlib/OpenSSL/crypto/evp -I/builddir/build/BUILD/shim-16.1/Cryptlib/OpenSSL/crypto/modes -I/builddir/build/BUILD/shim-16.1/Cryptlib/OpenSSL/crypto/include -isystem /builddir/build/BUILD/shim-16.1/include/system -isystem /opt/rh/gcc-toolset-12/root/usr/lib/gcc/aarch64-redhat-linux/12/include -DL_ENDIAN -D_CRT_SECURE_NO_DEPRECATE -D_CRT_NONSTDC_NO_DEPRECATE -DOPENSSL_SMALL_FOOTPRINT -DPEDANTIC -DMDE_CPU_AARCH64   -c -o crypto/bio/b_dump.o /builddir/build/BUILD/shim-16.1/Cryptlib/OpenSSL/crypto/bio/b_dump.c
DEBUG util.py:463:  gcc -std=gnu11 -ggdb -gdwarf-4 -gstrict-dwarf -ffreestanding -fmacro-prefix-map=/builddir/build/BUILD/shim-16.1/= -fno-stack-protector -fno-strict-aliasing -fpic -fshort-wchar -nostdinc -Os -Wall -Wextra -Wno-missing-field-initializers -Wno-empty-body -Wno-implicit-fallthrough -Wno-old-style-declaration -Wno-unused-but-set-variable -Wno-unused-parameter -Werror -Wno-error=unused-but-set-variable -Wno-error=unused-parameter -I/builddir/build/BUILD/shim-16.1/Cryptlib/OpenSSL -I/builddir/build/BUILD/shim-16.1/Cryptlib -I/builddir/build/BUILD/shim-16.1/Cryptlib/OpenSSL/Include/ -I/builddir/build/BUILD/shim-16.1/Cryptlib/OpenSSL/crypto -I/builddir/build/BUILD/shim-16.1/Cryptlib/Include -I/builddir/build/BUILD/shim-16.1/gnu-efi/inc -I/builddir/build/BUILD/shim-16.1/gnu-efi/inc/aarch64 -I/builddir/build/BUILD/shim-16.1/gnu-efi/inc/protocol -I/builddir/build/BUILD/shim-16.1/Cryptlib/OpenSSL/crypto/asn1 -I/builddir/build/BUILD/shim-16.1/Cryptlib/OpenSSL/crypto/evp -I/builddir/build/BUILD/shim-16.1/Cryptlib/OpenSSL/crypto/modes -I/builddir/build/BUILD/shim-16.1/Cryptlib/OpenSSL/crypto/include -isystem /builddir/build/BUILD/shim-16.1/include/system -isystem /opt/rh/gcc-toolset-12/root/usr/lib/gcc/aarch64-redhat-linux/12/include -DL_ENDIAN -D_CRT_SECURE_NO_DEPRECATE -D_CRT_NONSTDC_NO_DEPRECATE -DOPENSSL_SMALL_FOOTPRINT -DPEDANTIC -DMDE_CPU_AARCH64   -c -o crypto/bio/b_print.o /builddir/build/BUILD/shim-16.1/Cryptlib/OpenSSL/crypto/bio/b_print.c
DEBUG util.py:463:  gcc -std=gnu11 -ggdb -gdwarf-4 -gstrict-dwarf -ffreestanding -fmacro-prefix-map=/builddir/build/BUILD/shim-16.1/= -fno-stack-protector -fno-strict-aliasing -fpic -fshort-wchar -nostdinc -Os -Wall -Wextra -Wno-missing-field-initializers -Wno-empty-body -Wno-implicit-fallthrough -Wno-old-style-declaration -Wno-unused-but-set-variable -Wno-unused-parameter -Werror -Wno-error=unused-but-set-variable -Wno-error=unused-parameter -I/builddir/build/BUILD/shim-16.1/Cryptlib/OpenSSL -I/builddir/build/BUILD/shim-16.1/Cryptlib -I/builddir/build/BUILD/shim-16.1/Cryptlib/OpenSSL/Include/ -I/builddir/build/BUILD/shim-16.1/Cryptlib/OpenSSL/crypto -I/builddir/build/BUILD/shim-16.1/Cryptlib/Include -I/builddir/build/BUILD/shim-16.1/gnu-efi/inc -I/builddir/build/BUILD/shim-16.1/gnu-efi/inc/aarch64 -I/builddir/build/BUILD/shim-16.1/gnu-efi/inc/protocol -I/builddir/build/BUILD/shim-16.1/Cryptlib/OpenSSL/crypto/asn1 -I/builddir/build/BUILD/shim-16.1/Cryptlib/OpenSSL/crypto/evp -I/builddir/build/BUILD/shim-16.1/Cryptlib/OpenSSL/crypto/modes -I/builddir/build/BUILD/shim-16.1/Cryptlib/OpenSSL/crypto/include -isystem /builddir/build/BUILD/shim-16.1/include/system -isystem /opt/rh/gcc-toolset-12/root/usr/lib/gcc/aarch64-redhat-linux/12/include -DL_ENDIAN -D_CRT_SECURE_NO_DEPRECATE -D_CRT_NONSTDC_NO_DEPRECATE -DOPENSSL_SMALL_FOOTPRINT -DPEDANTIC -DMDE_CPU_AARCH64   -c -o crypto/bio/b_sock.o /builddir/build/BUILD/shim-16.1/Cryptlib/OpenSSL/crypto/bio/b_sock.c
DEBUG util.py:463:  gcc -std=gnu11 -ggdb -gdwarf-4 -gstrict-dwarf -ffreestanding -fmacro-prefix-map=/builddir/build/BUILD/shim-16.1/= -fno-stack-protector -fno-strict-aliasing -fpic -fshort-wchar -nostdinc -Os -Wall -Wextra -Wno-missing-field-initializers -Wno-empty-body -Wno-implicit-fallthrough -Wno-old-style-declaration -Wno-unused-but-set-variable -Wno-unused-parameter -Werror -Wno-error=unused-but-set-variable -Wno-error=unused-parameter -I/builddir/build/BUILD/shim-16.1/Cryptlib/OpenSSL -I/builddir/build/BUILD/shim-16.1/Cryptlib -I/builddir/build/BUILD/shim-16.1/Cryptlib/OpenSSL/Include/ -I/builddir/build/BUILD/shim-16.1/Cryptlib/OpenSSL/crypto -I/builddir/build/BUILD/shim-16.1/Cryptlib/Include -I/builddir/build/BUILD/shim-16.1/gnu-efi/inc -I/builddir/build/BUILD/shim-16.1/gnu-efi/inc/aarch64 -I/builddir/build/BUILD/shim-16.1/gnu-efi/inc/protocol -I/builddir/build/BUILD/shim-16.1/Cryptlib/OpenSSL/crypto/asn1 -I/builddir/build/BUILD/shim-16.1/Cryptlib/OpenSSL/crypto/evp -I/builddir/build/BUILD/shim-16.1/Cryptlib/OpenSSL/crypto/modes -I/builddir/build/BUILD/shim-16.1/Cryptlib/OpenSSL/crypto/include -isystem /builddir/build/BUILD/shim-16.1/include/system -isystem /opt/rh/gcc-toolset-12/root/usr/lib/gcc/aarch64-redhat-linux/12/include -DL_ENDIAN -D_CRT_SECURE_NO_DEPRECATE -D_CRT_NONSTDC_NO_DEPRECATE -DOPENSSL_SMALL_FOOTPRINT -DPEDANTIC -DMDE_CPU_AARCH64   -c -o crypto/bio/bss_acpt.o /builddir/build/BUILD/shim-16.1/Cryptlib/OpenSSL/crypto/bio/bss_acpt.c
DEBUG util.py:463:  gcc -std=gnu11 -ggdb -gdwarf-4 -gstrict-dwarf -ffreestanding -fmacro-prefix-map=/builddir/build/BUILD/shim-16.1/= -fno-stack-protector -fno-strict-aliasing -fpic -fshort-wchar -nostdinc -Os -Wall -Wextra -Wno-missing-field-initializers -Wno-empty-body -Wno-implicit-fallthrough -Wno-old-style-declaration -Wno-unused-but-set-variable -Wno-unused-parameter -Werror -Wno-error=unused-but-set-variable -Wno-error=unused-parameter -I/builddir/build/BUILD/shim-16.1/Cryptlib/OpenSSL -I/builddir/build/BUILD/shim-16.1/Cryptlib -I/builddir/build/BUILD/shim-16.1/Cryptlib/OpenSSL/Include/ -I/builddir/build/BUILD/shim-16.1/Cryptlib/OpenSSL/crypto -I/builddir/build/BUILD/shim-16.1/Cryptlib/Include -I/builddir/build/BUILD/shim-16.1/gnu-efi/inc -I/builddir/build/BUILD/shim-16.1/gnu-efi/inc/aarch64 -I/builddir/build/BUILD/shim-16.1/gnu-efi/inc/protocol -I/builddir/build/BUILD/shim-16.1/Cryptlib/OpenSSL/crypto/asn1 -I/builddir/build/BUILD/shim-16.1/Cryptlib/OpenSSL/crypto/evp -I/builddir/build/BUILD/shim-16.1/Cryptlib/OpenSSL/crypto/modes -I/builddir/build/BUILD/shim-16.1/Cryptlib/OpenSSL/crypto/include -isystem /builddir/build/BUILD/shim-16.1/include/system -isystem /opt/rh/gcc-toolset-12/root/usr/lib/gcc/aarch64-redhat-linux/12/include -DL_ENDIAN -D_CRT_SECURE_NO_DEPRECATE -D_CRT_NONSTDC_NO_DEPRECATE -DOPENSSL_SMALL_FOOTPRINT -DPEDANTIC -DMDE_CPU_AARCH64   -c -o crypto/bio/bf_nbio.o /builddir/build/BUILD/shim-16.1/Cryptlib/OpenSSL/crypto/bio/bf_nbio.c
DEBUG util.py:463:  gcc -std=gnu11 -ggdb -gdwarf-4 -gstrict-dwarf -ffreestanding -fmacro-prefix-map=/builddir/build/BUILD/shim-16.1/= -fno-stack-protector -fno-strict-aliasing -fpic -fshort-wchar -nostdinc -Os -Wall -Wextra -Wno-missing-field-initializers -Wno-empty-body -Wno-implicit-fallthrough -Wno-old-style-declaration -Wno-unused-but-set-variable -Wno-unused-parameter -Werror -Wno-error=unused-but-set-variable -Wno-error=unused-parameter -I/builddir/build/BUILD/shim-16.1/Cryptlib/OpenSSL -I/builddir/build/BUILD/shim-16.1/Cryptlib -I/builddir/build/BUILD/shim-16.1/Cryptlib/OpenSSL/Include/ -I/builddir/build/BUILD/shim-16.1/Cryptlib/OpenSSL/crypto -I/builddir/build/BUILD/shim-16.1/Cryptlib/Include -I/builddir/build/BUILD/shim-16.1/gnu-efi/inc -I/builddir/build/BUILD/shim-16.1/gnu-efi/inc/aarch64 -I/builddir/build/BUILD/shim-16.1/gnu-efi/inc/protocol -I/builddir/build/BUILD/shim-16.1/Cryptlib/OpenSSL/crypto/asn1 -I/builddir/build/BUILD/shim-16.1/Cryptlib/OpenSSL/crypto/evp -I/builddir/build/BUILD/shim-16.1/Cryptlib/OpenSSL/crypto/modes -I/builddir/build/BUILD/shim-16.1/Cryptlib/OpenSSL/crypto/include -isystem /builddir/build/BUILD/shim-16.1/include/system -isystem /opt/rh/gcc-toolset-12/root/usr/lib/gcc/aarch64-redhat-linux/12/include -DL_ENDIAN -D_CRT_SECURE_NO_DEPRECATE -D_CRT_NONSTDC_NO_DEPRECATE -DOPENSSL_SMALL_FOOTPRINT -DPEDANTIC -DMDE_CPU_AARCH64   -c -o crypto/bio/bss_log.o /builddir/build/BUILD/shim-16.1/Cryptlib/OpenSSL/crypto/bio/bss_log.c
DEBUG util.py:463:  gcc -std=gnu11 -ggdb -gdwarf-4 -gstrict-dwarf -ffreestanding -fmacro-prefix-map=/builddir/build/BUILD/shim-16.1/= -fno-stack-protector -fno-strict-aliasing -fpic -fshort-wchar -nostdinc -Os -Wall -Wextra -Wno-missing-field-initializers -Wno-empty-body -Wno-implicit-fallthrough -Wno-old-style-declaration -Wno-unused-but-set-variable -Wno-unused-parameter -Werror -Wno-error=unused-but-set-variable -Wno-error=unused-parameter -I/builddir/build/BUILD/shim-16.1/Cryptlib/OpenSSL -I/builddir/build/BUILD/shim-16.1/Cryptlib -I/builddir/build/BUILD/shim-16.1/Cryptlib/OpenSSL/Include/ -I/builddir/build/BUILD/shim-16.1/Cryptlib/OpenSSL/crypto -I/builddir/build/BUILD/shim-16.1/Cryptlib/Include -I/builddir/build/BUILD/shim-16.1/gnu-efi/inc -I/builddir/build/BUILD/shim-16.1/gnu-efi/inc/aarch64 -I/builddir/build/BUILD/shim-16.1/gnu-efi/inc/protocol -I/builddir/build/BUILD/shim-16.1/Cryptlib/OpenSSL/crypto/asn1 -I/builddir/build/BUILD/shim-16.1/Cryptlib/OpenSSL/crypto/evp -I/builddir/build/BUILD/shim-16.1/Cryptlib/OpenSSL/crypto/modes -I/builddir/build/BUILD/shim-16.1/Cryptlib/OpenSSL/crypto/include -isystem /builddir/build/BUILD/shim-16.1/include/system -isystem /opt/rh/gcc-toolset-12/root/usr/lib/gcc/aarch64-redhat-linux/12/include -DL_ENDIAN -D_CRT_SECURE_NO_DEPRECATE -D_CRT_NONSTDC_NO_DEPRECATE -DOPENSSL_SMALL_FOOTPRINT -DPEDANTIC -DMDE_CPU_AARCH64   -c -o crypto/bio/bss_bio.o /builddir/build/BUILD/shim-16.1/Cryptlib/OpenSSL/crypto/bio/bss_bio.c
DEBUG util.py:463:  gcc -std=gnu11 -ggdb -gdwarf-4 -gstrict-dwarf -ffreestanding -fmacro-prefix-map=/builddir/build/BUILD/shim-16.1/= -fno-stack-protector -fno-strict-aliasing -fpic -fshort-wchar -nostdinc -Os -Wall -Wextra -Wno-missing-field-initializers -Wno-empty-body -Wno-implicit-fallthrough -Wno-old-style-declaration -Wno-unused-but-set-variable -Wno-unused-parameter -Werror -Wno-error=unused-but-set-variable -Wno-error=unused-parameter -I/builddir/build/BUILD/shim-16.1/Cryptlib/OpenSSL -I/builddir/build/BUILD/shim-16.1/Cryptlib -I/builddir/build/BUILD/shim-16.1/Cryptlib/OpenSSL/Include/ -I/builddir/build/BUILD/shim-16.1/Cryptlib/OpenSSL/crypto -I/builddir/build/BUILD/shim-16.1/Cryptlib/Include -I/builddir/build/BUILD/shim-16.1/gnu-efi/inc -I/builddir/build/BUILD/shim-16.1/gnu-efi/inc/aarch64 -I/builddir/build/BUILD/shim-16.1/gnu-efi/inc/protocol -I/builddir/build/BUILD/shim-16.1/Cryptlib/OpenSSL/crypto/asn1 -I/builddir/build/BUILD/shim-16.1/Cryptlib/OpenSSL/crypto/evp -I/builddir/build/BUILD/shim-16.1/Cryptlib/OpenSSL/crypto/modes -I/builddir/build/BUILD/shim-16.1/Cryptlib/OpenSSL/crypto/include -isystem /builddir/build/BUILD/shim-16.1/include/system -isystem /opt/rh/gcc-toolset-12/root/usr/lib/gcc/aarch64-redhat-linux/12/include -DL_ENDIAN -D_CRT_SECURE_NO_DEPRECATE -D_CRT_NONSTDC_NO_DEPRECATE -DOPENSSL_SMALL_FOOTPRINT -DPEDANTIC -DMDE_CPU_AARCH64   -c -o crypto/bio/bss_dgram.o /builddir/build/BUILD/shim-16.1/Cryptlib/OpenSSL/crypto/bio/bss_dgram.c
DEBUG util.py:463:  gcc -std=gnu11 -ggdb -gdwarf-4 -gstrict-dwarf -ffreestanding -fmacro-prefix-map=/builddir/build/BUILD/shim-16.1/= -fno-stack-protector -fno-strict-aliasing -fpic -fshort-wchar -nostdinc -Os -Wall -Wextra -Wno-missing-field-initializers -Wno-empty-body -Wno-implicit-fallthrough -Wno-old-style-declaration -Wno-unused-but-set-variable -Wno-unused-parameter -Werror -Wno-error=unused-but-set-variable -Wno-error=unused-parameter -I/builddir/build/BUILD/shim-16.1/Cryptlib/OpenSSL -I/builddir/build/BUILD/shim-16.1/Cryptlib -I/builddir/build/BUILD/shim-16.1/Cryptlib/OpenSSL/Include/ -I/builddir/build/BUILD/shim-16.1/Cryptlib/OpenSSL/crypto -I/builddir/build/BUILD/shim-16.1/Cryptlib/Include -I/builddir/build/BUILD/shim-16.1/gnu-efi/inc -I/builddir/build/BUILD/shim-16.1/gnu-efi/inc/aarch64 -I/builddir/build/BUILD/shim-16.1/gnu-efi/inc/protocol -I/builddir/build/BUILD/shim-16.1/Cryptlib/OpenSSL/crypto/asn1 -I/builddir/build/BUILD/shim-16.1/Cryptlib/OpenSSL/crypto/evp -I/builddir/build/BUILD/shim-16.1/Cryptlib/OpenSSL/crypto/modes -I/builddir/build/BUILD/shim-16.1/Cryptlib/OpenSSL/crypto/include -isystem /builddir/build/BUILD/shim-16.1/include/system -isystem /opt/rh/gcc-toolset-12/root/usr/lib/gcc/aarch64-redhat-linux/12/include -DL_ENDIAN -D_CRT_SECURE_NO_DEPRECATE -D_CRT_NONSTDC_NO_DEPRECATE -DOPENSSL_SMALL_FOOTPRINT -DPEDANTIC -DMDE_CPU_AARCH64   -c -o crypto/stack/stack.o /builddir/build/BUILD/shim-16.1/Cryptlib/OpenSSL/crypto/stack/stack.c
DEBUG util.py:463:  gcc -std=gnu11 -ggdb -gdwarf-4 -gstrict-dwarf -ffreestanding -fmacro-prefix-map=/builddir/build/BUILD/shim-16.1/= -fno-stack-protector -fno-strict-aliasing -fpic -fshort-wchar -nostdinc -Os -Wall -Wextra -Wno-missing-field-initializers -Wno-empty-body -Wno-implicit-fallthrough -Wno-old-style-declaration -Wno-unused-but-set-variable -Wno-unused-parameter -Werror -Wno-error=unused-but-set-variable -Wno-error=unused-parameter -I/builddir/build/BUILD/shim-16.1/Cryptlib/OpenSSL -I/builddir/build/BUILD/shim-16.1/Cryptlib -I/builddir/build/BUILD/shim-16.1/Cryptlib/OpenSSL/Include/ -I/builddir/build/BUILD/shim-16.1/Cryptlib/OpenSSL/crypto -I/builddir/build/BUILD/shim-16.1/Cryptlib/Include -I/builddir/build/BUILD/shim-16.1/gnu-efi/inc -I/builddir/build/BUILD/shim-16.1/gnu-efi/inc/aarch64 -I/builddir/build/BUILD/shim-16.1/gnu-efi/inc/protocol -I/builddir/build/BUILD/shim-16.1/Cryptlib/OpenSSL/crypto/asn1 -I/builddir/build/BUILD/shim-16.1/Cryptlib/OpenSSL/crypto/evp -I/builddir/build/BUILD/shim-16.1/Cryptlib/OpenSSL/crypto/modes -I/builddir/build/BUILD/shim-16.1/Cryptlib/OpenSSL/crypto/include -isystem /builddir/build/BUILD/shim-16.1/include/system -isystem /opt/rh/gcc-toolset-12/root/usr/lib/gcc/aarch64-redhat-linux/12/include -DL_ENDIAN -D_CRT_SECURE_NO_DEPRECATE -D_CRT_NONSTDC_NO_DEPRECATE -DOPENSSL_SMALL_FOOTPRINT -DPEDANTIC -DMDE_CPU_AARCH64   -c -o crypto/lhash/lhash.o /builddir/build/BUILD/shim-16.1/Cryptlib/OpenSSL/crypto/lhash/lhash.c
DEBUG util.py:463:  gcc -std=gnu11 -ggdb -gdwarf-4 -gstrict-dwarf -ffreestanding -fmacro-prefix-map=/builddir/build/BUILD/shim-16.1/= -fno-stack-protector -fno-strict-aliasing -fpic -fshort-wchar -nostdinc -Os -Wall -Wextra -Wno-missing-field-initializers -Wno-empty-body -Wno-implicit-fallthrough -Wno-old-style-declaration -Wno-unused-but-set-variable -Wno-unused-parameter -Werror -Wno-error=unused-but-set-variable -Wno-error=unused-parameter -I/builddir/build/BUILD/shim-16.1/Cryptlib/OpenSSL -I/builddir/build/BUILD/shim-16.1/Cryptlib -I/builddir/build/BUILD/shim-16.1/Cryptlib/OpenSSL/Include/ -I/builddir/build/BUILD/shim-16.1/Cryptlib/OpenSSL/crypto -I/builddir/build/BUILD/shim-16.1/Cryptlib/Include -I/builddir/build/BUILD/shim-16.1/gnu-efi/inc -I/builddir/build/BUILD/shim-16.1/gnu-efi/inc/aarch64 -I/builddir/build/BUILD/shim-16.1/gnu-efi/inc/protocol -I/builddir/build/BUILD/shim-16.1/Cryptlib/OpenSSL/crypto/asn1 -I/builddir/build/BUILD/shim-16.1/Cryptlib/OpenSSL/crypto/evp -I/builddir/build/BUILD/shim-16.1/Cryptlib/OpenSSL/crypto/modes -I/builddir/build/BUILD/shim-16.1/Cryptlib/OpenSSL/crypto/include -isystem /builddir/build/BUILD/shim-16.1/include/system -isystem /opt/rh/gcc-toolset-12/root/usr/lib/gcc/aarch64-redhat-linux/12/include -DL_ENDIAN -D_CRT_SECURE_NO_DEPRECATE -D_CRT_NONSTDC_NO_DEPRECATE -DOPENSSL_SMALL_FOOTPRINT -DPEDANTIC -DMDE_CPU_AARCH64   -c -o crypto/lhash/lh_stats.o /builddir/build/BUILD/shim-16.1/Cryptlib/OpenSSL/crypto/lhash/lh_stats.c
DEBUG util.py:463:  gcc -std=gnu11 -ggdb -gdwarf-4 -gstrict-dwarf -ffreestanding -fmacro-prefix-map=/builddir/build/BUILD/shim-16.1/= -fno-stack-protector -fno-strict-aliasing -fpic -fshort-wchar -nostdinc -Os -Wall -Wextra -Wno-missing-field-initializers -Wno-empty-body -Wno-implicit-fallthrough -Wno-old-style-declaration -Wno-unused-but-set-variable -Wno-unused-parameter -Werror -Wno-error=unused-but-set-variable -Wno-error=unused-parameter -I/builddir/build/BUILD/shim-16.1/Cryptlib/OpenSSL -I/builddir/build/BUILD/shim-16.1/Cryptlib -I/builddir/build/BUILD/shim-16.1/Cryptlib/OpenSSL/Include/ -I/builddir/build/BUILD/shim-16.1/Cryptlib/OpenSSL/crypto -I/builddir/build/BUILD/shim-16.1/Cryptlib/Include -I/builddir/build/BUILD/shim-16.1/gnu-efi/inc -I/builddir/build/BUILD/shim-16.1/gnu-efi/inc/aarch64 -I/builddir/build/BUILD/shim-16.1/gnu-efi/inc/protocol -I/builddir/build/BUILD/shim-16.1/Cryptlib/OpenSSL/crypto/asn1 -I/builddir/build/BUILD/shim-16.1/Cryptlib/OpenSSL/crypto/evp -I/builddir/build/BUILD/shim-16.1/Cryptlib/OpenSSL/crypto/modes -I/builddir/build/BUILD/shim-16.1/Cryptlib/OpenSSL/crypto/include -isystem /builddir/build/BUILD/shim-16.1/include/system -isystem /opt/rh/gcc-toolset-12/root/usr/lib/gcc/aarch64-redhat-linux/12/include -DL_ENDIAN -D_CRT_SECURE_NO_DEPRECATE -D_CRT_NONSTDC_NO_DEPRECATE -DOPENSSL_SMALL_FOOTPRINT -DPEDANTIC -DMDE_CPU_AARCH64   -c -o crypto/rand/md_rand.o /builddir/build/BUILD/shim-16.1/Cryptlib/OpenSSL/crypto/rand/md_rand.c
DEBUG util.py:463:  gcc -std=gnu11 -ggdb -gdwarf-4 -gstrict-dwarf -ffreestanding -fmacro-prefix-map=/builddir/build/BUILD/shim-16.1/= -fno-stack-protector -fno-strict-aliasing -fpic -fshort-wchar -nostdinc -Os -Wall -Wextra -Wno-missing-field-initializers -Wno-empty-body -Wno-implicit-fallthrough -Wno-old-style-declaration -Wno-unused-but-set-variable -Wno-unused-parameter -Werror -Wno-error=unused-but-set-variable -Wno-error=unused-parameter -I/builddir/build/BUILD/shim-16.1/Cryptlib/OpenSSL -I/builddir/build/BUILD/shim-16.1/Cryptlib -I/builddir/build/BUILD/shim-16.1/Cryptlib/OpenSSL/Include/ -I/builddir/build/BUILD/shim-16.1/Cryptlib/OpenSSL/crypto -I/builddir/build/BUILD/shim-16.1/Cryptlib/Include -I/builddir/build/BUILD/shim-16.1/gnu-efi/inc -I/builddir/build/BUILD/shim-16.1/gnu-efi/inc/aarch64 -I/builddir/build/BUILD/shim-16.1/gnu-efi/inc/protocol -I/builddir/build/BUILD/shim-16.1/Cryptlib/OpenSSL/crypto/asn1 -I/builddir/build/BUILD/shim-16.1/Cryptlib/OpenSSL/crypto/evp -I/builddir/build/BUILD/shim-16.1/Cryptlib/OpenSSL/crypto/modes -I/builddir/build/BUILD/shim-16.1/Cryptlib/OpenSSL/crypto/include -isystem /builddir/build/BUILD/shim-16.1/include/system -isystem /opt/rh/gcc-toolset-12/root/usr/lib/gcc/aarch64-redhat-linux/12/include -DL_ENDIAN -D_CRT_SECURE_NO_DEPRECATE -D_CRT_NONSTDC_NO_DEPRECATE -DOPENSSL_SMALL_FOOTPRINT -DPEDANTIC -DMDE_CPU_AARCH64   -c -o crypto/rand/randfile.o /builddir/build/BUILD/shim-16.1/Cryptlib/OpenSSL/crypto/rand/randfile.c
DEBUG util.py:463:  gcc -std=gnu11 -ggdb -gdwarf-4 -gstrict-dwarf -ffreestanding -fmacro-prefix-map=/builddir/build/BUILD/shim-16.1/= -fno-stack-protector -fno-strict-aliasing -fpic -fshort-wchar -nostdinc -Os -Wall -Wextra -Wno-missing-field-initializers -Wno-empty-body -Wno-implicit-fallthrough -Wno-old-style-declaration -Wno-unused-but-set-variable -Wno-unused-parameter -Werror -Wno-error=unused-but-set-variable -Wno-error=unused-parameter -I/builddir/build/BUILD/shim-16.1/Cryptlib/OpenSSL -I/builddir/build/BUILD/shim-16.1/Cryptlib -I/builddir/build/BUILD/shim-16.1/Cryptlib/OpenSSL/Include/ -I/builddir/build/BUILD/shim-16.1/Cryptlib/OpenSSL/crypto -I/builddir/build/BUILD/shim-16.1/Cryptlib/Include -I/builddir/build/BUILD/shim-16.1/gnu-efi/inc -I/builddir/build/BUILD/shim-16.1/gnu-efi/inc/aarch64 -I/builddir/build/BUILD/shim-16.1/gnu-efi/inc/protocol -I/builddir/build/BUILD/shim-16.1/Cryptlib/OpenSSL/crypto/asn1 -I/builddir/build/BUILD/shim-16.1/Cryptlib/OpenSSL/crypto/evp -I/builddir/build/BUILD/shim-16.1/Cryptlib/OpenSSL/crypto/modes -I/builddir/build/BUILD/shim-16.1/Cryptlib/OpenSSL/crypto/include -isystem /builddir/build/BUILD/shim-16.1/include/system -isystem /opt/rh/gcc-toolset-12/root/usr/lib/gcc/aarch64-redhat-linux/12/include -DL_ENDIAN -D_CRT_SECURE_NO_DEPRECATE -D_CRT_NONSTDC_NO_DEPRECATE -DOPENSSL_SMALL_FOOTPRINT -DPEDANTIC -DMDE_CPU_AARCH64   -c -o crypto/rand/rand_lib.o /builddir/build/BUILD/shim-16.1/Cryptlib/OpenSSL/crypto/rand/rand_lib.c
DEBUG util.py:463:  gcc -std=gnu11 -ggdb -gdwarf-4 -gstrict-dwarf -ffreestanding -fmacro-prefix-map=/builddir/build/BUILD/shim-16.1/= -fno-stack-protector -fno-strict-aliasing -fpic -fshort-wchar -nostdinc -Os -Wall -Wextra -Wno-missing-field-initializers -Wno-empty-body -Wno-implicit-fallthrough -Wno-old-style-declaration -Wno-unused-but-set-variable -Wno-unused-parameter -Werror -Wno-error=unused-but-set-variable -Wno-error=unused-parameter -I/builddir/build/BUILD/shim-16.1/Cryptlib/OpenSSL -I/builddir/build/BUILD/shim-16.1/Cryptlib -I/builddir/build/BUILD/shim-16.1/Cryptlib/OpenSSL/Include/ -I/builddir/build/BUILD/shim-16.1/Cryptlib/OpenSSL/crypto -I/builddir/build/BUILD/shim-16.1/Cryptlib/Include -I/builddir/build/BUILD/shim-16.1/gnu-efi/inc -I/builddir/build/BUILD/shim-16.1/gnu-efi/inc/aarch64 -I/builddir/build/BUILD/shim-16.1/gnu-efi/inc/protocol -I/builddir/build/BUILD/shim-16.1/Cryptlib/OpenSSL/crypto/asn1 -I/builddir/build/BUILD/shim-16.1/Cryptlib/OpenSSL/crypto/evp -I/builddir/build/BUILD/shim-16.1/Cryptlib/OpenSSL/crypto/modes -I/builddir/build/BUILD/shim-16.1/Cryptlib/OpenSSL/crypto/include -isystem /builddir/build/BUILD/shim-16.1/include/system -isystem /opt/rh/gcc-toolset-12/root/usr/lib/gcc/aarch64-redhat-linux/12/include -DL_ENDIAN -D_CRT_SECURE_NO_DEPRECATE -D_CRT_NONSTDC_NO_DEPRECATE -DOPENSSL_SMALL_FOOTPRINT -DPEDANTIC -DMDE_CPU_AARCH64   -c -o crypto/rand/rand_err.o /builddir/build/BUILD/shim-16.1/Cryptlib/OpenSSL/crypto/rand/rand_err.c
DEBUG util.py:463:  gcc -std=gnu11 -ggdb -gdwarf-4 -gstrict-dwarf -ffreestanding -fmacro-prefix-map=/builddir/build/BUILD/shim-16.1/= -fno-stack-protector -fno-strict-aliasing -fpic -fshort-wchar -nostdinc -Os -Wall -Wextra -Wno-missing-field-initializers -Wno-empty-body -Wno-implicit-fallthrough -Wno-old-style-declaration -Wno-unused-but-set-variable -Wno-unused-parameter -Werror -Wno-error=unused-but-set-variable -Wno-error=unused-parameter -I/builddir/build/BUILD/shim-16.1/Cryptlib/OpenSSL -I/builddir/build/BUILD/shim-16.1/Cryptlib -I/builddir/build/BUILD/shim-16.1/Cryptlib/OpenSSL/Include/ -I/builddir/build/BUILD/shim-16.1/Cryptlib/OpenSSL/crypto -I/builddir/build/BUILD/shim-16.1/Cryptlib/Include -I/builddir/build/BUILD/shim-16.1/gnu-efi/inc -I/builddir/build/BUILD/shim-16.1/gnu-efi/inc/aarch64 -I/builddir/build/BUILD/shim-16.1/gnu-efi/inc/protocol -I/builddir/build/BUILD/shim-16.1/Cryptlib/OpenSSL/crypto/asn1 -I/builddir/build/BUILD/shim-16.1/Cryptlib/OpenSSL/crypto/evp -I/builddir/build/BUILD/shim-16.1/Cryptlib/OpenSSL/crypto/modes -I/builddir/build/BUILD/shim-16.1/Cryptlib/OpenSSL/crypto/include -isystem /builddir/build/BUILD/shim-16.1/include/system -isystem /opt/rh/gcc-toolset-12/root/usr/lib/gcc/aarch64-redhat-linux/12/include -DL_ENDIAN -D_CRT_SECURE_NO_DEPRECATE -D_CRT_NONSTDC_NO_DEPRECATE -DOPENSSL_SMALL_FOOTPRINT -DPEDANTIC -DMDE_CPU_AARCH64   -c -o crypto/rand/rand_unix.o /builddir/build/BUILD/shim-16.1/Cryptlib/OpenSSL/crypto/rand/rand_unix.c
DEBUG util.py:463:  gcc -std=gnu11 -ggdb -gdwarf-4 -gstrict-dwarf -ffreestanding -fmacro-prefix-map=/builddir/build/BUILD/shim-16.1/= -fno-stack-protector -fno-strict-aliasing -fpic -fshort-wchar -nostdinc -Os -Wall -Wextra -Wno-missing-field-initializers -Wno-empty-body -Wno-implicit-fallthrough -Wno-old-style-declaration -Wno-unused-but-set-variable -Wno-unused-parameter -Werror -Wno-error=unused-but-set-variable -Wno-error=unused-parameter -I/builddir/build/BUILD/shim-16.1/Cryptlib/OpenSSL -I/builddir/build/BUILD/shim-16.1/Cryptlib -I/builddir/build/BUILD/shim-16.1/Cryptlib/OpenSSL/Include/ -I/builddir/build/BUILD/shim-16.1/Cryptlib/OpenSSL/crypto -I/builddir/build/BUILD/shim-16.1/Cryptlib/Include -I/builddir/build/BUILD/shim-16.1/gnu-efi/inc -I/builddir/build/BUILD/shim-16.1/gnu-efi/inc/aarch64 -I/builddir/build/BUILD/shim-16.1/gnu-efi/inc/protocol -I/builddir/build/BUILD/shim-16.1/Cryptlib/OpenSSL/crypto/asn1 -I/builddir/build/BUILD/shim-16.1/Cryptlib/OpenSSL/crypto/evp -I/builddir/build/BUILD/shim-16.1/Cryptlib/OpenSSL/crypto/modes -I/builddir/build/BUILD/shim-16.1/Cryptlib/OpenSSL/crypto/include -isystem /builddir/build/BUILD/shim-16.1/include/system -isystem /opt/rh/gcc-toolset-12/root/usr/lib/gcc/aarch64-redhat-linux/12/include -DL_ENDIAN -D_CRT_SECURE_NO_DEPRECATE -D_CRT_NONSTDC_NO_DEPRECATE -DOPENSSL_SMALL_FOOTPRINT -DPEDANTIC -DMDE_CPU_AARCH64   -c -o crypto/err/err.o /builddir/build/BUILD/shim-16.1/Cryptlib/OpenSSL/crypto/err/err.c
DEBUG util.py:463:  gcc -std=gnu11 -ggdb -gdwarf-4 -gstrict-dwarf -ffreestanding -fmacro-prefix-map=/builddir/build/BUILD/shim-16.1/= -fno-stack-protector -fno-strict-aliasing -fpic -fshort-wchar -nostdinc -Os -Wall -Wextra -Wno-missing-field-initializers -Wno-empty-body -Wno-implicit-fallthrough -Wno-old-style-declaration -Wno-unused-but-set-variable -Wno-unused-parameter -Werror -Wno-error=unused-but-set-variable -Wno-error=unused-parameter -I/builddir/build/BUILD/shim-16.1/Cryptlib/OpenSSL -I/builddir/build/BUILD/shim-16.1/Cryptlib -I/builddir/build/BUILD/shim-16.1/Cryptlib/OpenSSL/Include/ -I/builddir/build/BUILD/shim-16.1/Cryptlib/OpenSSL/crypto -I/builddir/build/BUILD/shim-16.1/Cryptlib/Include -I/builddir/build/BUILD/shim-16.1/gnu-efi/inc -I/builddir/build/BUILD/shim-16.1/gnu-efi/inc/aarch64 -I/builddir/build/BUILD/shim-16.1/gnu-efi/inc/protocol -I/builddir/build/BUILD/shim-16.1/Cryptlib/OpenSSL/crypto/asn1 -I/builddir/build/BUILD/shim-16.1/Cryptlib/OpenSSL/crypto/evp -I/builddir/build/BUILD/shim-16.1/Cryptlib/OpenSSL/crypto/modes -I/builddir/build/BUILD/shim-16.1/Cryptlib/OpenSSL/crypto/include -isystem /builddir/build/BUILD/shim-16.1/include/system -isystem /opt/rh/gcc-toolset-12/root/usr/lib/gcc/aarch64-redhat-linux/12/include -DL_ENDIAN -D_CRT_SECURE_NO_DEPRECATE -D_CRT_NONSTDC_NO_DEPRECATE -DOPENSSL_SMALL_FOOTPRINT -DPEDANTIC -DMDE_CPU_AARCH64   -c -o crypto/err/err_all.o /builddir/build/BUILD/shim-16.1/Cryptlib/OpenSSL/crypto/err/err_all.c
DEBUG util.py:463:  gcc -std=gnu11 -ggdb -gdwarf-4 -gstrict-dwarf -ffreestanding -fmacro-prefix-map=/builddir/build/BUILD/shim-16.1/= -fno-stack-protector -fno-strict-aliasing -fpic -fshort-wchar -nostdinc -Os -Wall -Wextra -Wno-missing-field-initializers -Wno-empty-body -Wno-implicit-fallthrough -Wno-old-style-declaration -Wno-unused-but-set-variable -Wno-unused-parameter -Werror -Wno-error=unused-but-set-variable -Wno-error=unused-parameter -I/builddir/build/BUILD/shim-16.1/Cryptlib/OpenSSL -I/builddir/build/BUILD/shim-16.1/Cryptlib -I/builddir/build/BUILD/shim-16.1/Cryptlib/OpenSSL/Include/ -I/builddir/build/BUILD/shim-16.1/Cryptlib/OpenSSL/crypto -I/builddir/build/BUILD/shim-16.1/Cryptlib/Include -I/builddir/build/BUILD/shim-16.1/gnu-efi/inc -I/builddir/build/BUILD/shim-16.1/gnu-efi/inc/aarch64 -I/builddir/build/BUILD/shim-16.1/gnu-efi/inc/protocol -I/builddir/build/BUILD/shim-16.1/Cryptlib/OpenSSL/crypto/asn1 -I/builddir/build/BUILD/shim-16.1/Cryptlib/OpenSSL/crypto/evp -I/builddir/build/BUILD/shim-16.1/Cryptlib/OpenSSL/crypto/modes -I/builddir/build/BUILD/shim-16.1/Cryptlib/OpenSSL/crypto/include -isystem /builddir/build/BUILD/shim-16.1/include/system -isystem /opt/rh/gcc-toolset-12/root/usr/lib/gcc/aarch64-redhat-linux/12/include -DL_ENDIAN -D_CRT_SECURE_NO_DEPRECATE -D_CRT_NONSTDC_NO_DEPRECATE -DOPENSSL_SMALL_FOOTPRINT -DPEDANTIC -DMDE_CPU_AARCH64   -c -o crypto/err/err_prn.o /builddir/build/BUILD/shim-16.1/Cryptlib/OpenSSL/crypto/err/err_prn.c
DEBUG util.py:463:  gcc -std=gnu11 -ggdb -gdwarf-4 -gstrict-dwarf -ffreestanding -fmacro-prefix-map=/builddir/build/BUILD/shim-16.1/= -fno-stack-protector -fno-strict-aliasing -fpic -fshort-wchar -nostdinc -Os -Wall -Wextra -Wno-missing-field-initializers -Wno-empty-body -Wno-implicit-fallthrough -Wno-old-style-declaration -Wno-unused-but-set-variable -Wno-unused-parameter -Werror -Wno-error=unused-but-set-variable -Wno-error=unused-parameter -I/builddir/build/BUILD/shim-16.1/Cryptlib/OpenSSL -I/builddir/build/BUILD/shim-16.1/Cryptlib -I/builddir/build/BUILD/shim-16.1/Cryptlib/OpenSSL/Include/ -I/builddir/build/BUILD/shim-16.1/Cryptlib/OpenSSL/crypto -I/builddir/build/BUILD/shim-16.1/Cryptlib/Include -I/builddir/build/BUILD/shim-16.1/gnu-efi/inc -I/builddir/build/BUILD/shim-16.1/gnu-efi/inc/aarch64 -I/builddir/build/BUILD/shim-16.1/gnu-efi/inc/protocol -I/builddir/build/BUILD/shim-16.1/Cryptlib/OpenSSL/crypto/asn1 -I/builddir/build/BUILD/shim-16.1/Cryptlib/OpenSSL/crypto/evp -I/builddir/build/BUILD/shim-16.1/Cryptlib/OpenSSL/crypto/modes -I/builddir/build/BUILD/shim-16.1/Cryptlib/OpenSSL/crypto/include -isystem /builddir/build/BUILD/shim-16.1/include/system -isystem /opt/rh/gcc-toolset-12/root/usr/lib/gcc/aarch64-redhat-linux/12/include -DL_ENDIAN -D_CRT_SECURE_NO_DEPRECATE -D_CRT_NONSTDC_NO_DEPRECATE -DOPENSSL_SMALL_FOOTPRINT -DPEDANTIC -DMDE_CPU_AARCH64   -c -o crypto/objects/o_names.o /builddir/build/BUILD/shim-16.1/Cryptlib/OpenSSL/crypto/objects/o_names.c
DEBUG util.py:463:  gcc -std=gnu11 -ggdb -gdwarf-4 -gstrict-dwarf -ffreestanding -fmacro-prefix-map=/builddir/build/BUILD/shim-16.1/= -fno-stack-protector -fno-strict-aliasing -fpic -fshort-wchar -nostdinc -Os -Wall -Wextra -Wno-missing-field-initializers -Wno-empty-body -Wno-implicit-fallthrough -Wno-old-style-declaration -Wno-unused-but-set-variable -Wno-unused-parameter -Werror -Wno-error=unused-but-set-variable -Wno-error=unused-parameter -I/builddir/build/BUILD/shim-16.1/Cryptlib/OpenSSL -I/builddir/build/BUILD/shim-16.1/Cryptlib -I/builddir/build/BUILD/shim-16.1/Cryptlib/OpenSSL/Include/ -I/builddir/build/BUILD/shim-16.1/Cryptlib/OpenSSL/crypto -I/builddir/build/BUILD/shim-16.1/Cryptlib/Include -I/builddir/build/BUILD/shim-16.1/gnu-efi/inc -I/builddir/build/BUILD/shim-16.1/gnu-efi/inc/aarch64 -I/builddir/build/BUILD/shim-16.1/gnu-efi/inc/protocol -I/builddir/build/BUILD/shim-16.1/Cryptlib/OpenSSL/crypto/asn1 -I/builddir/build/BUILD/shim-16.1/Cryptlib/OpenSSL/crypto/evp -I/builddir/build/BUILD/shim-16.1/Cryptlib/OpenSSL/crypto/modes -I/builddir/build/BUILD/shim-16.1/Cryptlib/OpenSSL/crypto/include -isystem /builddir/build/BUILD/shim-16.1/include/system -isystem /opt/rh/gcc-toolset-12/root/usr/lib/gcc/aarch64-redhat-linux/12/include -DL_ENDIAN -D_CRT_SECURE_NO_DEPRECATE -D_CRT_NONSTDC_NO_DEPRECATE -DOPENSSL_SMALL_FOOTPRINT -DPEDANTIC -DMDE_CPU_AARCH64   -c -o crypto/objects/obj_dat.o /builddir/build/BUILD/shim-16.1/Cryptlib/OpenSSL/crypto/objects/obj_dat.c
DEBUG util.py:463:  gcc -std=gnu11 -ggdb -gdwarf-4 -gstrict-dwarf -ffreestanding -fmacro-prefix-map=/builddir/build/BUILD/shim-16.1/= -fno-stack-protector -fno-strict-aliasing -fpic -fshort-wchar -nostdinc -Os -Wall -Wextra -Wno-missing-field-initializers -Wno-empty-body -Wno-implicit-fallthrough -Wno-old-style-declaration -Wno-unused-but-set-variable -Wno-unused-parameter -Werror -Wno-error=unused-but-set-variable -Wno-error=unused-parameter -I/builddir/build/BUILD/shim-16.1/Cryptlib/OpenSSL -I/builddir/build/BUILD/shim-16.1/Cryptlib -I/builddir/build/BUILD/shim-16.1/Cryptlib/OpenSSL/Include/ -I/builddir/build/BUILD/shim-16.1/Cryptlib/OpenSSL/crypto -I/builddir/build/BUILD/shim-16.1/Cryptlib/Include -I/builddir/build/BUILD/shim-16.1/gnu-efi/inc -I/builddir/build/BUILD/shim-16.1/gnu-efi/inc/aarch64 -I/builddir/build/BUILD/shim-16.1/gnu-efi/inc/protocol -I/builddir/build/BUILD/shim-16.1/Cryptlib/OpenSSL/crypto/asn1 -I/builddir/build/BUILD/shim-16.1/Cryptlib/OpenSSL/crypto/evp -I/builddir/build/BUILD/shim-16.1/Cryptlib/OpenSSL/crypto/modes -I/builddir/build/BUILD/shim-16.1/Cryptlib/OpenSSL/crypto/include -isystem /builddir/build/BUILD/shim-16.1/include/system -isystem /opt/rh/gcc-toolset-12/root/usr/lib/gcc/aarch64-redhat-linux/12/include -DL_ENDIAN -D_CRT_SECURE_NO_DEPRECATE -D_CRT_NONSTDC_NO_DEPRECATE -DOPENSSL_SMALL_FOOTPRINT -DPEDANTIC -DMDE_CPU_AARCH64   -c -o crypto/objects/obj_lib.o /builddir/build/BUILD/shim-16.1/Cryptlib/OpenSSL/crypto/objects/obj_lib.c
DEBUG util.py:463:  gcc -std=gnu11 -ggdb -gdwarf-4 -gstrict-dwarf -ffreestanding -fmacro-prefix-map=/builddir/build/BUILD/shim-16.1/= -fno-stack-protector -fno-strict-aliasing -fpic -fshort-wchar -nostdinc -Os -Wall -Wextra -Wno-missing-field-initializers -Wno-empty-body -Wno-implicit-fallthrough -Wno-old-style-declaration -Wno-unused-but-set-variable -Wno-unused-parameter -Werror -Wno-error=unused-but-set-variable -Wno-error=unused-parameter -I/builddir/build/BUILD/shim-16.1/Cryptlib/OpenSSL -I/builddir/build/BUILD/shim-16.1/Cryptlib -I/builddir/build/BUILD/shim-16.1/Cryptlib/OpenSSL/Include/ -I/builddir/build/BUILD/shim-16.1/Cryptlib/OpenSSL/crypto -I/builddir/build/BUILD/shim-16.1/Cryptlib/Include -I/builddir/build/BUILD/shim-16.1/gnu-efi/inc -I/builddir/build/BUILD/shim-16.1/gnu-efi/inc/aarch64 -I/builddir/build/BUILD/shim-16.1/gnu-efi/inc/protocol -I/builddir/build/BUILD/shim-16.1/Cryptlib/OpenSSL/crypto/asn1 -I/builddir/build/BUILD/shim-16.1/Cryptlib/OpenSSL/crypto/evp -I/builddir/build/BUILD/shim-16.1/Cryptlib/OpenSSL/crypto/modes -I/builddir/build/BUILD/shim-16.1/Cryptlib/OpenSSL/crypto/include -isystem /builddir/build/BUILD/shim-16.1/include/system -isystem /opt/rh/gcc-toolset-12/root/usr/lib/gcc/aarch64-redhat-linux/12/include -DL_ENDIAN -D_CRT_SECURE_NO_DEPRECATE -D_CRT_NONSTDC_NO_DEPRECATE -DOPENSSL_SMALL_FOOTPRINT -DPEDANTIC -DMDE_CPU_AARCH64   -c -o crypto/objects/obj_err.o /builddir/build/BUILD/shim-16.1/Cryptlib/OpenSSL/crypto/objects/obj_err.c
DEBUG util.py:463:  gcc -std=gnu11 -ggdb -gdwarf-4 -gstrict-dwarf -ffreestanding -fmacro-prefix-map=/builddir/build/BUILD/shim-16.1/= -fno-stack-protector -fno-strict-aliasing -fpic -fshort-wchar -nostdinc -Os -Wall -Wextra -Wno-missing-field-initializers -Wno-empty-body -Wno-implicit-fallthrough -Wno-old-style-declaration -Wno-unused-but-set-variable -Wno-unused-parameter -Werror -Wno-error=unused-but-set-variable -Wno-error=unused-parameter -I/builddir/build/BUILD/shim-16.1/Cryptlib/OpenSSL -I/builddir/build/BUILD/shim-16.1/Cryptlib -I/builddir/build/BUILD/shim-16.1/Cryptlib/OpenSSL/Include/ -I/builddir/build/BUILD/shim-16.1/Cryptlib/OpenSSL/crypto -I/builddir/build/BUILD/shim-16.1/Cryptlib/Include -I/builddir/build/BUILD/shim-16.1/gnu-efi/inc -I/builddir/build/BUILD/shim-16.1/gnu-efi/inc/aarch64 -I/builddir/build/BUILD/shim-16.1/gnu-efi/inc/protocol -I/builddir/build/BUILD/shim-16.1/Cryptlib/OpenSSL/crypto/asn1 -I/builddir/build/BUILD/shim-16.1/Cryptlib/OpenSSL/crypto/evp -I/builddir/build/BUILD/shim-16.1/Cryptlib/OpenSSL/crypto/modes -I/builddir/build/BUILD/shim-16.1/Cryptlib/OpenSSL/crypto/include -isystem /builddir/build/BUILD/shim-16.1/include/system -isystem /opt/rh/gcc-toolset-12/root/usr/lib/gcc/aarch64-redhat-linux/12/include -DL_ENDIAN -D_CRT_SECURE_NO_DEPRECATE -D_CRT_NONSTDC_NO_DEPRECATE -DOPENSSL_SMALL_FOOTPRINT -DPEDANTIC -DMDE_CPU_AARCH64   -c -o crypto/objects/obj_xref.o /builddir/build/BUILD/shim-16.1/Cryptlib/OpenSSL/crypto/objects/obj_xref.c
DEBUG util.py:463:  gcc -std=gnu11 -ggdb -gdwarf-4 -gstrict-dwarf -ffreestanding -fmacro-prefix-map=/builddir/build/BUILD/shim-16.1/= -fno-stack-protector -fno-strict-aliasing -fpic -fshort-wchar -nostdinc -Os -Wall -Wextra -Wno-missing-field-initializers -Wno-empty-body -Wno-implicit-fallthrough -Wno-old-style-declaration -Wno-unused-but-set-variable -Wno-unused-parameter -Werror -Wno-error=unused-but-set-variable -Wno-error=unused-parameter -I/builddir/build/BUILD/shim-16.1/Cryptlib/OpenSSL -I/builddir/build/BUILD/shim-16.1/Cryptlib -I/builddir/build/BUILD/shim-16.1/Cryptlib/OpenSSL/Include/ -I/builddir/build/BUILD/shim-16.1/Cryptlib/OpenSSL/crypto -I/builddir/build/BUILD/shim-16.1/Cryptlib/Include -I/builddir/build/BUILD/shim-16.1/gnu-efi/inc -I/builddir/build/BUILD/shim-16.1/gnu-efi/inc/aarch64 -I/builddir/build/BUILD/shim-16.1/gnu-efi/inc/protocol -I/builddir/build/BUILD/shim-16.1/Cryptlib/OpenSSL/crypto/asn1 -I/builddir/build/BUILD/shim-16.1/Cryptlib/OpenSSL/crypto/evp -I/builddir/build/BUILD/shim-16.1/Cryptlib/OpenSSL/crypto/modes -I/builddir/build/BUILD/shim-16.1/Cryptlib/OpenSSL/crypto/include -isystem /builddir/build/BUILD/shim-16.1/include/system -isystem /opt/rh/gcc-toolset-12/root/usr/lib/gcc/aarch64-redhat-linux/12/include -DL_ENDIAN -D_CRT_SECURE_NO_DEPRECATE -D_CRT_NONSTDC_NO_DEPRECATE -DOPENSSL_SMALL_FOOTPRINT -DPEDANTIC -DMDE_CPU_AARCH64   -c -o crypto/evp/encode.o /builddir/build/BUILD/shim-16.1/Cryptlib/OpenSSL/crypto/evp/encode.c
DEBUG util.py:463:  gcc -std=gnu11 -ggdb -gdwarf-4 -gstrict-dwarf -ffreestanding -fmacro-prefix-map=/builddir/build/BUILD/shim-16.1/= -fno-stack-protector -fno-strict-aliasing -fpic -fshort-wchar -nostdinc -Os -Wall -Wextra -Wno-missing-field-initializers -Wno-empty-body -Wno-implicit-fallthrough -Wno-old-style-declaration -Wno-unused-but-set-variable -Wno-unused-parameter -Werror -Wno-error=unused-but-set-variable -Wno-error=unused-parameter -I/builddir/build/BUILD/shim-16.1/Cryptlib/OpenSSL -I/builddir/build/BUILD/shim-16.1/Cryptlib -I/builddir/build/BUILD/shim-16.1/Cryptlib/OpenSSL/Include/ -I/builddir/build/BUILD/shim-16.1/Cryptlib/OpenSSL/crypto -I/builddir/build/BUILD/shim-16.1/Cryptlib/Include -I/builddir/build/BUILD/shim-16.1/gnu-efi/inc -I/builddir/build/BUILD/shim-16.1/gnu-efi/inc/aarch64 -I/builddir/build/BUILD/shim-16.1/gnu-efi/inc/protocol -I/builddir/build/BUILD/shim-16.1/Cryptlib/OpenSSL/crypto/asn1 -I/builddir/build/BUILD/shim-16.1/Cryptlib/OpenSSL/crypto/evp -I/builddir/build/BUILD/shim-16.1/Cryptlib/OpenSSL/crypto/modes -I/builddir/build/BUILD/shim-16.1/Cryptlib/OpenSSL/crypto/include -isystem /builddir/build/BUILD/shim-16.1/include/system -isystem /opt/rh/gcc-toolset-12/root/usr/lib/gcc/aarch64-redhat-linux/12/include -DL_ENDIAN -D_CRT_SECURE_NO_DEPRECATE -D_CRT_NONSTDC_NO_DEPRECATE -DOPENSSL_SMALL_FOOTPRINT -DPEDANTIC -DMDE_CPU_AARCH64   -c -o crypto/evp/digest.o /builddir/build/BUILD/shim-16.1/Cryptlib/OpenSSL/crypto/evp/digest.c
DEBUG util.py:463:  gcc -std=gnu11 -ggdb -gdwarf-4 -gstrict-dwarf -ffreestanding -fmacro-prefix-map=/builddir/build/BUILD/shim-16.1/= -fno-stack-protector -fno-strict-aliasing -fpic -fshort-wchar -nostdinc -Os -Wall -Wextra -Wno-missing-field-initializers -Wno-empty-body -Wno-implicit-fallthrough -Wno-old-style-declaration -Wno-unused-but-set-variable -Wno-unused-parameter -Werror -Wno-error=unused-but-set-variable -Wno-error=unused-parameter -I/builddir/build/BUILD/shim-16.1/Cryptlib/OpenSSL -I/builddir/build/BUILD/shim-16.1/Cryptlib -I/builddir/build/BUILD/shim-16.1/Cryptlib/OpenSSL/Include/ -I/builddir/build/BUILD/shim-16.1/Cryptlib/OpenSSL/crypto -I/builddir/build/BUILD/shim-16.1/Cryptlib/Include -I/builddir/build/BUILD/shim-16.1/gnu-efi/inc -I/builddir/build/BUILD/shim-16.1/gnu-efi/inc/aarch64 -I/builddir/build/BUILD/shim-16.1/gnu-efi/inc/protocol -I/builddir/build/BUILD/shim-16.1/Cryptlib/OpenSSL/crypto/asn1 -I/builddir/build/BUILD/shim-16.1/Cryptlib/OpenSSL/crypto/evp -I/builddir/build/BUILD/shim-16.1/Cryptlib/OpenSSL/crypto/modes -I/builddir/build/BUILD/shim-16.1/Cryptlib/OpenSSL/crypto/include -isystem /builddir/build/BUILD/shim-16.1/include/system -isystem /opt/rh/gcc-toolset-12/root/usr/lib/gcc/aarch64-redhat-linux/12/include -DL_ENDIAN -D_CRT_SECURE_NO_DEPRECATE -D_CRT_NONSTDC_NO_DEPRECATE -DOPENSSL_SMALL_FOOTPRINT -DPEDANTIC -DMDE_CPU_AARCH64   -c -o crypto/evp/evp_enc.o /builddir/build/BUILD/shim-16.1/Cryptlib/OpenSSL/crypto/evp/evp_enc.c
DEBUG util.py:463:  gcc -std=gnu11 -ggdb -gdwarf-4 -gstrict-dwarf -ffreestanding -fmacro-prefix-map=/builddir/build/BUILD/shim-16.1/= -fno-stack-protector -fno-strict-aliasing -fpic -fshort-wchar -nostdinc -Os -Wall -Wextra -Wno-missing-field-initializers -Wno-empty-body -Wno-implicit-fallthrough -Wno-old-style-declaration -Wno-unused-but-set-variable -Wno-unused-parameter -Werror -Wno-error=unused-but-set-variable -Wno-error=unused-parameter -I/builddir/build/BUILD/shim-16.1/Cryptlib/OpenSSL -I/builddir/build/BUILD/shim-16.1/Cryptlib -I/builddir/build/BUILD/shim-16.1/Cryptlib/OpenSSL/Include/ -I/builddir/build/BUILD/shim-16.1/Cryptlib/OpenSSL/crypto -I/builddir/build/BUILD/shim-16.1/Cryptlib/Include -I/builddir/build/BUILD/shim-16.1/gnu-efi/inc -I/builddir/build/BUILD/shim-16.1/gnu-efi/inc/aarch64 -I/builddir/build/BUILD/shim-16.1/gnu-efi/inc/protocol -I/builddir/build/BUILD/shim-16.1/Cryptlib/OpenSSL/crypto/asn1 -I/builddir/build/BUILD/shim-16.1/Cryptlib/OpenSSL/crypto/evp -I/builddir/build/BUILD/shim-16.1/Cryptlib/OpenSSL/crypto/modes -I/builddir/build/BUILD/shim-16.1/Cryptlib/OpenSSL/crypto/include -isystem /builddir/build/BUILD/shim-16.1/include/system -isystem /opt/rh/gcc-toolset-12/root/usr/lib/gcc/aarch64-redhat-linux/12/include -DL_ENDIAN -D_CRT_SECURE_NO_DEPRECATE -D_CRT_NONSTDC_NO_DEPRECATE -DOPENSSL_SMALL_FOOTPRINT -DPEDANTIC -DMDE_CPU_AARCH64   -c -o crypto/evp/evp_key.o /builddir/build/BUILD/shim-16.1/Cryptlib/OpenSSL/crypto/evp/evp_key.c
DEBUG util.py:463:  gcc -std=gnu11 -ggdb -gdwarf-4 -gstrict-dwarf -ffreestanding -fmacro-prefix-map=/builddir/build/BUILD/shim-16.1/= -fno-stack-protector -fno-strict-aliasing -fpic -fshort-wchar -nostdinc -Os -Wall -Wextra -Wno-missing-field-initializers -Wno-empty-body -Wno-implicit-fallthrough -Wno-old-style-declaration -Wno-unused-but-set-variable -Wno-unused-parameter -Werror -Wno-error=unused-but-set-variable -Wno-error=unused-parameter -I/builddir/build/BUILD/shim-16.1/Cryptlib/OpenSSL -I/builddir/build/BUILD/shim-16.1/Cryptlib -I/builddir/build/BUILD/shim-16.1/Cryptlib/OpenSSL/Include/ -I/builddir/build/BUILD/shim-16.1/Cryptlib/OpenSSL/crypto -I/builddir/build/BUILD/shim-16.1/Cryptlib/Include -I/builddir/build/BUILD/shim-16.1/gnu-efi/inc -I/builddir/build/BUILD/shim-16.1/gnu-efi/inc/aarch64 -I/builddir/build/BUILD/shim-16.1/gnu-efi/inc/protocol -I/builddir/build/BUILD/shim-16.1/Cryptlib/OpenSSL/crypto/asn1 -I/builddir/build/BUILD/shim-16.1/Cryptlib/OpenSSL/crypto/evp -I/builddir/build/BUILD/shim-16.1/Cryptlib/OpenSSL/crypto/modes -I/builddir/build/BUILD/shim-16.1/Cryptlib/OpenSSL/crypto/include -isystem /builddir/build/BUILD/shim-16.1/include/system -isystem /opt/rh/gcc-toolset-12/root/usr/lib/gcc/aarch64-redhat-linux/12/include -DL_ENDIAN -D_CRT_SECURE_NO_DEPRECATE -D_CRT_NONSTDC_NO_DEPRECATE -DOPENSSL_SMALL_FOOTPRINT -DPEDANTIC -DMDE_CPU_AARCH64   -c -o crypto/evp/evp_acnf.o /builddir/build/BUILD/shim-16.1/Cryptlib/OpenSSL/crypto/evp/evp_acnf.c
DEBUG util.py:463:  gcc -std=gnu11 -ggdb -gdwarf-4 -gstrict-dwarf -ffreestanding -fmacro-prefix-map=/builddir/build/BUILD/shim-16.1/= -fno-stack-protector -fno-strict-aliasing -fpic -fshort-wchar -nostdinc -Os -Wall -Wextra -Wno-missing-field-initializers -Wno-empty-body -Wno-implicit-fallthrough -Wno-old-style-declaration -Wno-unused-but-set-variable -Wno-unused-parameter -Werror -Wno-error=unused-but-set-variable -Wno-error=unused-parameter -I/builddir/build/BUILD/shim-16.1/Cryptlib/OpenSSL -I/builddir/build/BUILD/shim-16.1/Cryptlib -I/builddir/build/BUILD/shim-16.1/Cryptlib/OpenSSL/Include/ -I/builddir/build/BUILD/shim-16.1/Cryptlib/OpenSSL/crypto -I/builddir/build/BUILD/shim-16.1/Cryptlib/Include -I/builddir/build/BUILD/shim-16.1/gnu-efi/inc -I/builddir/build/BUILD/shim-16.1/gnu-efi/inc/aarch64 -I/builddir/build/BUILD/shim-16.1/gnu-efi/inc/protocol -I/builddir/build/BUILD/shim-16.1/Cryptlib/OpenSSL/crypto/asn1 -I/builddir/build/BUILD/shim-16.1/Cryptlib/OpenSSL/crypto/evp -I/builddir/build/BUILD/shim-16.1/Cryptlib/OpenSSL/crypto/modes -I/builddir/build/BUILD/shim-16.1/Cryptlib/OpenSSL/crypto/include -isystem /builddir/build/BUILD/shim-16.1/include/system -isystem /opt/rh/gcc-toolset-12/root/usr/lib/gcc/aarch64-redhat-linux/12/include -DL_ENDIAN -D_CRT_SECURE_NO_DEPRECATE -D_CRT_NONSTDC_NO_DEPRECATE -DOPENSSL_SMALL_FOOTPRINT -DPEDANTIC -DMDE_CPU_AARCH64   -c -o crypto/evp/evp_cnf.o /builddir/build/BUILD/shim-16.1/Cryptlib/OpenSSL/crypto/evp/evp_cnf.c
DEBUG util.py:463:  gcc -std=gnu11 -ggdb -gdwarf-4 -gstrict-dwarf -ffreestanding -fmacro-prefix-map=/builddir/build/BUILD/shim-16.1/= -fno-stack-protector -fno-strict-aliasing -fpic -fshort-wchar -nostdinc -Os -Wall -Wextra -Wno-missing-field-initializers -Wno-empty-body -Wno-implicit-fallthrough -Wno-old-style-declaration -Wno-unused-but-set-variable -Wno-unused-parameter -Werror -Wno-error=unused-but-set-variable -Wno-error=unused-parameter -I/builddir/build/BUILD/shim-16.1/Cryptlib/OpenSSL -I/builddir/build/BUILD/shim-16.1/Cryptlib -I/builddir/build/BUILD/shim-16.1/Cryptlib/OpenSSL/Include/ -I/builddir/build/BUILD/shim-16.1/Cryptlib/OpenSSL/crypto -I/builddir/build/BUILD/shim-16.1/Cryptlib/Include -I/builddir/build/BUILD/shim-16.1/gnu-efi/inc -I/builddir/build/BUILD/shim-16.1/gnu-efi/inc/aarch64 -I/builddir/build/BUILD/shim-16.1/gnu-efi/inc/protocol -I/builddir/build/BUILD/shim-16.1/Cryptlib/OpenSSL/crypto/asn1 -I/builddir/build/BUILD/shim-16.1/Cryptlib/OpenSSL/crypto/evp -I/builddir/build/BUILD/shim-16.1/Cryptlib/OpenSSL/crypto/modes -I/builddir/build/BUILD/shim-16.1/Cryptlib/OpenSSL/crypto/include -isystem /builddir/build/BUILD/shim-16.1/include/system -isystem /opt/rh/gcc-toolset-12/root/usr/lib/gcc/aarch64-redhat-linux/12/include -DL_ENDIAN -D_CRT_SECURE_NO_DEPRECATE -D_CRT_NONSTDC_NO_DEPRECATE -DOPENSSL_SMALL_FOOTPRINT -DPEDANTIC -DMDE_CPU_AARCH64   -c -o crypto/evp/e_des.o /builddir/build/BUILD/shim-16.1/Cryptlib/OpenSSL/crypto/evp/e_des.c
DEBUG util.py:463:  gcc -std=gnu11 -ggdb -gdwarf-4 -gstrict-dwarf -ffreestanding -fmacro-prefix-map=/builddir/build/BUILD/shim-16.1/= -fno-stack-protector -fno-strict-aliasing -fpic -fshort-wchar -nostdinc -Os -Wall -Wextra -Wno-missing-field-initializers -Wno-empty-body -Wno-implicit-fallthrough -Wno-old-style-declaration -Wno-unused-but-set-variable -Wno-unused-parameter -Werror -Wno-error=unused-but-set-variable -Wno-error=unused-parameter -I/builddir/build/BUILD/shim-16.1/Cryptlib/OpenSSL -I/builddir/build/BUILD/shim-16.1/Cryptlib -I/builddir/build/BUILD/shim-16.1/Cryptlib/OpenSSL/Include/ -I/builddir/build/BUILD/shim-16.1/Cryptlib/OpenSSL/crypto -I/builddir/build/BUILD/shim-16.1/Cryptlib/Include -I/builddir/build/BUILD/shim-16.1/gnu-efi/inc -I/builddir/build/BUILD/shim-16.1/gnu-efi/inc/aarch64 -I/builddir/build/BUILD/shim-16.1/gnu-efi/inc/protocol -I/builddir/build/BUILD/shim-16.1/Cryptlib/OpenSSL/crypto/asn1 -I/builddir/build/BUILD/shim-16.1/Cryptlib/OpenSSL/crypto/evp -I/builddir/build/BUILD/shim-16.1/Cryptlib/OpenSSL/crypto/modes -I/builddir/build/BUILD/shim-16.1/Cryptlib/OpenSSL/crypto/include -isystem /builddir/build/BUILD/shim-16.1/include/system -isystem /opt/rh/gcc-toolset-12/root/usr/lib/gcc/aarch64-redhat-linux/12/include -DL_ENDIAN -D_CRT_SECURE_NO_DEPRECATE -D_CRT_NONSTDC_NO_DEPRECATE -DOPENSSL_SMALL_FOOTPRINT -DPEDANTIC -DMDE_CPU_AARCH64   -c -o crypto/evp/e_bf.o /builddir/build/BUILD/shim-16.1/Cryptlib/OpenSSL/crypto/evp/e_bf.c
DEBUG util.py:463:  gcc -std=gnu11 -ggdb -gdwarf-4 -gstrict-dwarf -ffreestanding -fmacro-prefix-map=/builddir/build/BUILD/shim-16.1/= -fno-stack-protector -fno-strict-aliasing -fpic -fshort-wchar -nostdinc -Os -Wall -Wextra -Wno-missing-field-initializers -Wno-empty-body -Wno-implicit-fallthrough -Wno-old-style-declaration -Wno-unused-but-set-variable -Wno-unused-parameter -Werror -Wno-error=unused-but-set-variable -Wno-error=unused-parameter -I/builddir/build/BUILD/shim-16.1/Cryptlib/OpenSSL -I/builddir/build/BUILD/shim-16.1/Cryptlib -I/builddir/build/BUILD/shim-16.1/Cryptlib/OpenSSL/Include/ -I/builddir/build/BUILD/shim-16.1/Cryptlib/OpenSSL/crypto -I/builddir/build/BUILD/shim-16.1/Cryptlib/Include -I/builddir/build/BUILD/shim-16.1/gnu-efi/inc -I/builddir/build/BUILD/shim-16.1/gnu-efi/inc/aarch64 -I/builddir/build/BUILD/shim-16.1/gnu-efi/inc/protocol -I/builddir/build/BUILD/shim-16.1/Cryptlib/OpenSSL/crypto/asn1 -I/builddir/build/BUILD/shim-16.1/Cryptlib/OpenSSL/crypto/evp -I/builddir/build/BUILD/shim-16.1/Cryptlib/OpenSSL/crypto/modes -I/builddir/build/BUILD/shim-16.1/Cryptlib/OpenSSL/crypto/include -isystem /builddir/build/BUILD/shim-16.1/include/system -isystem /opt/rh/gcc-toolset-12/root/usr/lib/gcc/aarch64-redhat-linux/12/include -DL_ENDIAN -D_CRT_SECURE_NO_DEPRECATE -D_CRT_NONSTDC_NO_DEPRECATE -DOPENSSL_SMALL_FOOTPRINT -DPEDANTIC -DMDE_CPU_AARCH64   -c -o crypto/evp/e_idea.o /builddir/build/BUILD/shim-16.1/Cryptlib/OpenSSL/crypto/evp/e_idea.c
DEBUG util.py:463:  gcc -std=gnu11 -ggdb -gdwarf-4 -gstrict-dwarf -ffreestanding -fmacro-prefix-map=/builddir/build/BUILD/shim-16.1/= -fno-stack-protector -fno-strict-aliasing -fpic -fshort-wchar -nostdinc -Os -Wall -Wextra -Wno-missing-field-initializers -Wno-empty-body -Wno-implicit-fallthrough -Wno-old-style-declaration -Wno-unused-but-set-variable -Wno-unused-parameter -Werror -Wno-error=unused-but-set-variable -Wno-error=unused-parameter -I/builddir/build/BUILD/shim-16.1/Cryptlib/OpenSSL -I/builddir/build/BUILD/shim-16.1/Cryptlib -I/builddir/build/BUILD/shim-16.1/Cryptlib/OpenSSL/Include/ -I/builddir/build/BUILD/shim-16.1/Cryptlib/OpenSSL/crypto -I/builddir/build/BUILD/shim-16.1/Cryptlib/Include -I/builddir/build/BUILD/shim-16.1/gnu-efi/inc -I/builddir/build/BUILD/shim-16.1/gnu-efi/inc/aarch64 -I/builddir/build/BUILD/shim-16.1/gnu-efi/inc/protocol -I/builddir/build/BUILD/shim-16.1/Cryptlib/OpenSSL/crypto/asn1 -I/builddir/build/BUILD/shim-16.1/Cryptlib/OpenSSL/crypto/evp -I/builddir/build/BUILD/shim-16.1/Cryptlib/OpenSSL/crypto/modes -I/builddir/build/BUILD/shim-16.1/Cryptlib/OpenSSL/crypto/include -isystem /builddir/build/BUILD/shim-16.1/include/system -isystem /opt/rh/gcc-toolset-12/root/usr/lib/gcc/aarch64-redhat-linux/12/include -DL_ENDIAN -D_CRT_SECURE_NO_DEPRECATE -D_CRT_NONSTDC_NO_DEPRECATE -DOPENSSL_SMALL_FOOTPRINT -DPEDANTIC -DMDE_CPU_AARCH64   -c -o crypto/evp/e_des3.o /builddir/build/BUILD/shim-16.1/Cryptlib/OpenSSL/crypto/evp/e_des3.c
DEBUG util.py:463:  gcc -std=gnu11 -ggdb -gdwarf-4 -gstrict-dwarf -ffreestanding -fmacro-prefix-map=/builddir/build/BUILD/shim-16.1/= -fno-stack-protector -fno-strict-aliasing -fpic -fshort-wchar -nostdinc -Os -Wall -Wextra -Wno-missing-field-initializers -Wno-empty-body -Wno-implicit-fallthrough -Wno-old-style-declaration -Wno-unused-but-set-variable -Wno-unused-parameter -Werror -Wno-error=unused-but-set-variable -Wno-error=unused-parameter -I/builddir/build/BUILD/shim-16.1/Cryptlib/OpenSSL -I/builddir/build/BUILD/shim-16.1/Cryptlib -I/builddir/build/BUILD/shim-16.1/Cryptlib/OpenSSL/Include/ -I/builddir/build/BUILD/shim-16.1/Cryptlib/OpenSSL/crypto -I/builddir/build/BUILD/shim-16.1/Cryptlib/Include -I/builddir/build/BUILD/shim-16.1/gnu-efi/inc -I/builddir/build/BUILD/shim-16.1/gnu-efi/inc/aarch64 -I/builddir/build/BUILD/shim-16.1/gnu-efi/inc/protocol -I/builddir/build/BUILD/shim-16.1/Cryptlib/OpenSSL/crypto/asn1 -I/builddir/build/BUILD/shim-16.1/Cryptlib/OpenSSL/crypto/evp -I/builddir/build/BUILD/shim-16.1/Cryptlib/OpenSSL/crypto/modes -I/builddir/build/BUILD/shim-16.1/Cryptlib/OpenSSL/crypto/include -isystem /builddir/build/BUILD/shim-16.1/include/system -isystem /opt/rh/gcc-toolset-12/root/usr/lib/gcc/aarch64-redhat-linux/12/include -DL_ENDIAN -D_CRT_SECURE_NO_DEPRECATE -D_CRT_NONSTDC_NO_DEPRECATE -DOPENSSL_SMALL_FOOTPRINT -DPEDANTIC -DMDE_CPU_AARCH64   -c -o crypto/evp/e_camellia.o /builddir/build/BUILD/shim-16.1/Cryptlib/OpenSSL/crypto/evp/e_camellia.c
DEBUG util.py:463:  gcc -std=gnu11 -ggdb -gdwarf-4 -gstrict-dwarf -ffreestanding -fmacro-prefix-map=/builddir/build/BUILD/shim-16.1/= -fno-stack-protector -fno-strict-aliasing -fpic -fshort-wchar -nostdinc -Os -Wall -Wextra -Wno-missing-field-initializers -Wno-empty-body -Wno-implicit-fallthrough -Wno-old-style-declaration -Wno-unused-but-set-variable -Wno-unused-parameter -Werror -Wno-error=unused-but-set-variable -Wno-error=unused-parameter -I/builddir/build/BUILD/shim-16.1/Cryptlib/OpenSSL -I/builddir/build/BUILD/shim-16.1/Cryptlib -I/builddir/build/BUILD/shim-16.1/Cryptlib/OpenSSL/Include/ -I/builddir/build/BUILD/shim-16.1/Cryptlib/OpenSSL/crypto -I/builddir/build/BUILD/shim-16.1/Cryptlib/Include -I/builddir/build/BUILD/shim-16.1/gnu-efi/inc -I/builddir/build/BUILD/shim-16.1/gnu-efi/inc/aarch64 -I/builddir/build/BUILD/shim-16.1/gnu-efi/inc/protocol -I/builddir/build/BUILD/shim-16.1/Cryptlib/OpenSSL/crypto/asn1 -I/builddir/build/BUILD/shim-16.1/Cryptlib/OpenSSL/crypto/evp -I/builddir/build/BUILD/shim-16.1/Cryptlib/OpenSSL/crypto/modes -I/builddir/build/BUILD/shim-16.1/Cryptlib/OpenSSL/crypto/include -isystem /builddir/build/BUILD/shim-16.1/include/system -isystem /opt/rh/gcc-toolset-12/root/usr/lib/gcc/aarch64-redhat-linux/12/include -DL_ENDIAN -D_CRT_SECURE_NO_DEPRECATE -D_CRT_NONSTDC_NO_DEPRECATE -DOPENSSL_SMALL_FOOTPRINT -DPEDANTIC -DMDE_CPU_AARCH64   -c -o crypto/evp/e_rc4.o /builddir/build/BUILD/shim-16.1/Cryptlib/OpenSSL/crypto/evp/e_rc4.c
DEBUG util.py:463:  gcc -std=gnu11 -ggdb -gdwarf-4 -gstrict-dwarf -ffreestanding -fmacro-prefix-map=/builddir/build/BUILD/shim-16.1/= -fno-stack-protector -fno-strict-aliasing -fpic -fshort-wchar -nostdinc -Os -Wall -Wextra -Wno-missing-field-initializers -Wno-empty-body -Wno-implicit-fallthrough -Wno-old-style-declaration -Wno-unused-but-set-variable -Wno-unused-parameter -Werror -Wno-error=unused-but-set-variable -Wno-error=unused-parameter -I/builddir/build/BUILD/shim-16.1/Cryptlib/OpenSSL -I/builddir/build/BUILD/shim-16.1/Cryptlib -I/builddir/build/BUILD/shim-16.1/Cryptlib/OpenSSL/Include/ -I/builddir/build/BUILD/shim-16.1/Cryptlib/OpenSSL/crypto -I/builddir/build/BUILD/shim-16.1/Cryptlib/Include -I/builddir/build/BUILD/shim-16.1/gnu-efi/inc -I/builddir/build/BUILD/shim-16.1/gnu-efi/inc/aarch64 -I/builddir/build/BUILD/shim-16.1/gnu-efi/inc/protocol -I/builddir/build/BUILD/shim-16.1/Cryptlib/OpenSSL/crypto/asn1 -I/builddir/build/BUILD/shim-16.1/Cryptlib/OpenSSL/crypto/evp -I/builddir/build/BUILD/shim-16.1/Cryptlib/OpenSSL/crypto/modes -I/builddir/build/BUILD/shim-16.1/Cryptlib/OpenSSL/crypto/include -isystem /builddir/build/BUILD/shim-16.1/include/system -isystem /opt/rh/gcc-toolset-12/root/usr/lib/gcc/aarch64-redhat-linux/12/include -DL_ENDIAN -D_CRT_SECURE_NO_DEPRECATE -D_CRT_NONSTDC_NO_DEPRECATE -DOPENSSL_SMALL_FOOTPRINT -DPEDANTIC -DMDE_CPU_AARCH64   -c -o crypto/evp/e_aes.o /builddir/build/BUILD/shim-16.1/Cryptlib/OpenSSL/crypto/evp/e_aes.c
DEBUG util.py:463:  gcc -std=gnu11 -ggdb -gdwarf-4 -gstrict-dwarf -ffreestanding -fmacro-prefix-map=/builddir/build/BUILD/shim-16.1/= -fno-stack-protector -fno-strict-aliasing -fpic -fshort-wchar -nostdinc -Os -Wall -Wextra -Wno-missing-field-initializers -Wno-empty-body -Wno-implicit-fallthrough -Wno-old-style-declaration -Wno-unused-but-set-variable -Wno-unused-parameter -Werror -Wno-error=unused-but-set-variable -Wno-error=unused-parameter -I/builddir/build/BUILD/shim-16.1/Cryptlib/OpenSSL -I/builddir/build/BUILD/shim-16.1/Cryptlib -I/builddir/build/BUILD/shim-16.1/Cryptlib/OpenSSL/Include/ -I/builddir/build/BUILD/shim-16.1/Cryptlib/OpenSSL/crypto -I/builddir/build/BUILD/shim-16.1/Cryptlib/Include -I/builddir/build/BUILD/shim-16.1/gnu-efi/inc -I/builddir/build/BUILD/shim-16.1/gnu-efi/inc/aarch64 -I/builddir/build/BUILD/shim-16.1/gnu-efi/inc/protocol -I/builddir/build/BUILD/shim-16.1/Cryptlib/OpenSSL/crypto/asn1 -I/builddir/build/BUILD/shim-16.1/Cryptlib/OpenSSL/crypto/evp -I/builddir/build/BUILD/shim-16.1/Cryptlib/OpenSSL/crypto/modes -I/builddir/build/BUILD/shim-16.1/Cryptlib/OpenSSL/crypto/include -isystem /builddir/build/BUILD/shim-16.1/include/system -isystem /opt/rh/gcc-toolset-12/root/usr/lib/gcc/aarch64-redhat-linux/12/include -DL_ENDIAN -D_CRT_SECURE_NO_DEPRECATE -D_CRT_NONSTDC_NO_DEPRECATE -DOPENSSL_SMALL_FOOTPRINT -DPEDANTIC -DMDE_CPU_AARCH64   -c -o crypto/evp/names.o /builddir/build/BUILD/shim-16.1/Cryptlib/OpenSSL/crypto/evp/names.c
DEBUG util.py:463:  gcc -std=gnu11 -ggdb -gdwarf-4 -gstrict-dwarf -ffreestanding -fmacro-prefix-map=/builddir/build/BUILD/shim-16.1/= -fno-stack-protector -fno-strict-aliasing -fpic -fshort-wchar -nostdinc -Os -Wall -Wextra -Wno-missing-field-initializers -Wno-empty-body -Wno-implicit-fallthrough -Wno-old-style-declaration -Wno-unused-but-set-variable -Wno-unused-parameter -Werror -Wno-error=unused-but-set-variable -Wno-error=unused-parameter -I/builddir/build/BUILD/shim-16.1/Cryptlib/OpenSSL -I/builddir/build/BUILD/shim-16.1/Cryptlib -I/builddir/build/BUILD/shim-16.1/Cryptlib/OpenSSL/Include/ -I/builddir/build/BUILD/shim-16.1/Cryptlib/OpenSSL/crypto -I/builddir/build/BUILD/shim-16.1/Cryptlib/Include -I/builddir/build/BUILD/shim-16.1/gnu-efi/inc -I/builddir/build/BUILD/shim-16.1/gnu-efi/inc/aarch64 -I/builddir/build/BUILD/shim-16.1/gnu-efi/inc/protocol -I/builddir/build/BUILD/shim-16.1/Cryptlib/OpenSSL/crypto/asn1 -I/builddir/build/BUILD/shim-16.1/Cryptlib/OpenSSL/crypto/evp -I/builddir/build/BUILD/shim-16.1/Cryptlib/OpenSSL/crypto/modes -I/builddir/build/BUILD/shim-16.1/Cryptlib/OpenSSL/crypto/include -isystem /builddir/build/BUILD/shim-16.1/include/system -isystem /opt/rh/gcc-toolset-12/root/usr/lib/gcc/aarch64-redhat-linux/12/include -DL_ENDIAN -D_CRT_SECURE_NO_DEPRECATE -D_CRT_NONSTDC_NO_DEPRECATE -DOPENSSL_SMALL_FOOTPRINT -DPEDANTIC -DMDE_CPU_AARCH64   -c -o crypto/evp/e_seed.o /builddir/build/BUILD/shim-16.1/Cryptlib/OpenSSL/crypto/evp/e_seed.c
DEBUG util.py:463:  gcc -std=gnu11 -ggdb -gdwarf-4 -gstrict-dwarf -ffreestanding -fmacro-prefix-map=/builddir/build/BUILD/shim-16.1/= -fno-stack-protector -fno-strict-aliasing -fpic -fshort-wchar -nostdinc -Os -Wall -Wextra -Wno-missing-field-initializers -Wno-empty-body -Wno-implicit-fallthrough -Wno-old-style-declaration -Wno-unused-but-set-variable -Wno-unused-parameter -Werror -Wno-error=unused-but-set-variable -Wno-error=unused-parameter -I/builddir/build/BUILD/shim-16.1/Cryptlib/OpenSSL -I/builddir/build/BUILD/shim-16.1/Cryptlib -I/builddir/build/BUILD/shim-16.1/Cryptlib/OpenSSL/Include/ -I/builddir/build/BUILD/shim-16.1/Cryptlib/OpenSSL/crypto -I/builddir/build/BUILD/shim-16.1/Cryptlib/Include -I/builddir/build/BUILD/shim-16.1/gnu-efi/inc -I/builddir/build/BUILD/shim-16.1/gnu-efi/inc/aarch64 -I/builddir/build/BUILD/shim-16.1/gnu-efi/inc/protocol -I/builddir/build/BUILD/shim-16.1/Cryptlib/OpenSSL/crypto/asn1 -I/builddir/build/BUILD/shim-16.1/Cryptlib/OpenSSL/crypto/evp -I/builddir/build/BUILD/shim-16.1/Cryptlib/OpenSSL/crypto/modes -I/builddir/build/BUILD/shim-16.1/Cryptlib/OpenSSL/crypto/include -isystem /builddir/build/BUILD/shim-16.1/include/system -isystem /opt/rh/gcc-toolset-12/root/usr/lib/gcc/aarch64-redhat-linux/12/include -DL_ENDIAN -D_CRT_SECURE_NO_DEPRECATE -D_CRT_NONSTDC_NO_DEPRECATE -DOPENSSL_SMALL_FOOTPRINT -DPEDANTIC -DMDE_CPU_AARCH64   -c -o crypto/evp/e_xcbc_d.o /builddir/build/BUILD/shim-16.1/Cryptlib/OpenSSL/crypto/evp/e_xcbc_d.c
DEBUG util.py:463:  gcc -std=gnu11 -ggdb -gdwarf-4 -gstrict-dwarf -ffreestanding -fmacro-prefix-map=/builddir/build/BUILD/shim-16.1/= -fno-stack-protector -fno-strict-aliasing -fpic -fshort-wchar -nostdinc -Os -Wall -Wextra -Wno-missing-field-initializers -Wno-empty-body -Wno-implicit-fallthrough -Wno-old-style-declaration -Wno-unused-but-set-variable -Wno-unused-parameter -Werror -Wno-error=unused-but-set-variable -Wno-error=unused-parameter -I/builddir/build/BUILD/shim-16.1/Cryptlib/OpenSSL -I/builddir/build/BUILD/shim-16.1/Cryptlib -I/builddir/build/BUILD/shim-16.1/Cryptlib/OpenSSL/Include/ -I/builddir/build/BUILD/shim-16.1/Cryptlib/OpenSSL/crypto -I/builddir/build/BUILD/shim-16.1/Cryptlib/Include -I/builddir/build/BUILD/shim-16.1/gnu-efi/inc -I/builddir/build/BUILD/shim-16.1/gnu-efi/inc/aarch64 -I/builddir/build/BUILD/shim-16.1/gnu-efi/inc/protocol -I/builddir/build/BUILD/shim-16.1/Cryptlib/OpenSSL/crypto/asn1 -I/builddir/build/BUILD/shim-16.1/Cryptlib/OpenSSL/crypto/evp -I/builddir/build/BUILD/shim-16.1/Cryptlib/OpenSSL/crypto/modes -I/builddir/build/BUILD/shim-16.1/Cryptlib/OpenSSL/crypto/include -isystem /builddir/build/BUILD/shim-16.1/include/system -isystem /opt/rh/gcc-toolset-12/root/usr/lib/gcc/aarch64-redhat-linux/12/include -DL_ENDIAN -D_CRT_SECURE_NO_DEPRECATE -D_CRT_NONSTDC_NO_DEPRECATE -DOPENSSL_SMALL_FOOTPRINT -DPEDANTIC -DMDE_CPU_AARCH64   -c -o crypto/evp/e_rc2.o /builddir/build/BUILD/shim-16.1/Cryptlib/OpenSSL/crypto/evp/e_rc2.c
DEBUG util.py:463:  gcc -std=gnu11 -ggdb -gdwarf-4 -gstrict-dwarf -ffreestanding -fmacro-prefix-map=/builddir/build/BUILD/shim-16.1/= -fno-stack-protector -fno-strict-aliasing -fpic -fshort-wchar -nostdinc -Os -Wall -Wextra -Wno-missing-field-initializers -Wno-empty-body -Wno-implicit-fallthrough -Wno-old-style-declaration -Wno-unused-but-set-variable -Wno-unused-parameter -Werror -Wno-error=unused-but-set-variable -Wno-error=unused-parameter -I/builddir/build/BUILD/shim-16.1/Cryptlib/OpenSSL -I/builddir/build/BUILD/shim-16.1/Cryptlib -I/builddir/build/BUILD/shim-16.1/Cryptlib/OpenSSL/Include/ -I/builddir/build/BUILD/shim-16.1/Cryptlib/OpenSSL/crypto -I/builddir/build/BUILD/shim-16.1/Cryptlib/Include -I/builddir/build/BUILD/shim-16.1/gnu-efi/inc -I/builddir/build/BUILD/shim-16.1/gnu-efi/inc/aarch64 -I/builddir/build/BUILD/shim-16.1/gnu-efi/inc/protocol -I/builddir/build/BUILD/shim-16.1/Cryptlib/OpenSSL/crypto/asn1 -I/builddir/build/BUILD/shim-16.1/Cryptlib/OpenSSL/crypto/evp -I/builddir/build/BUILD/shim-16.1/Cryptlib/OpenSSL/crypto/modes -I/builddir/build/BUILD/shim-16.1/Cryptlib/OpenSSL/crypto/include -isystem /builddir/build/BUILD/shim-16.1/include/system -isystem /opt/rh/gcc-toolset-12/root/usr/lib/gcc/aarch64-redhat-linux/12/include -DL_ENDIAN -D_CRT_SECURE_NO_DEPRECATE -D_CRT_NONSTDC_NO_DEPRECATE -DOPENSSL_SMALL_FOOTPRINT -DPEDANTIC -DMDE_CPU_AARCH64   -c -o crypto/evp/e_cast.o /builddir/build/BUILD/shim-16.1/Cryptlib/OpenSSL/crypto/evp/e_cast.c
DEBUG util.py:463:  gcc -std=gnu11 -ggdb -gdwarf-4 -gstrict-dwarf -ffreestanding -fmacro-prefix-map=/builddir/build/BUILD/shim-16.1/= -fno-stack-protector -fno-strict-aliasing -fpic -fshort-wchar -nostdinc -Os -Wall -Wextra -Wno-missing-field-initializers -Wno-empty-body -Wno-implicit-fallthrough -Wno-old-style-declaration -Wno-unused-but-set-variable -Wno-unused-parameter -Werror -Wno-error=unused-but-set-variable -Wno-error=unused-parameter -I/builddir/build/BUILD/shim-16.1/Cryptlib/OpenSSL -I/builddir/build/BUILD/shim-16.1/Cryptlib -I/builddir/build/BUILD/shim-16.1/Cryptlib/OpenSSL/Include/ -I/builddir/build/BUILD/shim-16.1/Cryptlib/OpenSSL/crypto -I/builddir/build/BUILD/shim-16.1/Cryptlib/Include -I/builddir/build/BUILD/shim-16.1/gnu-efi/inc -I/builddir/build/BUILD/shim-16.1/gnu-efi/inc/aarch64 -I/builddir/build/BUILD/shim-16.1/gnu-efi/inc/protocol -I/builddir/build/BUILD/shim-16.1/Cryptlib/OpenSSL/crypto/asn1 -I/builddir/build/BUILD/shim-16.1/Cryptlib/OpenSSL/crypto/evp -I/builddir/build/BUILD/shim-16.1/Cryptlib/OpenSSL/crypto/modes -I/builddir/build/BUILD/shim-16.1/Cryptlib/OpenSSL/crypto/include -isystem /builddir/build/BUILD/shim-16.1/include/system -isystem /opt/rh/gcc-toolset-12/root/usr/lib/gcc/aarch64-redhat-linux/12/include -DL_ENDIAN -D_CRT_SECURE_NO_DEPRECATE -D_CRT_NONSTDC_NO_DEPRECATE -DOPENSSL_SMALL_FOOTPRINT -DPEDANTIC -DMDE_CPU_AARCH64   -c -o crypto/evp/e_rc5.o /builddir/build/BUILD/shim-16.1/Cryptlib/OpenSSL/crypto/evp/e_rc5.c
DEBUG util.py:463:  gcc -std=gnu11 -ggdb -gdwarf-4 -gstrict-dwarf -ffreestanding -fmacro-prefix-map=/builddir/build/BUILD/shim-16.1/= -fno-stack-protector -fno-strict-aliasing -fpic -fshort-wchar -nostdinc -Os -Wall -Wextra -Wno-missing-field-initializers -Wno-empty-body -Wno-implicit-fallthrough -Wno-old-style-declaration -Wno-unused-but-set-variable -Wno-unused-parameter -Werror -Wno-error=unused-but-set-variable -Wno-error=unused-parameter -I/builddir/build/BUILD/shim-16.1/Cryptlib/OpenSSL -I/builddir/build/BUILD/shim-16.1/Cryptlib -I/builddir/build/BUILD/shim-16.1/Cryptlib/OpenSSL/Include/ -I/builddir/build/BUILD/shim-16.1/Cryptlib/OpenSSL/crypto -I/builddir/build/BUILD/shim-16.1/Cryptlib/Include -I/builddir/build/BUILD/shim-16.1/gnu-efi/inc -I/builddir/build/BUILD/shim-16.1/gnu-efi/inc/aarch64 -I/builddir/build/BUILD/shim-16.1/gnu-efi/inc/protocol -I/builddir/build/BUILD/shim-16.1/Cryptlib/OpenSSL/crypto/asn1 -I/builddir/build/BUILD/shim-16.1/Cryptlib/OpenSSL/crypto/evp -I/builddir/build/BUILD/shim-16.1/Cryptlib/OpenSSL/crypto/modes -I/builddir/build/BUILD/shim-16.1/Cryptlib/OpenSSL/crypto/include -isystem /builddir/build/BUILD/shim-16.1/include/system -isystem /opt/rh/gcc-toolset-12/root/usr/lib/gcc/aarch64-redhat-linux/12/include -DL_ENDIAN -D_CRT_SECURE_NO_DEPRECATE -D_CRT_NONSTDC_NO_DEPRECATE -DOPENSSL_SMALL_FOOTPRINT -DPEDANTIC -DMDE_CPU_AARCH64   -c -o crypto/evp/m_null.o /builddir/build/BUILD/shim-16.1/Cryptlib/OpenSSL/crypto/evp/m_null.c
DEBUG util.py:463:  gcc -std=gnu11 -ggdb -gdwarf-4 -gstrict-dwarf -ffreestanding -fmacro-prefix-map=/builddir/build/BUILD/shim-16.1/= -fno-stack-protector -fno-strict-aliasing -fpic -fshort-wchar -nostdinc -Os -Wall -Wextra -Wno-missing-field-initializers -Wno-empty-body -Wno-implicit-fallthrough -Wno-old-style-declaration -Wno-unused-but-set-variable -Wno-unused-parameter -Werror -Wno-error=unused-but-set-variable -Wno-error=unused-parameter -I/builddir/build/BUILD/shim-16.1/Cryptlib/OpenSSL -I/builddir/build/BUILD/shim-16.1/Cryptlib -I/builddir/build/BUILD/shim-16.1/Cryptlib/OpenSSL/Include/ -I/builddir/build/BUILD/shim-16.1/Cryptlib/OpenSSL/crypto -I/builddir/build/BUILD/shim-16.1/Cryptlib/Include -I/builddir/build/BUILD/shim-16.1/gnu-efi/inc -I/builddir/build/BUILD/shim-16.1/gnu-efi/inc/aarch64 -I/builddir/build/BUILD/shim-16.1/gnu-efi/inc/protocol -I/builddir/build/BUILD/shim-16.1/Cryptlib/OpenSSL/crypto/asn1 -I/builddir/build/BUILD/shim-16.1/Cryptlib/OpenSSL/crypto/evp -I/builddir/build/BUILD/shim-16.1/Cryptlib/OpenSSL/crypto/modes -I/builddir/build/BUILD/shim-16.1/Cryptlib/OpenSSL/crypto/include -isystem /builddir/build/BUILD/shim-16.1/include/system -isystem /opt/rh/gcc-toolset-12/root/usr/lib/gcc/aarch64-redhat-linux/12/include -DL_ENDIAN -D_CRT_SECURE_NO_DEPRECATE -D_CRT_NONSTDC_NO_DEPRECATE -DOPENSSL_SMALL_FOOTPRINT -DPEDANTIC -DMDE_CPU_AARCH64   -c -o crypto/evp/m_md2.o /builddir/build/BUILD/shim-16.1/Cryptlib/OpenSSL/crypto/evp/m_md2.c
DEBUG util.py:463:  gcc -std=gnu11 -ggdb -gdwarf-4 -gstrict-dwarf -ffreestanding -fmacro-prefix-map=/builddir/build/BUILD/shim-16.1/= -fno-stack-protector -fno-strict-aliasing -fpic -fshort-wchar -nostdinc -Os -Wall -Wextra -Wno-missing-field-initializers -Wno-empty-body -Wno-implicit-fallthrough -Wno-old-style-declaration -Wno-unused-but-set-variable -Wno-unused-parameter -Werror -Wno-error=unused-but-set-variable -Wno-error=unused-parameter -I/builddir/build/BUILD/shim-16.1/Cryptlib/OpenSSL -I/builddir/build/BUILD/shim-16.1/Cryptlib -I/builddir/build/BUILD/shim-16.1/Cryptlib/OpenSSL/Include/ -I/builddir/build/BUILD/shim-16.1/Cryptlib/OpenSSL/crypto -I/builddir/build/BUILD/shim-16.1/Cryptlib/Include -I/builddir/build/BUILD/shim-16.1/gnu-efi/inc -I/builddir/build/BUILD/shim-16.1/gnu-efi/inc/aarch64 -I/builddir/build/BUILD/shim-16.1/gnu-efi/inc/protocol -I/builddir/build/BUILD/shim-16.1/Cryptlib/OpenSSL/crypto/asn1 -I/builddir/build/BUILD/shim-16.1/Cryptlib/OpenSSL/crypto/evp -I/builddir/build/BUILD/shim-16.1/Cryptlib/OpenSSL/crypto/modes -I/builddir/build/BUILD/shim-16.1/Cryptlib/OpenSSL/crypto/include -isystem /builddir/build/BUILD/shim-16.1/include/system -isystem /opt/rh/gcc-toolset-12/root/usr/lib/gcc/aarch64-redhat-linux/12/include -DL_ENDIAN -D_CRT_SECURE_NO_DEPRECATE -D_CRT_NONSTDC_NO_DEPRECATE -DOPENSSL_SMALL_FOOTPRINT -DPEDANTIC -DMDE_CPU_AARCH64   -c -o crypto/evp/m_md4.o /builddir/build/BUILD/shim-16.1/Cryptlib/OpenSSL/crypto/evp/m_md4.c
DEBUG util.py:463:  gcc -std=gnu11 -ggdb -gdwarf-4 -gstrict-dwarf -ffreestanding -fmacro-prefix-map=/builddir/build/BUILD/shim-16.1/= -fno-stack-protector -fno-strict-aliasing -fpic -fshort-wchar -nostdinc -Os -Wall -Wextra -Wno-missing-field-initializers -Wno-empty-body -Wno-implicit-fallthrough -Wno-old-style-declaration -Wno-unused-but-set-variable -Wno-unused-parameter -Werror -Wno-error=unused-but-set-variable -Wno-error=unused-parameter -I/builddir/build/BUILD/shim-16.1/Cryptlib/OpenSSL -I/builddir/build/BUILD/shim-16.1/Cryptlib -I/builddir/build/BUILD/shim-16.1/Cryptlib/OpenSSL/Include/ -I/builddir/build/BUILD/shim-16.1/Cryptlib/OpenSSL/crypto -I/builddir/build/BUILD/shim-16.1/Cryptlib/Include -I/builddir/build/BUILD/shim-16.1/gnu-efi/inc -I/builddir/build/BUILD/shim-16.1/gnu-efi/inc/aarch64 -I/builddir/build/BUILD/shim-16.1/gnu-efi/inc/protocol -I/builddir/build/BUILD/shim-16.1/Cryptlib/OpenSSL/crypto/asn1 -I/builddir/build/BUILD/shim-16.1/Cryptlib/OpenSSL/crypto/evp -I/builddir/build/BUILD/shim-16.1/Cryptlib/OpenSSL/crypto/modes -I/builddir/build/BUILD/shim-16.1/Cryptlib/OpenSSL/crypto/include -isystem /builddir/build/BUILD/shim-16.1/include/system -isystem /opt/rh/gcc-toolset-12/root/usr/lib/gcc/aarch64-redhat-linux/12/include -DL_ENDIAN -D_CRT_SECURE_NO_DEPRECATE -D_CRT_NONSTDC_NO_DEPRECATE -DOPENSSL_SMALL_FOOTPRINT -DPEDANTIC -DMDE_CPU_AARCH64   -c -o crypto/evp/m_md5.o /builddir/build/BUILD/shim-16.1/Cryptlib/OpenSSL/crypto/evp/m_md5.c
DEBUG util.py:463:  gcc -std=gnu11 -ggdb -gdwarf-4 -gstrict-dwarf -ffreestanding -fmacro-prefix-map=/builddir/build/BUILD/shim-16.1/= -fno-stack-protector -fno-strict-aliasing -fpic -fshort-wchar -nostdinc -Os -Wall -Wextra -Wno-missing-field-initializers -Wno-empty-body -Wno-implicit-fallthrough -Wno-old-style-declaration -Wno-unused-but-set-variable -Wno-unused-parameter -Werror -Wno-error=unused-but-set-variable -Wno-error=unused-parameter -I/builddir/build/BUILD/shim-16.1/Cryptlib/OpenSSL -I/builddir/build/BUILD/shim-16.1/Cryptlib -I/builddir/build/BUILD/shim-16.1/Cryptlib/OpenSSL/Include/ -I/builddir/build/BUILD/shim-16.1/Cryptlib/OpenSSL/crypto -I/builddir/build/BUILD/shim-16.1/Cryptlib/Include -I/builddir/build/BUILD/shim-16.1/gnu-efi/inc -I/builddir/build/BUILD/shim-16.1/gnu-efi/inc/aarch64 -I/builddir/build/BUILD/shim-16.1/gnu-efi/inc/protocol -I/builddir/build/BUILD/shim-16.1/Cryptlib/OpenSSL/crypto/asn1 -I/builddir/build/BUILD/shim-16.1/Cryptlib/OpenSSL/crypto/evp -I/builddir/build/BUILD/shim-16.1/Cryptlib/OpenSSL/crypto/modes -I/builddir/build/BUILD/shim-16.1/Cryptlib/OpenSSL/crypto/include -isystem /builddir/build/BUILD/shim-16.1/include/system -isystem /opt/rh/gcc-toolset-12/root/usr/lib/gcc/aarch64-redhat-linux/12/include -DL_ENDIAN -D_CRT_SECURE_NO_DEPRECATE -D_CRT_NONSTDC_NO_DEPRECATE -DOPENSSL_SMALL_FOOTPRINT -DPEDANTIC -DMDE_CPU_AARCH64   -c -o crypto/evp/m_sha.o /builddir/build/BUILD/shim-16.1/Cryptlib/OpenSSL/crypto/evp/m_sha.c
DEBUG util.py:463:  gcc -std=gnu11 -ggdb -gdwarf-4 -gstrict-dwarf -ffreestanding -fmacro-prefix-map=/builddir/build/BUILD/shim-16.1/= -fno-stack-protector -fno-strict-aliasing -fpic -fshort-wchar -nostdinc -Os -Wall -Wextra -Wno-missing-field-initializers -Wno-empty-body -Wno-implicit-fallthrough -Wno-old-style-declaration -Wno-unused-but-set-variable -Wno-unused-parameter -Werror -Wno-error=unused-but-set-variable -Wno-error=unused-parameter -I/builddir/build/BUILD/shim-16.1/Cryptlib/OpenSSL -I/builddir/build/BUILD/shim-16.1/Cryptlib -I/builddir/build/BUILD/shim-16.1/Cryptlib/OpenSSL/Include/ -I/builddir/build/BUILD/shim-16.1/Cryptlib/OpenSSL/crypto -I/builddir/build/BUILD/shim-16.1/Cryptlib/Include -I/builddir/build/BUILD/shim-16.1/gnu-efi/inc -I/builddir/build/BUILD/shim-16.1/gnu-efi/inc/aarch64 -I/builddir/build/BUILD/shim-16.1/gnu-efi/inc/protocol -I/builddir/build/BUILD/shim-16.1/Cryptlib/OpenSSL/crypto/asn1 -I/builddir/build/BUILD/shim-16.1/Cryptlib/OpenSSL/crypto/evp -I/builddir/build/BUILD/shim-16.1/Cryptlib/OpenSSL/crypto/modes -I/builddir/build/BUILD/shim-16.1/Cryptlib/OpenSSL/crypto/include -isystem /builddir/build/BUILD/shim-16.1/include/system -isystem /opt/rh/gcc-toolset-12/root/usr/lib/gcc/aarch64-redhat-linux/12/include -DL_ENDIAN -D_CRT_SECURE_NO_DEPRECATE -D_CRT_NONSTDC_NO_DEPRECATE -DOPENSSL_SMALL_FOOTPRINT -DPEDANTIC -DMDE_CPU_AARCH64   -c -o crypto/evp/m_sha1.o /builddir/build/BUILD/shim-16.1/Cryptlib/OpenSSL/crypto/evp/m_sha1.c
DEBUG util.py:463:  gcc -std=gnu11 -ggdb -gdwarf-4 -gstrict-dwarf -ffreestanding -fmacro-prefix-map=/builddir/build/BUILD/shim-16.1/= -fno-stack-protector -fno-strict-aliasing -fpic -fshort-wchar -nostdinc -Os -Wall -Wextra -Wno-missing-field-initializers -Wno-empty-body -Wno-implicit-fallthrough -Wno-old-style-declaration -Wno-unused-but-set-variable -Wno-unused-parameter -Werror -Wno-error=unused-but-set-variable -Wno-error=unused-parameter -I/builddir/build/BUILD/shim-16.1/Cryptlib/OpenSSL -I/builddir/build/BUILD/shim-16.1/Cryptlib -I/builddir/build/BUILD/shim-16.1/Cryptlib/OpenSSL/Include/ -I/builddir/build/BUILD/shim-16.1/Cryptlib/OpenSSL/crypto -I/builddir/build/BUILD/shim-16.1/Cryptlib/Include -I/builddir/build/BUILD/shim-16.1/gnu-efi/inc -I/builddir/build/BUILD/shim-16.1/gnu-efi/inc/aarch64 -I/builddir/build/BUILD/shim-16.1/gnu-efi/inc/protocol -I/builddir/build/BUILD/shim-16.1/Cryptlib/OpenSSL/crypto/asn1 -I/builddir/build/BUILD/shim-16.1/Cryptlib/OpenSSL/crypto/evp -I/builddir/build/BUILD/shim-16.1/Cryptlib/OpenSSL/crypto/modes -I/builddir/build/BUILD/shim-16.1/Cryptlib/OpenSSL/crypto/include -isystem /builddir/build/BUILD/shim-16.1/include/system -isystem /opt/rh/gcc-toolset-12/root/usr/lib/gcc/aarch64-redhat-linux/12/include -DL_ENDIAN -D_CRT_SECURE_NO_DEPRECATE -D_CRT_NONSTDC_NO_DEPRECATE -DOPENSSL_SMALL_FOOTPRINT -DPEDANTIC -DMDE_CPU_AARCH64   -c -o crypto/evp/m_wp.o /builddir/build/BUILD/shim-16.1/Cryptlib/OpenSSL/crypto/evp/m_wp.c
DEBUG util.py:463:  gcc -std=gnu11 -ggdb -gdwarf-4 -gstrict-dwarf -ffreestanding -fmacro-prefix-map=/builddir/build/BUILD/shim-16.1/= -fno-stack-protector -fno-strict-aliasing -fpic -fshort-wchar -nostdinc -Os -Wall -Wextra -Wno-missing-field-initializers -Wno-empty-body -Wno-implicit-fallthrough -Wno-old-style-declaration -Wno-unused-but-set-variable -Wno-unused-parameter -Werror -Wno-error=unused-but-set-variable -Wno-error=unused-parameter -I/builddir/build/BUILD/shim-16.1/Cryptlib/OpenSSL -I/builddir/build/BUILD/shim-16.1/Cryptlib -I/builddir/build/BUILD/shim-16.1/Cryptlib/OpenSSL/Include/ -I/builddir/build/BUILD/shim-16.1/Cryptlib/OpenSSL/crypto -I/builddir/build/BUILD/shim-16.1/Cryptlib/Include -I/builddir/build/BUILD/shim-16.1/gnu-efi/inc -I/builddir/build/BUILD/shim-16.1/gnu-efi/inc/aarch64 -I/builddir/build/BUILD/shim-16.1/gnu-efi/inc/protocol -I/builddir/build/BUILD/shim-16.1/Cryptlib/OpenSSL/crypto/asn1 -I/builddir/build/BUILD/shim-16.1/Cryptlib/OpenSSL/crypto/evp -I/builddir/build/BUILD/shim-16.1/Cryptlib/OpenSSL/crypto/modes -I/builddir/build/BUILD/shim-16.1/Cryptlib/OpenSSL/crypto/include -isystem /builddir/build/BUILD/shim-16.1/include/system -isystem /opt/rh/gcc-toolset-12/root/usr/lib/gcc/aarch64-redhat-linux/12/include -DL_ENDIAN -D_CRT_SECURE_NO_DEPRECATE -D_CRT_NONSTDC_NO_DEPRECATE -DOPENSSL_SMALL_FOOTPRINT -DPEDANTIC -DMDE_CPU_AARCH64   -c -o crypto/evp/m_dss.o /builddir/build/BUILD/shim-16.1/Cryptlib/OpenSSL/crypto/evp/m_dss.c
DEBUG util.py:463:  gcc -std=gnu11 -ggdb -gdwarf-4 -gstrict-dwarf -ffreestanding -fmacro-prefix-map=/builddir/build/BUILD/shim-16.1/= -fno-stack-protector -fno-strict-aliasing -fpic -fshort-wchar -nostdinc -Os -Wall -Wextra -Wno-missing-field-initializers -Wno-empty-body -Wno-implicit-fallthrough -Wno-old-style-declaration -Wno-unused-but-set-variable -Wno-unused-parameter -Werror -Wno-error=unused-but-set-variable -Wno-error=unused-parameter -I/builddir/build/BUILD/shim-16.1/Cryptlib/OpenSSL -I/builddir/build/BUILD/shim-16.1/Cryptlib -I/builddir/build/BUILD/shim-16.1/Cryptlib/OpenSSL/Include/ -I/builddir/build/BUILD/shim-16.1/Cryptlib/OpenSSL/crypto -I/builddir/build/BUILD/shim-16.1/Cryptlib/Include -I/builddir/build/BUILD/shim-16.1/gnu-efi/inc -I/builddir/build/BUILD/shim-16.1/gnu-efi/inc/aarch64 -I/builddir/build/BUILD/shim-16.1/gnu-efi/inc/protocol -I/builddir/build/BUILD/shim-16.1/Cryptlib/OpenSSL/crypto/asn1 -I/builddir/build/BUILD/shim-16.1/Cryptlib/OpenSSL/crypto/evp -I/builddir/build/BUILD/shim-16.1/Cryptlib/OpenSSL/crypto/modes -I/builddir/build/BUILD/shim-16.1/Cryptlib/OpenSSL/crypto/include -isystem /builddir/build/BUILD/shim-16.1/include/system -isystem /opt/rh/gcc-toolset-12/root/usr/lib/gcc/aarch64-redhat-linux/12/include -DL_ENDIAN -D_CRT_SECURE_NO_DEPRECATE -D_CRT_NONSTDC_NO_DEPRECATE -DOPENSSL_SMALL_FOOTPRINT -DPEDANTIC -DMDE_CPU_AARCH64   -c -o crypto/evp/m_dss1.o /builddir/build/BUILD/shim-16.1/Cryptlib/OpenSSL/crypto/evp/m_dss1.c
DEBUG util.py:463:  gcc -std=gnu11 -ggdb -gdwarf-4 -gstrict-dwarf -ffreestanding -fmacro-prefix-map=/builddir/build/BUILD/shim-16.1/= -fno-stack-protector -fno-strict-aliasing -fpic -fshort-wchar -nostdinc -Os -Wall -Wextra -Wno-missing-field-initializers -Wno-empty-body -Wno-implicit-fallthrough -Wno-old-style-declaration -Wno-unused-but-set-variable -Wno-unused-parameter -Werror -Wno-error=unused-but-set-variable -Wno-error=unused-parameter -I/builddir/build/BUILD/shim-16.1/Cryptlib/OpenSSL -I/builddir/build/BUILD/shim-16.1/Cryptlib -I/builddir/build/BUILD/shim-16.1/Cryptlib/OpenSSL/Include/ -I/builddir/build/BUILD/shim-16.1/Cryptlib/OpenSSL/crypto -I/builddir/build/BUILD/shim-16.1/Cryptlib/Include -I/builddir/build/BUILD/shim-16.1/gnu-efi/inc -I/builddir/build/BUILD/shim-16.1/gnu-efi/inc/aarch64 -I/builddir/build/BUILD/shim-16.1/gnu-efi/inc/protocol -I/builddir/build/BUILD/shim-16.1/Cryptlib/OpenSSL/crypto/asn1 -I/builddir/build/BUILD/shim-16.1/Cryptlib/OpenSSL/crypto/evp -I/builddir/build/BUILD/shim-16.1/Cryptlib/OpenSSL/crypto/modes -I/builddir/build/BUILD/shim-16.1/Cryptlib/OpenSSL/crypto/include -isystem /builddir/build/BUILD/shim-16.1/include/system -isystem /opt/rh/gcc-toolset-12/root/usr/lib/gcc/aarch64-redhat-linux/12/include -DL_ENDIAN -D_CRT_SECURE_NO_DEPRECATE -D_CRT_NONSTDC_NO_DEPRECATE -DOPENSSL_SMALL_FOOTPRINT -DPEDANTIC -DMDE_CPU_AARCH64   -c -o crypto/evp/m_mdc2.o /builddir/build/BUILD/shim-16.1/Cryptlib/OpenSSL/crypto/evp/m_mdc2.c
DEBUG util.py:463:  gcc -std=gnu11 -ggdb -gdwarf-4 -gstrict-dwarf -ffreestanding -fmacro-prefix-map=/builddir/build/BUILD/shim-16.1/= -fno-stack-protector -fno-strict-aliasing -fpic -fshort-wchar -nostdinc -Os -Wall -Wextra -Wno-missing-field-initializers -Wno-empty-body -Wno-implicit-fallthrough -Wno-old-style-declaration -Wno-unused-but-set-variable -Wno-unused-parameter -Werror -Wno-error=unused-but-set-variable -Wno-error=unused-parameter -I/builddir/build/BUILD/shim-16.1/Cryptlib/OpenSSL -I/builddir/build/BUILD/shim-16.1/Cryptlib -I/builddir/build/BUILD/shim-16.1/Cryptlib/OpenSSL/Include/ -I/builddir/build/BUILD/shim-16.1/Cryptlib/OpenSSL/crypto -I/builddir/build/BUILD/shim-16.1/Cryptlib/Include -I/builddir/build/BUILD/shim-16.1/gnu-efi/inc -I/builddir/build/BUILD/shim-16.1/gnu-efi/inc/aarch64 -I/builddir/build/BUILD/shim-16.1/gnu-efi/inc/protocol -I/builddir/build/BUILD/shim-16.1/Cryptlib/OpenSSL/crypto/asn1 -I/builddir/build/BUILD/shim-16.1/Cryptlib/OpenSSL/crypto/evp -I/builddir/build/BUILD/shim-16.1/Cryptlib/OpenSSL/crypto/modes -I/builddir/build/BUILD/shim-16.1/Cryptlib/OpenSSL/crypto/include -isystem /builddir/build/BUILD/shim-16.1/include/system -isystem /opt/rh/gcc-toolset-12/root/usr/lib/gcc/aarch64-redhat-linux/12/include -DL_ENDIAN -D_CRT_SECURE_NO_DEPRECATE -D_CRT_NONSTDC_NO_DEPRECATE -DOPENSSL_SMALL_FOOTPRINT -DPEDANTIC -DMDE_CPU_AARCH64   -c -o crypto/evp/m_ripemd.o /builddir/build/BUILD/shim-16.1/Cryptlib/OpenSSL/crypto/evp/m_ripemd.c
DEBUG util.py:463:  gcc -std=gnu11 -ggdb -gdwarf-4 -gstrict-dwarf -ffreestanding -fmacro-prefix-map=/builddir/build/BUILD/shim-16.1/= -fno-stack-protector -fno-strict-aliasing -fpic -fshort-wchar -nostdinc -Os -Wall -Wextra -Wno-missing-field-initializers -Wno-empty-body -Wno-implicit-fallthrough -Wno-old-style-declaration -Wno-unused-but-set-variable -Wno-unused-parameter -Werror -Wno-error=unused-but-set-variable -Wno-error=unused-parameter -I/builddir/build/BUILD/shim-16.1/Cryptlib/OpenSSL -I/builddir/build/BUILD/shim-16.1/Cryptlib -I/builddir/build/BUILD/shim-16.1/Cryptlib/OpenSSL/Include/ -I/builddir/build/BUILD/shim-16.1/Cryptlib/OpenSSL/crypto -I/builddir/build/BUILD/shim-16.1/Cryptlib/Include -I/builddir/build/BUILD/shim-16.1/gnu-efi/inc -I/builddir/build/BUILD/shim-16.1/gnu-efi/inc/aarch64 -I/builddir/build/BUILD/shim-16.1/gnu-efi/inc/protocol -I/builddir/build/BUILD/shim-16.1/Cryptlib/OpenSSL/crypto/asn1 -I/builddir/build/BUILD/shim-16.1/Cryptlib/OpenSSL/crypto/evp -I/builddir/build/BUILD/shim-16.1/Cryptlib/OpenSSL/crypto/modes -I/builddir/build/BUILD/shim-16.1/Cryptlib/OpenSSL/crypto/include -isystem /builddir/build/BUILD/shim-16.1/include/system -isystem /opt/rh/gcc-toolset-12/root/usr/lib/gcc/aarch64-redhat-linux/12/include -DL_ENDIAN -D_CRT_SECURE_NO_DEPRECATE -D_CRT_NONSTDC_NO_DEPRECATE -DOPENSSL_SMALL_FOOTPRINT -DPEDANTIC -DMDE_CPU_AARCH64   -c -o crypto/evp/m_ecdsa.o /builddir/build/BUILD/shim-16.1/Cryptlib/OpenSSL/crypto/evp/m_ecdsa.c
DEBUG util.py:463:  gcc -std=gnu11 -ggdb -gdwarf-4 -gstrict-dwarf -ffreestanding -fmacro-prefix-map=/builddir/build/BUILD/shim-16.1/= -fno-stack-protector -fno-strict-aliasing -fpic -fshort-wchar -nostdinc -Os -Wall -Wextra -Wno-missing-field-initializers -Wno-empty-body -Wno-implicit-fallthrough -Wno-old-style-declaration -Wno-unused-but-set-variable -Wno-unused-parameter -Werror -Wno-error=unused-but-set-variable -Wno-error=unused-parameter -I/builddir/build/BUILD/shim-16.1/Cryptlib/OpenSSL -I/builddir/build/BUILD/shim-16.1/Cryptlib -I/builddir/build/BUILD/shim-16.1/Cryptlib/OpenSSL/Include/ -I/builddir/build/BUILD/shim-16.1/Cryptlib/OpenSSL/crypto -I/builddir/build/BUILD/shim-16.1/Cryptlib/Include -I/builddir/build/BUILD/shim-16.1/gnu-efi/inc -I/builddir/build/BUILD/shim-16.1/gnu-efi/inc/aarch64 -I/builddir/build/BUILD/shim-16.1/gnu-efi/inc/protocol -I/builddir/build/BUILD/shim-16.1/Cryptlib/OpenSSL/crypto/asn1 -I/builddir/build/BUILD/shim-16.1/Cryptlib/OpenSSL/crypto/evp -I/builddir/build/BUILD/shim-16.1/Cryptlib/OpenSSL/crypto/modes -I/builddir/build/BUILD/shim-16.1/Cryptlib/OpenSSL/crypto/include -isystem /builddir/build/BUILD/shim-16.1/include/system -isystem /opt/rh/gcc-toolset-12/root/usr/lib/gcc/aarch64-redhat-linux/12/include -DL_ENDIAN -D_CRT_SECURE_NO_DEPRECATE -D_CRT_NONSTDC_NO_DEPRECATE -DOPENSSL_SMALL_FOOTPRINT -DPEDANTIC -DMDE_CPU_AARCH64   -c -o crypto/evp/p_open.o /builddir/build/BUILD/shim-16.1/Cryptlib/OpenSSL/crypto/evp/p_open.c
DEBUG util.py:463:  gcc -std=gnu11 -ggdb -gdwarf-4 -gstrict-dwarf -ffreestanding -fmacro-prefix-map=/builddir/build/BUILD/shim-16.1/= -fno-stack-protector -fno-strict-aliasing -fpic -fshort-wchar -nostdinc -Os -Wall -Wextra -Wno-missing-field-initializers -Wno-empty-body -Wno-implicit-fallthrough -Wno-old-style-declaration -Wno-unused-but-set-variable -Wno-unused-parameter -Werror -Wno-error=unused-but-set-variable -Wno-error=unused-parameter -I/builddir/build/BUILD/shim-16.1/Cryptlib/OpenSSL -I/builddir/build/BUILD/shim-16.1/Cryptlib -I/builddir/build/BUILD/shim-16.1/Cryptlib/OpenSSL/Include/ -I/builddir/build/BUILD/shim-16.1/Cryptlib/OpenSSL/crypto -I/builddir/build/BUILD/shim-16.1/Cryptlib/Include -I/builddir/build/BUILD/shim-16.1/gnu-efi/inc -I/builddir/build/BUILD/shim-16.1/gnu-efi/inc/aarch64 -I/builddir/build/BUILD/shim-16.1/gnu-efi/inc/protocol -I/builddir/build/BUILD/shim-16.1/Cryptlib/OpenSSL/crypto/asn1 -I/builddir/build/BUILD/shim-16.1/Cryptlib/OpenSSL/crypto/evp -I/builddir/build/BUILD/shim-16.1/Cryptlib/OpenSSL/crypto/modes -I/builddir/build/BUILD/shim-16.1/Cryptlib/OpenSSL/crypto/include -isystem /builddir/build/BUILD/shim-16.1/include/system -isystem /opt/rh/gcc-toolset-12/root/usr/lib/gcc/aarch64-redhat-linux/12/include -DL_ENDIAN -D_CRT_SECURE_NO_DEPRECATE -D_CRT_NONSTDC_NO_DEPRECATE -DOPENSSL_SMALL_FOOTPRINT -DPEDANTIC -DMDE_CPU_AARCH64   -c -o crypto/evp/p_seal.o /builddir/build/BUILD/shim-16.1/Cryptlib/OpenSSL/crypto/evp/p_seal.c
DEBUG util.py:463:  gcc -std=gnu11 -ggdb -gdwarf-4 -gstrict-dwarf -ffreestanding -fmacro-prefix-map=/builddir/build/BUILD/shim-16.1/= -fno-stack-protector -fno-strict-aliasing -fpic -fshort-wchar -nostdinc -Os -Wall -Wextra -Wno-missing-field-initializers -Wno-empty-body -Wno-implicit-fallthrough -Wno-old-style-declaration -Wno-unused-but-set-variable -Wno-unused-parameter -Werror -Wno-error=unused-but-set-variable -Wno-error=unused-parameter -I/builddir/build/BUILD/shim-16.1/Cryptlib/OpenSSL -I/builddir/build/BUILD/shim-16.1/Cryptlib -I/builddir/build/BUILD/shim-16.1/Cryptlib/OpenSSL/Include/ -I/builddir/build/BUILD/shim-16.1/Cryptlib/OpenSSL/crypto -I/builddir/build/BUILD/shim-16.1/Cryptlib/Include -I/builddir/build/BUILD/shim-16.1/gnu-efi/inc -I/builddir/build/BUILD/shim-16.1/gnu-efi/inc/aarch64 -I/builddir/build/BUILD/shim-16.1/gnu-efi/inc/protocol -I/builddir/build/BUILD/shim-16.1/Cryptlib/OpenSSL/crypto/asn1 -I/builddir/build/BUILD/shim-16.1/Cryptlib/OpenSSL/crypto/evp -I/builddir/build/BUILD/shim-16.1/Cryptlib/OpenSSL/crypto/modes -I/builddir/build/BUILD/shim-16.1/Cryptlib/OpenSSL/crypto/include -isystem /builddir/build/BUILD/shim-16.1/include/system -isystem /opt/rh/gcc-toolset-12/root/usr/lib/gcc/aarch64-redhat-linux/12/include -DL_ENDIAN -D_CRT_SECURE_NO_DEPRECATE -D_CRT_NONSTDC_NO_DEPRECATE -DOPENSSL_SMALL_FOOTPRINT -DPEDANTIC -DMDE_CPU_AARCH64   -c -o crypto/evp/p_sign.o /builddir/build/BUILD/shim-16.1/Cryptlib/OpenSSL/crypto/evp/p_sign.c
DEBUG util.py:463:  gcc -std=gnu11 -ggdb -gdwarf-4 -gstrict-dwarf -ffreestanding -fmacro-prefix-map=/builddir/build/BUILD/shim-16.1/= -fno-stack-protector -fno-strict-aliasing -fpic -fshort-wchar -nostdinc -Os -Wall -Wextra -Wno-missing-field-initializers -Wno-empty-body -Wno-implicit-fallthrough -Wno-old-style-declaration -Wno-unused-but-set-variable -Wno-unused-parameter -Werror -Wno-error=unused-but-set-variable -Wno-error=unused-parameter -I/builddir/build/BUILD/shim-16.1/Cryptlib/OpenSSL -I/builddir/build/BUILD/shim-16.1/Cryptlib -I/builddir/build/BUILD/shim-16.1/Cryptlib/OpenSSL/Include/ -I/builddir/build/BUILD/shim-16.1/Cryptlib/OpenSSL/crypto -I/builddir/build/BUILD/shim-16.1/Cryptlib/Include -I/builddir/build/BUILD/shim-16.1/gnu-efi/inc -I/builddir/build/BUILD/shim-16.1/gnu-efi/inc/aarch64 -I/builddir/build/BUILD/shim-16.1/gnu-efi/inc/protocol -I/builddir/build/BUILD/shim-16.1/Cryptlib/OpenSSL/crypto/asn1 -I/builddir/build/BUILD/shim-16.1/Cryptlib/OpenSSL/crypto/evp -I/builddir/build/BUILD/shim-16.1/Cryptlib/OpenSSL/crypto/modes -I/builddir/build/BUILD/shim-16.1/Cryptlib/OpenSSL/crypto/include -isystem /builddir/build/BUILD/shim-16.1/include/system -isystem /opt/rh/gcc-toolset-12/root/usr/lib/gcc/aarch64-redhat-linux/12/include -DL_ENDIAN -D_CRT_SECURE_NO_DEPRECATE -D_CRT_NONSTDC_NO_DEPRECATE -DOPENSSL_SMALL_FOOTPRINT -DPEDANTIC -DMDE_CPU_AARCH64   -c -o crypto/evp/p_verify.o /builddir/build/BUILD/shim-16.1/Cryptlib/OpenSSL/crypto/evp/p_verify.c
DEBUG util.py:463:  gcc -std=gnu11 -ggdb -gdwarf-4 -gstrict-dwarf -ffreestanding -fmacro-prefix-map=/builddir/build/BUILD/shim-16.1/= -fno-stack-protector -fno-strict-aliasing -fpic -fshort-wchar -nostdinc -Os -Wall -Wextra -Wno-missing-field-initializers -Wno-empty-body -Wno-implicit-fallthrough -Wno-old-style-declaration -Wno-unused-but-set-variable -Wno-unused-parameter -Werror -Wno-error=unused-but-set-variable -Wno-error=unused-parameter -I/builddir/build/BUILD/shim-16.1/Cryptlib/OpenSSL -I/builddir/build/BUILD/shim-16.1/Cryptlib -I/builddir/build/BUILD/shim-16.1/Cryptlib/OpenSSL/Include/ -I/builddir/build/BUILD/shim-16.1/Cryptlib/OpenSSL/crypto -I/builddir/build/BUILD/shim-16.1/Cryptlib/Include -I/builddir/build/BUILD/shim-16.1/gnu-efi/inc -I/builddir/build/BUILD/shim-16.1/gnu-efi/inc/aarch64 -I/builddir/build/BUILD/shim-16.1/gnu-efi/inc/protocol -I/builddir/build/BUILD/shim-16.1/Cryptlib/OpenSSL/crypto/asn1 -I/builddir/build/BUILD/shim-16.1/Cryptlib/OpenSSL/crypto/evp -I/builddir/build/BUILD/shim-16.1/Cryptlib/OpenSSL/crypto/modes -I/builddir/build/BUILD/shim-16.1/Cryptlib/OpenSSL/crypto/include -isystem /builddir/build/BUILD/shim-16.1/include/system -isystem /opt/rh/gcc-toolset-12/root/usr/lib/gcc/aarch64-redhat-linux/12/include -DL_ENDIAN -D_CRT_SECURE_NO_DEPRECATE -D_CRT_NONSTDC_NO_DEPRECATE -DOPENSSL_SMALL_FOOTPRINT -DPEDANTIC -DMDE_CPU_AARCH64   -c -o crypto/evp/p_lib.o /builddir/build/BUILD/shim-16.1/Cryptlib/OpenSSL/crypto/evp/p_lib.c
DEBUG util.py:463:  gcc -std=gnu11 -ggdb -gdwarf-4 -gstrict-dwarf -ffreestanding -fmacro-prefix-map=/builddir/build/BUILD/shim-16.1/= -fno-stack-protector -fno-strict-aliasing -fpic -fshort-wchar -nostdinc -Os -Wall -Wextra -Wno-missing-field-initializers -Wno-empty-body -Wno-implicit-fallthrough -Wno-old-style-declaration -Wno-unused-but-set-variable -Wno-unused-parameter -Werror -Wno-error=unused-but-set-variable -Wno-error=unused-parameter -I/builddir/build/BUILD/shim-16.1/Cryptlib/OpenSSL -I/builddir/build/BUILD/shim-16.1/Cryptlib -I/builddir/build/BUILD/shim-16.1/Cryptlib/OpenSSL/Include/ -I/builddir/build/BUILD/shim-16.1/Cryptlib/OpenSSL/crypto -I/builddir/build/BUILD/shim-16.1/Cryptlib/Include -I/builddir/build/BUILD/shim-16.1/gnu-efi/inc -I/builddir/build/BUILD/shim-16.1/gnu-efi/inc/aarch64 -I/builddir/build/BUILD/shim-16.1/gnu-efi/inc/protocol -I/builddir/build/BUILD/shim-16.1/Cryptlib/OpenSSL/crypto/asn1 -I/builddir/build/BUILD/shim-16.1/Cryptlib/OpenSSL/crypto/evp -I/builddir/build/BUILD/shim-16.1/Cryptlib/OpenSSL/crypto/modes -I/builddir/build/BUILD/shim-16.1/Cryptlib/OpenSSL/crypto/include -isystem /builddir/build/BUILD/shim-16.1/include/system -isystem /opt/rh/gcc-toolset-12/root/usr/lib/gcc/aarch64-redhat-linux/12/include -DL_ENDIAN -D_CRT_SECURE_NO_DEPRECATE -D_CRT_NONSTDC_NO_DEPRECATE -DOPENSSL_SMALL_FOOTPRINT -DPEDANTIC -DMDE_CPU_AARCH64   -c -o crypto/evp/p_enc.o /builddir/build/BUILD/shim-16.1/Cryptlib/OpenSSL/crypto/evp/p_enc.c
DEBUG util.py:463:  gcc -std=gnu11 -ggdb -gdwarf-4 -gstrict-dwarf -ffreestanding -fmacro-prefix-map=/builddir/build/BUILD/shim-16.1/= -fno-stack-protector -fno-strict-aliasing -fpic -fshort-wchar -nostdinc -Os -Wall -Wextra -Wno-missing-field-initializers -Wno-empty-body -Wno-implicit-fallthrough -Wno-old-style-declaration -Wno-unused-but-set-variable -Wno-unused-parameter -Werror -Wno-error=unused-but-set-variable -Wno-error=unused-parameter -I/builddir/build/BUILD/shim-16.1/Cryptlib/OpenSSL -I/builddir/build/BUILD/shim-16.1/Cryptlib -I/builddir/build/BUILD/shim-16.1/Cryptlib/OpenSSL/Include/ -I/builddir/build/BUILD/shim-16.1/Cryptlib/OpenSSL/crypto -I/builddir/build/BUILD/shim-16.1/Cryptlib/Include -I/builddir/build/BUILD/shim-16.1/gnu-efi/inc -I/builddir/build/BUILD/shim-16.1/gnu-efi/inc/aarch64 -I/builddir/build/BUILD/shim-16.1/gnu-efi/inc/protocol -I/builddir/build/BUILD/shim-16.1/Cryptlib/OpenSSL/crypto/asn1 -I/builddir/build/BUILD/shim-16.1/Cryptlib/OpenSSL/crypto/evp -I/builddir/build/BUILD/shim-16.1/Cryptlib/OpenSSL/crypto/modes -I/builddir/build/BUILD/shim-16.1/Cryptlib/OpenSSL/crypto/include -isystem /builddir/build/BUILD/shim-16.1/include/system -isystem /opt/rh/gcc-toolset-12/root/usr/lib/gcc/aarch64-redhat-linux/12/include -DL_ENDIAN -D_CRT_SECURE_NO_DEPRECATE -D_CRT_NONSTDC_NO_DEPRECATE -DOPENSSL_SMALL_FOOTPRINT -DPEDANTIC -DMDE_CPU_AARCH64   -c -o crypto/evp/p_dec.o /builddir/build/BUILD/shim-16.1/Cryptlib/OpenSSL/crypto/evp/p_dec.c
DEBUG util.py:463:  gcc -std=gnu11 -ggdb -gdwarf-4 -gstrict-dwarf -ffreestanding -fmacro-prefix-map=/builddir/build/BUILD/shim-16.1/= -fno-stack-protector -fno-strict-aliasing -fpic -fshort-wchar -nostdinc -Os -Wall -Wextra -Wno-missing-field-initializers -Wno-empty-body -Wno-implicit-fallthrough -Wno-old-style-declaration -Wno-unused-but-set-variable -Wno-unused-parameter -Werror -Wno-error=unused-but-set-variable -Wno-error=unused-parameter -I/builddir/build/BUILD/shim-16.1/Cryptlib/OpenSSL -I/builddir/build/BUILD/shim-16.1/Cryptlib -I/builddir/build/BUILD/shim-16.1/Cryptlib/OpenSSL/Include/ -I/builddir/build/BUILD/shim-16.1/Cryptlib/OpenSSL/crypto -I/builddir/build/BUILD/shim-16.1/Cryptlib/Include -I/builddir/build/BUILD/shim-16.1/gnu-efi/inc -I/builddir/build/BUILD/shim-16.1/gnu-efi/inc/aarch64 -I/builddir/build/BUILD/shim-16.1/gnu-efi/inc/protocol -I/builddir/build/BUILD/shim-16.1/Cryptlib/OpenSSL/crypto/asn1 -I/builddir/build/BUILD/shim-16.1/Cryptlib/OpenSSL/crypto/evp -I/builddir/build/BUILD/shim-16.1/Cryptlib/OpenSSL/crypto/modes -I/builddir/build/BUILD/shim-16.1/Cryptlib/OpenSSL/crypto/include -isystem /builddir/build/BUILD/shim-16.1/include/system -isystem /opt/rh/gcc-toolset-12/root/usr/lib/gcc/aarch64-redhat-linux/12/include -DL_ENDIAN -D_CRT_SECURE_NO_DEPRECATE -D_CRT_NONSTDC_NO_DEPRECATE -DOPENSSL_SMALL_FOOTPRINT -DPEDANTIC -DMDE_CPU_AARCH64   -c -o crypto/evp/bio_md.o /builddir/build/BUILD/shim-16.1/Cryptlib/OpenSSL/crypto/evp/bio_md.c
DEBUG util.py:463:  gcc -std=gnu11 -ggdb -gdwarf-4 -gstrict-dwarf -ffreestanding -fmacro-prefix-map=/builddir/build/BUILD/shim-16.1/= -fno-stack-protector -fno-strict-aliasing -fpic -fshort-wchar -nostdinc -Os -Wall -Wextra -Wno-missing-field-initializers -Wno-empty-body -Wno-implicit-fallthrough -Wno-old-style-declaration -Wno-unused-but-set-variable -Wno-unused-parameter -Werror -Wno-error=unused-but-set-variable -Wno-error=unused-parameter -I/builddir/build/BUILD/shim-16.1/Cryptlib/OpenSSL -I/builddir/build/BUILD/shim-16.1/Cryptlib -I/builddir/build/BUILD/shim-16.1/Cryptlib/OpenSSL/Include/ -I/builddir/build/BUILD/shim-16.1/Cryptlib/OpenSSL/crypto -I/builddir/build/BUILD/shim-16.1/Cryptlib/Include -I/builddir/build/BUILD/shim-16.1/gnu-efi/inc -I/builddir/build/BUILD/shim-16.1/gnu-efi/inc/aarch64 -I/builddir/build/BUILD/shim-16.1/gnu-efi/inc/protocol -I/builddir/build/BUILD/shim-16.1/Cryptlib/OpenSSL/crypto/asn1 -I/builddir/build/BUILD/shim-16.1/Cryptlib/OpenSSL/crypto/evp -I/builddir/build/BUILD/shim-16.1/Cryptlib/OpenSSL/crypto/modes -I/builddir/build/BUILD/shim-16.1/Cryptlib/OpenSSL/crypto/include -isystem /builddir/build/BUILD/shim-16.1/include/system -isystem /opt/rh/gcc-toolset-12/root/usr/lib/gcc/aarch64-redhat-linux/12/include -DL_ENDIAN -D_CRT_SECURE_NO_DEPRECATE -D_CRT_NONSTDC_NO_DEPRECATE -DOPENSSL_SMALL_FOOTPRINT -DPEDANTIC -DMDE_CPU_AARCH64   -c -o crypto/evp/bio_b64.o /builddir/build/BUILD/shim-16.1/Cryptlib/OpenSSL/crypto/evp/bio_b64.c
DEBUG util.py:463:  gcc -std=gnu11 -ggdb -gdwarf-4 -gstrict-dwarf -ffreestanding -fmacro-prefix-map=/builddir/build/BUILD/shim-16.1/= -fno-stack-protector -fno-strict-aliasing -fpic -fshort-wchar -nostdinc -Os -Wall -Wextra -Wno-missing-field-initializers -Wno-empty-body -Wno-implicit-fallthrough -Wno-old-style-declaration -Wno-unused-but-set-variable -Wno-unused-parameter -Werror -Wno-error=unused-but-set-variable -Wno-error=unused-parameter -I/builddir/build/BUILD/shim-16.1/Cryptlib/OpenSSL -I/builddir/build/BUILD/shim-16.1/Cryptlib -I/builddir/build/BUILD/shim-16.1/Cryptlib/OpenSSL/Include/ -I/builddir/build/BUILD/shim-16.1/Cryptlib/OpenSSL/crypto -I/builddir/build/BUILD/shim-16.1/Cryptlib/Include -I/builddir/build/BUILD/shim-16.1/gnu-efi/inc -I/builddir/build/BUILD/shim-16.1/gnu-efi/inc/aarch64 -I/builddir/build/BUILD/shim-16.1/gnu-efi/inc/protocol -I/builddir/build/BUILD/shim-16.1/Cryptlib/OpenSSL/crypto/asn1 -I/builddir/build/BUILD/shim-16.1/Cryptlib/OpenSSL/crypto/evp -I/builddir/build/BUILD/shim-16.1/Cryptlib/OpenSSL/crypto/modes -I/builddir/build/BUILD/shim-16.1/Cryptlib/OpenSSL/crypto/include -isystem /builddir/build/BUILD/shim-16.1/include/system -isystem /opt/rh/gcc-toolset-12/root/usr/lib/gcc/aarch64-redhat-linux/12/include -DL_ENDIAN -D_CRT_SECURE_NO_DEPRECATE -D_CRT_NONSTDC_NO_DEPRECATE -DOPENSSL_SMALL_FOOTPRINT -DPEDANTIC -DMDE_CPU_AARCH64   -c -o crypto/evp/bio_enc.o /builddir/build/BUILD/shim-16.1/Cryptlib/OpenSSL/crypto/evp/bio_enc.c
DEBUG util.py:463:  gcc -std=gnu11 -ggdb -gdwarf-4 -gstrict-dwarf -ffreestanding -fmacro-prefix-map=/builddir/build/BUILD/shim-16.1/= -fno-stack-protector -fno-strict-aliasing -fpic -fshort-wchar -nostdinc -Os -Wall -Wextra -Wno-missing-field-initializers -Wno-empty-body -Wno-implicit-fallthrough -Wno-old-style-declaration -Wno-unused-but-set-variable -Wno-unused-parameter -Werror -Wno-error=unused-but-set-variable -Wno-error=unused-parameter -I/builddir/build/BUILD/shim-16.1/Cryptlib/OpenSSL -I/builddir/build/BUILD/shim-16.1/Cryptlib -I/builddir/build/BUILD/shim-16.1/Cryptlib/OpenSSL/Include/ -I/builddir/build/BUILD/shim-16.1/Cryptlib/OpenSSL/crypto -I/builddir/build/BUILD/shim-16.1/Cryptlib/Include -I/builddir/build/BUILD/shim-16.1/gnu-efi/inc -I/builddir/build/BUILD/shim-16.1/gnu-efi/inc/aarch64 -I/builddir/build/BUILD/shim-16.1/gnu-efi/inc/protocol -I/builddir/build/BUILD/shim-16.1/Cryptlib/OpenSSL/crypto/asn1 -I/builddir/build/BUILD/shim-16.1/Cryptlib/OpenSSL/crypto/evp -I/builddir/build/BUILD/shim-16.1/Cryptlib/OpenSSL/crypto/modes -I/builddir/build/BUILD/shim-16.1/Cryptlib/OpenSSL/crypto/include -isystem /builddir/build/BUILD/shim-16.1/include/system -isystem /opt/rh/gcc-toolset-12/root/usr/lib/gcc/aarch64-redhat-linux/12/include -DL_ENDIAN -D_CRT_SECURE_NO_DEPRECATE -D_CRT_NONSTDC_NO_DEPRECATE -DOPENSSL_SMALL_FOOTPRINT -DPEDANTIC -DMDE_CPU_AARCH64   -c -o crypto/evp/evp_err.o /builddir/build/BUILD/shim-16.1/Cryptlib/OpenSSL/crypto/evp/evp_err.c
DEBUG util.py:463:  gcc -std=gnu11 -ggdb -gdwarf-4 -gstrict-dwarf -ffreestanding -fmacro-prefix-map=/builddir/build/BUILD/shim-16.1/= -fno-stack-protector -fno-strict-aliasing -fpic -fshort-wchar -nostdinc -Os -Wall -Wextra -Wno-missing-field-initializers -Wno-empty-body -Wno-implicit-fallthrough -Wno-old-style-declaration -Wno-unused-but-set-variable -Wno-unused-parameter -Werror -Wno-error=unused-but-set-variable -Wno-error=unused-parameter -I/builddir/build/BUILD/shim-16.1/Cryptlib/OpenSSL -I/builddir/build/BUILD/shim-16.1/Cryptlib -I/builddir/build/BUILD/shim-16.1/Cryptlib/OpenSSL/Include/ -I/builddir/build/BUILD/shim-16.1/Cryptlib/OpenSSL/crypto -I/builddir/build/BUILD/shim-16.1/Cryptlib/Include -I/builddir/build/BUILD/shim-16.1/gnu-efi/inc -I/builddir/build/BUILD/shim-16.1/gnu-efi/inc/aarch64 -I/builddir/build/BUILD/shim-16.1/gnu-efi/inc/protocol -I/builddir/build/BUILD/shim-16.1/Cryptlib/OpenSSL/crypto/asn1 -I/builddir/build/BUILD/shim-16.1/Cryptlib/OpenSSL/crypto/evp -I/builddir/build/BUILD/shim-16.1/Cryptlib/OpenSSL/crypto/modes -I/builddir/build/BUILD/shim-16.1/Cryptlib/OpenSSL/crypto/include -isystem /builddir/build/BUILD/shim-16.1/include/system -isystem /opt/rh/gcc-toolset-12/root/usr/lib/gcc/aarch64-redhat-linux/12/include -DL_ENDIAN -D_CRT_SECURE_NO_DEPRECATE -D_CRT_NONSTDC_NO_DEPRECATE -DOPENSSL_SMALL_FOOTPRINT -DPEDANTIC -DMDE_CPU_AARCH64   -c -o crypto/evp/e_null.o /builddir/build/BUILD/shim-16.1/Cryptlib/OpenSSL/crypto/evp/e_null.c
DEBUG util.py:463:  gcc -std=gnu11 -ggdb -gdwarf-4 -gstrict-dwarf -ffreestanding -fmacro-prefix-map=/builddir/build/BUILD/shim-16.1/= -fno-stack-protector -fno-strict-aliasing -fpic -fshort-wchar -nostdinc -Os -Wall -Wextra -Wno-missing-field-initializers -Wno-empty-body -Wno-implicit-fallthrough -Wno-old-style-declaration -Wno-unused-but-set-variable -Wno-unused-parameter -Werror -Wno-error=unused-but-set-variable -Wno-error=unused-parameter -I/builddir/build/BUILD/shim-16.1/Cryptlib/OpenSSL -I/builddir/build/BUILD/shim-16.1/Cryptlib -I/builddir/build/BUILD/shim-16.1/Cryptlib/OpenSSL/Include/ -I/builddir/build/BUILD/shim-16.1/Cryptlib/OpenSSL/crypto -I/builddir/build/BUILD/shim-16.1/Cryptlib/Include -I/builddir/build/BUILD/shim-16.1/gnu-efi/inc -I/builddir/build/BUILD/shim-16.1/gnu-efi/inc/aarch64 -I/builddir/build/BUILD/shim-16.1/gnu-efi/inc/protocol -I/builddir/build/BUILD/shim-16.1/Cryptlib/OpenSSL/crypto/asn1 -I/builddir/build/BUILD/shim-16.1/Cryptlib/OpenSSL/crypto/evp -I/builddir/build/BUILD/shim-16.1/Cryptlib/OpenSSL/crypto/modes -I/builddir/build/BUILD/shim-16.1/Cryptlib/OpenSSL/crypto/include -isystem /builddir/build/BUILD/shim-16.1/include/system -isystem /opt/rh/gcc-toolset-12/root/usr/lib/gcc/aarch64-redhat-linux/12/include -DL_ENDIAN -D_CRT_SECURE_NO_DEPRECATE -D_CRT_NONSTDC_NO_DEPRECATE -DOPENSSL_SMALL_FOOTPRINT -DPEDANTIC -DMDE_CPU_AARCH64   -c -o crypto/evp/c_all.o /builddir/build/BUILD/shim-16.1/Cryptlib/OpenSSL/crypto/evp/c_all.c
DEBUG util.py:463:  gcc -std=gnu11 -ggdb -gdwarf-4 -gstrict-dwarf -ffreestanding -fmacro-prefix-map=/builddir/build/BUILD/shim-16.1/= -fno-stack-protector -fno-strict-aliasing -fpic -fshort-wchar -nostdinc -Os -Wall -Wextra -Wno-missing-field-initializers -Wno-empty-body -Wno-implicit-fallthrough -Wno-old-style-declaration -Wno-unused-but-set-variable -Wno-unused-parameter -Werror -Wno-error=unused-but-set-variable -Wno-error=unused-parameter -I/builddir/build/BUILD/shim-16.1/Cryptlib/OpenSSL -I/builddir/build/BUILD/shim-16.1/Cryptlib -I/builddir/build/BUILD/shim-16.1/Cryptlib/OpenSSL/Include/ -I/builddir/build/BUILD/shim-16.1/Cryptlib/OpenSSL/crypto -I/builddir/build/BUILD/shim-16.1/Cryptlib/Include -I/builddir/build/BUILD/shim-16.1/gnu-efi/inc -I/builddir/build/BUILD/shim-16.1/gnu-efi/inc/aarch64 -I/builddir/build/BUILD/shim-16.1/gnu-efi/inc/protocol -I/builddir/build/BUILD/shim-16.1/Cryptlib/OpenSSL/crypto/asn1 -I/builddir/build/BUILD/shim-16.1/Cryptlib/OpenSSL/crypto/evp -I/builddir/build/BUILD/shim-16.1/Cryptlib/OpenSSL/crypto/modes -I/builddir/build/BUILD/shim-16.1/Cryptlib/OpenSSL/crypto/include -isystem /builddir/build/BUILD/shim-16.1/include/system -isystem /opt/rh/gcc-toolset-12/root/usr/lib/gcc/aarch64-redhat-linux/12/include -DL_ENDIAN -D_CRT_SECURE_NO_DEPRECATE -D_CRT_NONSTDC_NO_DEPRECATE -DOPENSSL_SMALL_FOOTPRINT -DPEDANTIC -DMDE_CPU_AARCH64   -c -o crypto/evp/c_allc.o /builddir/build/BUILD/shim-16.1/Cryptlib/OpenSSL/crypto/evp/c_allc.c
DEBUG util.py:463:  gcc -std=gnu11 -ggdb -gdwarf-4 -gstrict-dwarf -ffreestanding -fmacro-prefix-map=/builddir/build/BUILD/shim-16.1/= -fno-stack-protector -fno-strict-aliasing -fpic -fshort-wchar -nostdinc -Os -Wall -Wextra -Wno-missing-field-initializers -Wno-empty-body -Wno-implicit-fallthrough -Wno-old-style-declaration -Wno-unused-but-set-variable -Wno-unused-parameter -Werror -Wno-error=unused-but-set-variable -Wno-error=unused-parameter -I/builddir/build/BUILD/shim-16.1/Cryptlib/OpenSSL -I/builddir/build/BUILD/shim-16.1/Cryptlib -I/builddir/build/BUILD/shim-16.1/Cryptlib/OpenSSL/Include/ -I/builddir/build/BUILD/shim-16.1/Cryptlib/OpenSSL/crypto -I/builddir/build/BUILD/shim-16.1/Cryptlib/Include -I/builddir/build/BUILD/shim-16.1/gnu-efi/inc -I/builddir/build/BUILD/shim-16.1/gnu-efi/inc/aarch64 -I/builddir/build/BUILD/shim-16.1/gnu-efi/inc/protocol -I/builddir/build/BUILD/shim-16.1/Cryptlib/OpenSSL/crypto/asn1 -I/builddir/build/BUILD/shim-16.1/Cryptlib/OpenSSL/crypto/evp -I/builddir/build/BUILD/shim-16.1/Cryptlib/OpenSSL/crypto/modes -I/builddir/build/BUILD/shim-16.1/Cryptlib/OpenSSL/crypto/include -isystem /builddir/build/BUILD/shim-16.1/include/system -isystem /opt/rh/gcc-toolset-12/root/usr/lib/gcc/aarch64-redhat-linux/12/include -DL_ENDIAN -D_CRT_SECURE_NO_DEPRECATE -D_CRT_NONSTDC_NO_DEPRECATE -DOPENSSL_SMALL_FOOTPRINT -DPEDANTIC -DMDE_CPU_AARCH64   -c -o crypto/evp/c_alld.o /builddir/build/BUILD/shim-16.1/Cryptlib/OpenSSL/crypto/evp/c_alld.c
DEBUG util.py:463:  gcc -std=gnu11 -ggdb -gdwarf-4 -gstrict-dwarf -ffreestanding -fmacro-prefix-map=/builddir/build/BUILD/shim-16.1/= -fno-stack-protector -fno-strict-aliasing -fpic -fshort-wchar -nostdinc -Os -Wall -Wextra -Wno-missing-field-initializers -Wno-empty-body -Wno-implicit-fallthrough -Wno-old-style-declaration -Wno-unused-but-set-variable -Wno-unused-parameter -Werror -Wno-error=unused-but-set-variable -Wno-error=unused-parameter -I/builddir/build/BUILD/shim-16.1/Cryptlib/OpenSSL -I/builddir/build/BUILD/shim-16.1/Cryptlib -I/builddir/build/BUILD/shim-16.1/Cryptlib/OpenSSL/Include/ -I/builddir/build/BUILD/shim-16.1/Cryptlib/OpenSSL/crypto -I/builddir/build/BUILD/shim-16.1/Cryptlib/Include -I/builddir/build/BUILD/shim-16.1/gnu-efi/inc -I/builddir/build/BUILD/shim-16.1/gnu-efi/inc/aarch64 -I/builddir/build/BUILD/shim-16.1/gnu-efi/inc/protocol -I/builddir/build/BUILD/shim-16.1/Cryptlib/OpenSSL/crypto/asn1 -I/builddir/build/BUILD/shim-16.1/Cryptlib/OpenSSL/crypto/evp -I/builddir/build/BUILD/shim-16.1/Cryptlib/OpenSSL/crypto/modes -I/builddir/build/BUILD/shim-16.1/Cryptlib/OpenSSL/crypto/include -isystem /builddir/build/BUILD/shim-16.1/include/system -isystem /opt/rh/gcc-toolset-12/root/usr/lib/gcc/aarch64-redhat-linux/12/include -DL_ENDIAN -D_CRT_SECURE_NO_DEPRECATE -D_CRT_NONSTDC_NO_DEPRECATE -DOPENSSL_SMALL_FOOTPRINT -DPEDANTIC -DMDE_CPU_AARCH64   -c -o crypto/evp/evp_lib.o /builddir/build/BUILD/shim-16.1/Cryptlib/OpenSSL/crypto/evp/evp_lib.c
DEBUG util.py:463:  gcc -std=gnu11 -ggdb -gdwarf-4 -gstrict-dwarf -ffreestanding -fmacro-prefix-map=/builddir/build/BUILD/shim-16.1/= -fno-stack-protector -fno-strict-aliasing -fpic -fshort-wchar -nostdinc -Os -Wall -Wextra -Wno-missing-field-initializers -Wno-empty-body -Wno-implicit-fallthrough -Wno-old-style-declaration -Wno-unused-but-set-variable -Wno-unused-parameter -Werror -Wno-error=unused-but-set-variable -Wno-error=unused-parameter -I/builddir/build/BUILD/shim-16.1/Cryptlib/OpenSSL -I/builddir/build/BUILD/shim-16.1/Cryptlib -I/builddir/build/BUILD/shim-16.1/Cryptlib/OpenSSL/Include/ -I/builddir/build/BUILD/shim-16.1/Cryptlib/OpenSSL/crypto -I/builddir/build/BUILD/shim-16.1/Cryptlib/Include -I/builddir/build/BUILD/shim-16.1/gnu-efi/inc -I/builddir/build/BUILD/shim-16.1/gnu-efi/inc/aarch64 -I/builddir/build/BUILD/shim-16.1/gnu-efi/inc/protocol -I/builddir/build/BUILD/shim-16.1/Cryptlib/OpenSSL/crypto/asn1 -I/builddir/build/BUILD/shim-16.1/Cryptlib/OpenSSL/crypto/evp -I/builddir/build/BUILD/shim-16.1/Cryptlib/OpenSSL/crypto/modes -I/builddir/build/BUILD/shim-16.1/Cryptlib/OpenSSL/crypto/include -isystem /builddir/build/BUILD/shim-16.1/include/system -isystem /opt/rh/gcc-toolset-12/root/usr/lib/gcc/aarch64-redhat-linux/12/include -DL_ENDIAN -D_CRT_SECURE_NO_DEPRECATE -D_CRT_NONSTDC_NO_DEPRECATE -DOPENSSL_SMALL_FOOTPRINT -DPEDANTIC -DMDE_CPU_AARCH64   -c -o crypto/evp/bio_ok.o /builddir/build/BUILD/shim-16.1/Cryptlib/OpenSSL/crypto/evp/bio_ok.c
DEBUG util.py:463:  gcc -std=gnu11 -ggdb -gdwarf-4 -gstrict-dwarf -ffreestanding -fmacro-prefix-map=/builddir/build/BUILD/shim-16.1/= -fno-stack-protector -fno-strict-aliasing -fpic -fshort-wchar -nostdinc -Os -Wall -Wextra -Wno-missing-field-initializers -Wno-empty-body -Wno-implicit-fallthrough -Wno-old-style-declaration -Wno-unused-but-set-variable -Wno-unused-parameter -Werror -Wno-error=unused-but-set-variable -Wno-error=unused-parameter -I/builddir/build/BUILD/shim-16.1/Cryptlib/OpenSSL -I/builddir/build/BUILD/shim-16.1/Cryptlib -I/builddir/build/BUILD/shim-16.1/Cryptlib/OpenSSL/Include/ -I/builddir/build/BUILD/shim-16.1/Cryptlib/OpenSSL/crypto -I/builddir/build/BUILD/shim-16.1/Cryptlib/Include -I/builddir/build/BUILD/shim-16.1/gnu-efi/inc -I/builddir/build/BUILD/shim-16.1/gnu-efi/inc/aarch64 -I/builddir/build/BUILD/shim-16.1/gnu-efi/inc/protocol -I/builddir/build/BUILD/shim-16.1/Cryptlib/OpenSSL/crypto/asn1 -I/builddir/build/BUILD/shim-16.1/Cryptlib/OpenSSL/crypto/evp -I/builddir/build/BUILD/shim-16.1/Cryptlib/OpenSSL/crypto/modes -I/builddir/build/BUILD/shim-16.1/Cryptlib/OpenSSL/crypto/include -isystem /builddir/build/BUILD/shim-16.1/include/system -isystem /opt/rh/gcc-toolset-12/root/usr/lib/gcc/aarch64-redhat-linux/12/include -DL_ENDIAN -D_CRT_SECURE_NO_DEPRECATE -D_CRT_NONSTDC_NO_DEPRECATE -DOPENSSL_SMALL_FOOTPRINT -DPEDANTIC -DMDE_CPU_AARCH64   -c -o crypto/evp/evp_pkey.o /builddir/build/BUILD/shim-16.1/Cryptlib/OpenSSL/crypto/evp/evp_pkey.c
DEBUG util.py:463:  gcc -std=gnu11 -ggdb -gdwarf-4 -gstrict-dwarf -ffreestanding -fmacro-prefix-map=/builddir/build/BUILD/shim-16.1/= -fno-stack-protector -fno-strict-aliasing -fpic -fshort-wchar -nostdinc -Os -Wall -Wextra -Wno-missing-field-initializers -Wno-empty-body -Wno-implicit-fallthrough -Wno-old-style-declaration -Wno-unused-but-set-variable -Wno-unused-parameter -Werror -Wno-error=unused-but-set-variable -Wno-error=unused-parameter -I/builddir/build/BUILD/shim-16.1/Cryptlib/OpenSSL -I/builddir/build/BUILD/shim-16.1/Cryptlib -I/builddir/build/BUILD/shim-16.1/Cryptlib/OpenSSL/Include/ -I/builddir/build/BUILD/shim-16.1/Cryptlib/OpenSSL/crypto -I/builddir/build/BUILD/shim-16.1/Cryptlib/Include -I/builddir/build/BUILD/shim-16.1/gnu-efi/inc -I/builddir/build/BUILD/shim-16.1/gnu-efi/inc/aarch64 -I/builddir/build/BUILD/shim-16.1/gnu-efi/inc/protocol -I/builddir/build/BUILD/shim-16.1/Cryptlib/OpenSSL/crypto/asn1 -I/builddir/build/BUILD/shim-16.1/Cryptlib/OpenSSL/crypto/evp -I/builddir/build/BUILD/shim-16.1/Cryptlib/OpenSSL/crypto/modes -I/builddir/build/BUILD/shim-16.1/Cryptlib/OpenSSL/crypto/include -isystem /builddir/build/BUILD/shim-16.1/include/system -isystem /opt/rh/gcc-toolset-12/root/usr/lib/gcc/aarch64-redhat-linux/12/include -DL_ENDIAN -D_CRT_SECURE_NO_DEPRECATE -D_CRT_NONSTDC_NO_DEPRECATE -DOPENSSL_SMALL_FOOTPRINT -DPEDANTIC -DMDE_CPU_AARCH64   -c -o crypto/evp/evp_pbe.o /builddir/build/BUILD/shim-16.1/Cryptlib/OpenSSL/crypto/evp/evp_pbe.c
DEBUG util.py:463:  gcc -std=gnu11 -ggdb -gdwarf-4 -gstrict-dwarf -ffreestanding -fmacro-prefix-map=/builddir/build/BUILD/shim-16.1/= -fno-stack-protector -fno-strict-aliasing -fpic -fshort-wchar -nostdinc -Os -Wall -Wextra -Wno-missing-field-initializers -Wno-empty-body -Wno-implicit-fallthrough -Wno-old-style-declaration -Wno-unused-but-set-variable -Wno-unused-parameter -Werror -Wno-error=unused-but-set-variable -Wno-error=unused-parameter -I/builddir/build/BUILD/shim-16.1/Cryptlib/OpenSSL -I/builddir/build/BUILD/shim-16.1/Cryptlib -I/builddir/build/BUILD/shim-16.1/Cryptlib/OpenSSL/Include/ -I/builddir/build/BUILD/shim-16.1/Cryptlib/OpenSSL/crypto -I/builddir/build/BUILD/shim-16.1/Cryptlib/Include -I/builddir/build/BUILD/shim-16.1/gnu-efi/inc -I/builddir/build/BUILD/shim-16.1/gnu-efi/inc/aarch64 -I/builddir/build/BUILD/shim-16.1/gnu-efi/inc/protocol -I/builddir/build/BUILD/shim-16.1/Cryptlib/OpenSSL/crypto/asn1 -I/builddir/build/BUILD/shim-16.1/Cryptlib/OpenSSL/crypto/evp -I/builddir/build/BUILD/shim-16.1/Cryptlib/OpenSSL/crypto/modes -I/builddir/build/BUILD/shim-16.1/Cryptlib/OpenSSL/crypto/include -isystem /builddir/build/BUILD/shim-16.1/include/system -isystem /opt/rh/gcc-toolset-12/root/usr/lib/gcc/aarch64-redhat-linux/12/include -DL_ENDIAN -D_CRT_SECURE_NO_DEPRECATE -D_CRT_NONSTDC_NO_DEPRECATE -DOPENSSL_SMALL_FOOTPRINT -DPEDANTIC -DMDE_CPU_AARCH64   -c -o crypto/evp/p5_crpt.o /builddir/build/BUILD/shim-16.1/Cryptlib/OpenSSL/crypto/evp/p5_crpt.c
DEBUG util.py:463:  gcc -std=gnu11 -ggdb -gdwarf-4 -gstrict-dwarf -ffreestanding -fmacro-prefix-map=/builddir/build/BUILD/shim-16.1/= -fno-stack-protector -fno-strict-aliasing -fpic -fshort-wchar -nostdinc -Os -Wall -Wextra -Wno-missing-field-initializers -Wno-empty-body -Wno-implicit-fallthrough -Wno-old-style-declaration -Wno-unused-but-set-variable -Wno-unused-parameter -Werror -Wno-error=unused-but-set-variable -Wno-error=unused-parameter -I/builddir/build/BUILD/shim-16.1/Cryptlib/OpenSSL -I/builddir/build/BUILD/shim-16.1/Cryptlib -I/builddir/build/BUILD/shim-16.1/Cryptlib/OpenSSL/Include/ -I/builddir/build/BUILD/shim-16.1/Cryptlib/OpenSSL/crypto -I/builddir/build/BUILD/shim-16.1/Cryptlib/Include -I/builddir/build/BUILD/shim-16.1/gnu-efi/inc -I/builddir/build/BUILD/shim-16.1/gnu-efi/inc/aarch64 -I/builddir/build/BUILD/shim-16.1/gnu-efi/inc/protocol -I/builddir/build/BUILD/shim-16.1/Cryptlib/OpenSSL/crypto/asn1 -I/builddir/build/BUILD/shim-16.1/Cryptlib/OpenSSL/crypto/evp -I/builddir/build/BUILD/shim-16.1/Cryptlib/OpenSSL/crypto/modes -I/builddir/build/BUILD/shim-16.1/Cryptlib/OpenSSL/crypto/include -isystem /builddir/build/BUILD/shim-16.1/include/system -isystem /opt/rh/gcc-toolset-12/root/usr/lib/gcc/aarch64-redhat-linux/12/include -DL_ENDIAN -D_CRT_SECURE_NO_DEPRECATE -D_CRT_NONSTDC_NO_DEPRECATE -DOPENSSL_SMALL_FOOTPRINT -DPEDANTIC -DMDE_CPU_AARCH64   -c -o crypto/evp/p5_crpt2.o /builddir/build/BUILD/shim-16.1/Cryptlib/OpenSSL/crypto/evp/p5_crpt2.c
DEBUG util.py:463:  gcc -std=gnu11 -ggdb -gdwarf-4 -gstrict-dwarf -ffreestanding -fmacro-prefix-map=/builddir/build/BUILD/shim-16.1/= -fno-stack-protector -fno-strict-aliasing -fpic -fshort-wchar -nostdinc -Os -Wall -Wextra -Wno-missing-field-initializers -Wno-empty-body -Wno-implicit-fallthrough -Wno-old-style-declaration -Wno-unused-but-set-variable -Wno-unused-parameter -Werror -Wno-error=unused-but-set-variable -Wno-error=unused-parameter -I/builddir/build/BUILD/shim-16.1/Cryptlib/OpenSSL -I/builddir/build/BUILD/shim-16.1/Cryptlib -I/builddir/build/BUILD/shim-16.1/Cryptlib/OpenSSL/Include/ -I/builddir/build/BUILD/shim-16.1/Cryptlib/OpenSSL/crypto -I/builddir/build/BUILD/shim-16.1/Cryptlib/Include -I/builddir/build/BUILD/shim-16.1/gnu-efi/inc -I/builddir/build/BUILD/shim-16.1/gnu-efi/inc/aarch64 -I/builddir/build/BUILD/shim-16.1/gnu-efi/inc/protocol -I/builddir/build/BUILD/shim-16.1/Cryptlib/OpenSSL/crypto/asn1 -I/builddir/build/BUILD/shim-16.1/Cryptlib/OpenSSL/crypto/evp -I/builddir/build/BUILD/shim-16.1/Cryptlib/OpenSSL/crypto/modes -I/builddir/build/BUILD/shim-16.1/Cryptlib/OpenSSL/crypto/include -isystem /builddir/build/BUILD/shim-16.1/include/system -isystem /opt/rh/gcc-toolset-12/root/usr/lib/gcc/aarch64-redhat-linux/12/include -DL_ENDIAN -D_CRT_SECURE_NO_DEPRECATE -D_CRT_NONSTDC_NO_DEPRECATE -DOPENSSL_SMALL_FOOTPRINT -DPEDANTIC -DMDE_CPU_AARCH64   -c -o crypto/evp/e_old.o /builddir/build/BUILD/shim-16.1/Cryptlib/OpenSSL/crypto/evp/e_old.c
DEBUG util.py:463:  gcc -std=gnu11 -ggdb -gdwarf-4 -gstrict-dwarf -ffreestanding -fmacro-prefix-map=/builddir/build/BUILD/shim-16.1/= -fno-stack-protector -fno-strict-aliasing -fpic -fshort-wchar -nostdinc -Os -Wall -Wextra -Wno-missing-field-initializers -Wno-empty-body -Wno-implicit-fallthrough -Wno-old-style-declaration -Wno-unused-but-set-variable -Wno-unused-parameter -Werror -Wno-error=unused-but-set-variable -Wno-error=unused-parameter -I/builddir/build/BUILD/shim-16.1/Cryptlib/OpenSSL -I/builddir/build/BUILD/shim-16.1/Cryptlib -I/builddir/build/BUILD/shim-16.1/Cryptlib/OpenSSL/Include/ -I/builddir/build/BUILD/shim-16.1/Cryptlib/OpenSSL/crypto -I/builddir/build/BUILD/shim-16.1/Cryptlib/Include -I/builddir/build/BUILD/shim-16.1/gnu-efi/inc -I/builddir/build/BUILD/shim-16.1/gnu-efi/inc/aarch64 -I/builddir/build/BUILD/shim-16.1/gnu-efi/inc/protocol -I/builddir/build/BUILD/shim-16.1/Cryptlib/OpenSSL/crypto/asn1 -I/builddir/build/BUILD/shim-16.1/Cryptlib/OpenSSL/crypto/evp -I/builddir/build/BUILD/shim-16.1/Cryptlib/OpenSSL/crypto/modes -I/builddir/build/BUILD/shim-16.1/Cryptlib/OpenSSL/crypto/include -isystem /builddir/build/BUILD/shim-16.1/include/system -isystem /opt/rh/gcc-toolset-12/root/usr/lib/gcc/aarch64-redhat-linux/12/include -DL_ENDIAN -D_CRT_SECURE_NO_DEPRECATE -D_CRT_NONSTDC_NO_DEPRECATE -DOPENSSL_SMALL_FOOTPRINT -DPEDANTIC -DMDE_CPU_AARCH64   -c -o crypto/evp/pmeth_lib.o /builddir/build/BUILD/shim-16.1/Cryptlib/OpenSSL/crypto/evp/pmeth_lib.c
DEBUG util.py:463:  gcc -std=gnu11 -ggdb -gdwarf-4 -gstrict-dwarf -ffreestanding -fmacro-prefix-map=/builddir/build/BUILD/shim-16.1/= -fno-stack-protector -fno-strict-aliasing -fpic -fshort-wchar -nostdinc -Os -Wall -Wextra -Wno-missing-field-initializers -Wno-empty-body -Wno-implicit-fallthrough -Wno-old-style-declaration -Wno-unused-but-set-variable -Wno-unused-parameter -Werror -Wno-error=unused-but-set-variable -Wno-error=unused-parameter -I/builddir/build/BUILD/shim-16.1/Cryptlib/OpenSSL -I/builddir/build/BUILD/shim-16.1/Cryptlib -I/builddir/build/BUILD/shim-16.1/Cryptlib/OpenSSL/Include/ -I/builddir/build/BUILD/shim-16.1/Cryptlib/OpenSSL/crypto -I/builddir/build/BUILD/shim-16.1/Cryptlib/Include -I/builddir/build/BUILD/shim-16.1/gnu-efi/inc -I/builddir/build/BUILD/shim-16.1/gnu-efi/inc/aarch64 -I/builddir/build/BUILD/shim-16.1/gnu-efi/inc/protocol -I/builddir/build/BUILD/shim-16.1/Cryptlib/OpenSSL/crypto/asn1 -I/builddir/build/BUILD/shim-16.1/Cryptlib/OpenSSL/crypto/evp -I/builddir/build/BUILD/shim-16.1/Cryptlib/OpenSSL/crypto/modes -I/builddir/build/BUILD/shim-16.1/Cryptlib/OpenSSL/crypto/include -isystem /builddir/build/BUILD/shim-16.1/include/system -isystem /opt/rh/gcc-toolset-12/root/usr/lib/gcc/aarch64-redhat-linux/12/include -DL_ENDIAN -D_CRT_SECURE_NO_DEPRECATE -D_CRT_NONSTDC_NO_DEPRECATE -DOPENSSL_SMALL_FOOTPRINT -DPEDANTIC -DMDE_CPU_AARCH64   -c -o crypto/evp/pmeth_fn.o /builddir/build/BUILD/shim-16.1/Cryptlib/OpenSSL/crypto/evp/pmeth_fn.c
DEBUG util.py:463:  gcc -std=gnu11 -ggdb -gdwarf-4 -gstrict-dwarf -ffreestanding -fmacro-prefix-map=/builddir/build/BUILD/shim-16.1/= -fno-stack-protector -fno-strict-aliasing -fpic -fshort-wchar -nostdinc -Os -Wall -Wextra -Wno-missing-field-initializers -Wno-empty-body -Wno-implicit-fallthrough -Wno-old-style-declaration -Wno-unused-but-set-variable -Wno-unused-parameter -Werror -Wno-error=unused-but-set-variable -Wno-error=unused-parameter -I/builddir/build/BUILD/shim-16.1/Cryptlib/OpenSSL -I/builddir/build/BUILD/shim-16.1/Cryptlib -I/builddir/build/BUILD/shim-16.1/Cryptlib/OpenSSL/Include/ -I/builddir/build/BUILD/shim-16.1/Cryptlib/OpenSSL/crypto -I/builddir/build/BUILD/shim-16.1/Cryptlib/Include -I/builddir/build/BUILD/shim-16.1/gnu-efi/inc -I/builddir/build/BUILD/shim-16.1/gnu-efi/inc/aarch64 -I/builddir/build/BUILD/shim-16.1/gnu-efi/inc/protocol -I/builddir/build/BUILD/shim-16.1/Cryptlib/OpenSSL/crypto/asn1 -I/builddir/build/BUILD/shim-16.1/Cryptlib/OpenSSL/crypto/evp -I/builddir/build/BUILD/shim-16.1/Cryptlib/OpenSSL/crypto/modes -I/builddir/build/BUILD/shim-16.1/Cryptlib/OpenSSL/crypto/include -isystem /builddir/build/BUILD/shim-16.1/include/system -isystem /opt/rh/gcc-toolset-12/root/usr/lib/gcc/aarch64-redhat-linux/12/include -DL_ENDIAN -D_CRT_SECURE_NO_DEPRECATE -D_CRT_NONSTDC_NO_DEPRECATE -DOPENSSL_SMALL_FOOTPRINT -DPEDANTIC -DMDE_CPU_AARCH64   -c -o crypto/evp/pmeth_gn.o /builddir/build/BUILD/shim-16.1/Cryptlib/OpenSSL/crypto/evp/pmeth_gn.c
DEBUG util.py:463:  gcc -std=gnu11 -ggdb -gdwarf-4 -gstrict-dwarf -ffreestanding -fmacro-prefix-map=/builddir/build/BUILD/shim-16.1/= -fno-stack-protector -fno-strict-aliasing -fpic -fshort-wchar -nostdinc -Os -Wall -Wextra -Wno-missing-field-initializers -Wno-empty-body -Wno-implicit-fallthrough -Wno-old-style-declaration -Wno-unused-but-set-variable -Wno-unused-parameter -Werror -Wno-error=unused-but-set-variable -Wno-error=unused-parameter -I/builddir/build/BUILD/shim-16.1/Cryptlib/OpenSSL -I/builddir/build/BUILD/shim-16.1/Cryptlib -I/builddir/build/BUILD/shim-16.1/Cryptlib/OpenSSL/Include/ -I/builddir/build/BUILD/shim-16.1/Cryptlib/OpenSSL/crypto -I/builddir/build/BUILD/shim-16.1/Cryptlib/Include -I/builddir/build/BUILD/shim-16.1/gnu-efi/inc -I/builddir/build/BUILD/shim-16.1/gnu-efi/inc/aarch64 -I/builddir/build/BUILD/shim-16.1/gnu-efi/inc/protocol -I/builddir/build/BUILD/shim-16.1/Cryptlib/OpenSSL/crypto/asn1 -I/builddir/build/BUILD/shim-16.1/Cryptlib/OpenSSL/crypto/evp -I/builddir/build/BUILD/shim-16.1/Cryptlib/OpenSSL/crypto/modes -I/builddir/build/BUILD/shim-16.1/Cryptlib/OpenSSL/crypto/include -isystem /builddir/build/BUILD/shim-16.1/include/system -isystem /opt/rh/gcc-toolset-12/root/usr/lib/gcc/aarch64-redhat-linux/12/include -DL_ENDIAN -D_CRT_SECURE_NO_DEPRECATE -D_CRT_NONSTDC_NO_DEPRECATE -DOPENSSL_SMALL_FOOTPRINT -DPEDANTIC -DMDE_CPU_AARCH64   -c -o crypto/evp/m_sigver.o /builddir/build/BUILD/shim-16.1/Cryptlib/OpenSSL/crypto/evp/m_sigver.c
DEBUG util.py:463:  gcc -std=gnu11 -ggdb -gdwarf-4 -gstrict-dwarf -ffreestanding -fmacro-prefix-map=/builddir/build/BUILD/shim-16.1/= -fno-stack-protector -fno-strict-aliasing -fpic -fshort-wchar -nostdinc -Os -Wall -Wextra -Wno-missing-field-initializers -Wno-empty-body -Wno-implicit-fallthrough -Wno-old-style-declaration -Wno-unused-but-set-variable -Wno-unused-parameter -Werror -Wno-error=unused-but-set-variable -Wno-error=unused-parameter -I/builddir/build/BUILD/shim-16.1/Cryptlib/OpenSSL -I/builddir/build/BUILD/shim-16.1/Cryptlib -I/builddir/build/BUILD/shim-16.1/Cryptlib/OpenSSL/Include/ -I/builddir/build/BUILD/shim-16.1/Cryptlib/OpenSSL/crypto -I/builddir/build/BUILD/shim-16.1/Cryptlib/Include -I/builddir/build/BUILD/shim-16.1/gnu-efi/inc -I/builddir/build/BUILD/shim-16.1/gnu-efi/inc/aarch64 -I/builddir/build/BUILD/shim-16.1/gnu-efi/inc/protocol -I/builddir/build/BUILD/shim-16.1/Cryptlib/OpenSSL/crypto/asn1 -I/builddir/build/BUILD/shim-16.1/Cryptlib/OpenSSL/crypto/evp -I/builddir/build/BUILD/shim-16.1/Cryptlib/OpenSSL/crypto/modes -I/builddir/build/BUILD/shim-16.1/Cryptlib/OpenSSL/crypto/include -isystem /builddir/build/BUILD/shim-16.1/include/system -isystem /opt/rh/gcc-toolset-12/root/usr/lib/gcc/aarch64-redhat-linux/12/include -DL_ENDIAN -D_CRT_SECURE_NO_DEPRECATE -D_CRT_NONSTDC_NO_DEPRECATE -DOPENSSL_SMALL_FOOTPRINT -DPEDANTIC -DMDE_CPU_AARCH64   -c -o crypto/evp/e_aes_cbc_hmac_sha1.o /builddir/build/BUILD/shim-16.1/Cryptlib/OpenSSL/crypto/evp/e_aes_cbc_hmac_sha1.c
DEBUG util.py:463:  gcc -std=gnu11 -ggdb -gdwarf-4 -gstrict-dwarf -ffreestanding -fmacro-prefix-map=/builddir/build/BUILD/shim-16.1/= -fno-stack-protector -fno-strict-aliasing -fpic -fshort-wchar -nostdinc -Os -Wall -Wextra -Wno-missing-field-initializers -Wno-empty-body -Wno-implicit-fallthrough -Wno-old-style-declaration -Wno-unused-but-set-variable -Wno-unused-parameter -Werror -Wno-error=unused-but-set-variable -Wno-error=unused-parameter -I/builddir/build/BUILD/shim-16.1/Cryptlib/OpenSSL -I/builddir/build/BUILD/shim-16.1/Cryptlib -I/builddir/build/BUILD/shim-16.1/Cryptlib/OpenSSL/Include/ -I/builddir/build/BUILD/shim-16.1/Cryptlib/OpenSSL/crypto -I/builddir/build/BUILD/shim-16.1/Cryptlib/Include -I/builddir/build/BUILD/shim-16.1/gnu-efi/inc -I/builddir/build/BUILD/shim-16.1/gnu-efi/inc/aarch64 -I/builddir/build/BUILD/shim-16.1/gnu-efi/inc/protocol -I/builddir/build/BUILD/shim-16.1/Cryptlib/OpenSSL/crypto/asn1 -I/builddir/build/BUILD/shim-16.1/Cryptlib/OpenSSL/crypto/evp -I/builddir/build/BUILD/shim-16.1/Cryptlib/OpenSSL/crypto/modes -I/builddir/build/BUILD/shim-16.1/Cryptlib/OpenSSL/crypto/include -isystem /builddir/build/BUILD/shim-16.1/include/system -isystem /opt/rh/gcc-toolset-12/root/usr/lib/gcc/aarch64-redhat-linux/12/include -DL_ENDIAN -D_CRT_SECURE_NO_DEPRECATE -D_CRT_NONSTDC_NO_DEPRECATE -DOPENSSL_SMALL_FOOTPRINT -DPEDANTIC -DMDE_CPU_AARCH64   -c -o crypto/evp/e_aes_cbc_hmac_sha256.o /builddir/build/BUILD/shim-16.1/Cryptlib/OpenSSL/crypto/evp/e_aes_cbc_hmac_sha256.c
DEBUG util.py:463:  gcc -std=gnu11 -ggdb -gdwarf-4 -gstrict-dwarf -ffreestanding -fmacro-prefix-map=/builddir/build/BUILD/shim-16.1/= -fno-stack-protector -fno-strict-aliasing -fpic -fshort-wchar -nostdinc -Os -Wall -Wextra -Wno-missing-field-initializers -Wno-empty-body -Wno-implicit-fallthrough -Wno-old-style-declaration -Wno-unused-but-set-variable -Wno-unused-parameter -Werror -Wno-error=unused-but-set-variable -Wno-error=unused-parameter -I/builddir/build/BUILD/shim-16.1/Cryptlib/OpenSSL -I/builddir/build/BUILD/shim-16.1/Cryptlib -I/builddir/build/BUILD/shim-16.1/Cryptlib/OpenSSL/Include/ -I/builddir/build/BUILD/shim-16.1/Cryptlib/OpenSSL/crypto -I/builddir/build/BUILD/shim-16.1/Cryptlib/Include -I/builddir/build/BUILD/shim-16.1/gnu-efi/inc -I/builddir/build/BUILD/shim-16.1/gnu-efi/inc/aarch64 -I/builddir/build/BUILD/shim-16.1/gnu-efi/inc/protocol -I/builddir/build/BUILD/shim-16.1/Cryptlib/OpenSSL/crypto/asn1 -I/builddir/build/BUILD/shim-16.1/Cryptlib/OpenSSL/crypto/evp -I/builddir/build/BUILD/shim-16.1/Cryptlib/OpenSSL/crypto/modes -I/builddir/build/BUILD/shim-16.1/Cryptlib/OpenSSL/crypto/include -isystem /builddir/build/BUILD/shim-16.1/include/system -isystem /opt/rh/gcc-toolset-12/root/usr/lib/gcc/aarch64-redhat-linux/12/include -DL_ENDIAN -D_CRT_SECURE_NO_DEPRECATE -D_CRT_NONSTDC_NO_DEPRECATE -DOPENSSL_SMALL_FOOTPRINT -DPEDANTIC -DMDE_CPU_AARCH64   -c -o crypto/evp/e_rc4_hmac_md5.o /builddir/build/BUILD/shim-16.1/Cryptlib/OpenSSL/crypto/evp/e_rc4_hmac_md5.c
DEBUG util.py:463:  gcc -std=gnu11 -ggdb -gdwarf-4 -gstrict-dwarf -ffreestanding -fmacro-prefix-map=/builddir/build/BUILD/shim-16.1/= -fno-stack-protector -fno-strict-aliasing -fpic -fshort-wchar -nostdinc -Os -Wall -Wextra -Wno-missing-field-initializers -Wno-empty-body -Wno-implicit-fallthrough -Wno-old-style-declaration -Wno-unused-but-set-variable -Wno-unused-parameter -Werror -Wno-error=unused-but-set-variable -Wno-error=unused-parameter -I/builddir/build/BUILD/shim-16.1/Cryptlib/OpenSSL -I/builddir/build/BUILD/shim-16.1/Cryptlib -I/builddir/build/BUILD/shim-16.1/Cryptlib/OpenSSL/Include/ -I/builddir/build/BUILD/shim-16.1/Cryptlib/OpenSSL/crypto -I/builddir/build/BUILD/shim-16.1/Cryptlib/Include -I/builddir/build/BUILD/shim-16.1/gnu-efi/inc -I/builddir/build/BUILD/shim-16.1/gnu-efi/inc/aarch64 -I/builddir/build/BUILD/shim-16.1/gnu-efi/inc/protocol -I/builddir/build/BUILD/shim-16.1/Cryptlib/OpenSSL/crypto/asn1 -I/builddir/build/BUILD/shim-16.1/Cryptlib/OpenSSL/crypto/evp -I/builddir/build/BUILD/shim-16.1/Cryptlib/OpenSSL/crypto/modes -I/builddir/build/BUILD/shim-16.1/Cryptlib/OpenSSL/crypto/include -isystem /builddir/build/BUILD/shim-16.1/include/system -isystem /opt/rh/gcc-toolset-12/root/usr/lib/gcc/aarch64-redhat-linux/12/include -DL_ENDIAN -D_CRT_SECURE_NO_DEPRECATE -D_CRT_NONSTDC_NO_DEPRECATE -DOPENSSL_SMALL_FOOTPRINT -DPEDANTIC -DMDE_CPU_AARCH64   -c -o crypto/asn1/a_object.o /builddir/build/BUILD/shim-16.1/Cryptlib/OpenSSL/crypto/asn1/a_object.c
DEBUG util.py:463:  gcc -std=gnu11 -ggdb -gdwarf-4 -gstrict-dwarf -ffreestanding -fmacro-prefix-map=/builddir/build/BUILD/shim-16.1/= -fno-stack-protector -fno-strict-aliasing -fpic -fshort-wchar -nostdinc -Os -Wall -Wextra -Wno-missing-field-initializers -Wno-empty-body -Wno-implicit-fallthrough -Wno-old-style-declaration -Wno-unused-but-set-variable -Wno-unused-parameter -Werror -Wno-error=unused-but-set-variable -Wno-error=unused-parameter -I/builddir/build/BUILD/shim-16.1/Cryptlib/OpenSSL -I/builddir/build/BUILD/shim-16.1/Cryptlib -I/builddir/build/BUILD/shim-16.1/Cryptlib/OpenSSL/Include/ -I/builddir/build/BUILD/shim-16.1/Cryptlib/OpenSSL/crypto -I/builddir/build/BUILD/shim-16.1/Cryptlib/Include -I/builddir/build/BUILD/shim-16.1/gnu-efi/inc -I/builddir/build/BUILD/shim-16.1/gnu-efi/inc/aarch64 -I/builddir/build/BUILD/shim-16.1/gnu-efi/inc/protocol -I/builddir/build/BUILD/shim-16.1/Cryptlib/OpenSSL/crypto/asn1 -I/builddir/build/BUILD/shim-16.1/Cryptlib/OpenSSL/crypto/evp -I/builddir/build/BUILD/shim-16.1/Cryptlib/OpenSSL/crypto/modes -I/builddir/build/BUILD/shim-16.1/Cryptlib/OpenSSL/crypto/include -isystem /builddir/build/BUILD/shim-16.1/include/system -isystem /opt/rh/gcc-toolset-12/root/usr/lib/gcc/aarch64-redhat-linux/12/include -DL_ENDIAN -D_CRT_SECURE_NO_DEPRECATE -D_CRT_NONSTDC_NO_DEPRECATE -DOPENSSL_SMALL_FOOTPRINT -DPEDANTIC -DMDE_CPU_AARCH64   -c -o crypto/asn1/a_bitstr.o /builddir/build/BUILD/shim-16.1/Cryptlib/OpenSSL/crypto/asn1/a_bitstr.c
DEBUG util.py:463:  gcc -std=gnu11 -ggdb -gdwarf-4 -gstrict-dwarf -ffreestanding -fmacro-prefix-map=/builddir/build/BUILD/shim-16.1/= -fno-stack-protector -fno-strict-aliasing -fpic -fshort-wchar -nostdinc -Os -Wall -Wextra -Wno-missing-field-initializers -Wno-empty-body -Wno-implicit-fallthrough -Wno-old-style-declaration -Wno-unused-but-set-variable -Wno-unused-parameter -Werror -Wno-error=unused-but-set-variable -Wno-error=unused-parameter -I/builddir/build/BUILD/shim-16.1/Cryptlib/OpenSSL -I/builddir/build/BUILD/shim-16.1/Cryptlib -I/builddir/build/BUILD/shim-16.1/Cryptlib/OpenSSL/Include/ -I/builddir/build/BUILD/shim-16.1/Cryptlib/OpenSSL/crypto -I/builddir/build/BUILD/shim-16.1/Cryptlib/Include -I/builddir/build/BUILD/shim-16.1/gnu-efi/inc -I/builddir/build/BUILD/shim-16.1/gnu-efi/inc/aarch64 -I/builddir/build/BUILD/shim-16.1/gnu-efi/inc/protocol -I/builddir/build/BUILD/shim-16.1/Cryptlib/OpenSSL/crypto/asn1 -I/builddir/build/BUILD/shim-16.1/Cryptlib/OpenSSL/crypto/evp -I/builddir/build/BUILD/shim-16.1/Cryptlib/OpenSSL/crypto/modes -I/builddir/build/BUILD/shim-16.1/Cryptlib/OpenSSL/crypto/include -isystem /builddir/build/BUILD/shim-16.1/include/system -isystem /opt/rh/gcc-toolset-12/root/usr/lib/gcc/aarch64-redhat-linux/12/include -DL_ENDIAN -D_CRT_SECURE_NO_DEPRECATE -D_CRT_NONSTDC_NO_DEPRECATE -DOPENSSL_SMALL_FOOTPRINT -DPEDANTIC -DMDE_CPU_AARCH64   -c -o crypto/asn1/a_utctm.o /builddir/build/BUILD/shim-16.1/Cryptlib/OpenSSL/crypto/asn1/a_utctm.c
DEBUG util.py:463:  gcc -std=gnu11 -ggdb -gdwarf-4 -gstrict-dwarf -ffreestanding -fmacro-prefix-map=/builddir/build/BUILD/shim-16.1/= -fno-stack-protector -fno-strict-aliasing -fpic -fshort-wchar -nostdinc -Os -Wall -Wextra -Wno-missing-field-initializers -Wno-empty-body -Wno-implicit-fallthrough -Wno-old-style-declaration -Wno-unused-but-set-variable -Wno-unused-parameter -Werror -Wno-error=unused-but-set-variable -Wno-error=unused-parameter -I/builddir/build/BUILD/shim-16.1/Cryptlib/OpenSSL -I/builddir/build/BUILD/shim-16.1/Cryptlib -I/builddir/build/BUILD/shim-16.1/Cryptlib/OpenSSL/Include/ -I/builddir/build/BUILD/shim-16.1/Cryptlib/OpenSSL/crypto -I/builddir/build/BUILD/shim-16.1/Cryptlib/Include -I/builddir/build/BUILD/shim-16.1/gnu-efi/inc -I/builddir/build/BUILD/shim-16.1/gnu-efi/inc/aarch64 -I/builddir/build/BUILD/shim-16.1/gnu-efi/inc/protocol -I/builddir/build/BUILD/shim-16.1/Cryptlib/OpenSSL/crypto/asn1 -I/builddir/build/BUILD/shim-16.1/Cryptlib/OpenSSL/crypto/evp -I/builddir/build/BUILD/shim-16.1/Cryptlib/OpenSSL/crypto/modes -I/builddir/build/BUILD/shim-16.1/Cryptlib/OpenSSL/crypto/include -isystem /builddir/build/BUILD/shim-16.1/include/system -isystem /opt/rh/gcc-toolset-12/root/usr/lib/gcc/aarch64-redhat-linux/12/include -DL_ENDIAN -D_CRT_SECURE_NO_DEPRECATE -D_CRT_NONSTDC_NO_DEPRECATE -DOPENSSL_SMALL_FOOTPRINT -DPEDANTIC -DMDE_CPU_AARCH64   -c -o crypto/asn1/a_gentm.o /builddir/build/BUILD/shim-16.1/Cryptlib/OpenSSL/crypto/asn1/a_gentm.c
DEBUG util.py:463:  gcc -std=gnu11 -ggdb -gdwarf-4 -gstrict-dwarf -ffreestanding -fmacro-prefix-map=/builddir/build/BUILD/shim-16.1/= -fno-stack-protector -fno-strict-aliasing -fpic -fshort-wchar -nostdinc -Os -Wall -Wextra -Wno-missing-field-initializers -Wno-empty-body -Wno-implicit-fallthrough -Wno-old-style-declaration -Wno-unused-but-set-variable -Wno-unused-parameter -Werror -Wno-error=unused-but-set-variable -Wno-error=unused-parameter -I/builddir/build/BUILD/shim-16.1/Cryptlib/OpenSSL -I/builddir/build/BUILD/shim-16.1/Cryptlib -I/builddir/build/BUILD/shim-16.1/Cryptlib/OpenSSL/Include/ -I/builddir/build/BUILD/shim-16.1/Cryptlib/OpenSSL/crypto -I/builddir/build/BUILD/shim-16.1/Cryptlib/Include -I/builddir/build/BUILD/shim-16.1/gnu-efi/inc -I/builddir/build/BUILD/shim-16.1/gnu-efi/inc/aarch64 -I/builddir/build/BUILD/shim-16.1/gnu-efi/inc/protocol -I/builddir/build/BUILD/shim-16.1/Cryptlib/OpenSSL/crypto/asn1 -I/builddir/build/BUILD/shim-16.1/Cryptlib/OpenSSL/crypto/evp -I/builddir/build/BUILD/shim-16.1/Cryptlib/OpenSSL/crypto/modes -I/builddir/build/BUILD/shim-16.1/Cryptlib/OpenSSL/crypto/include -isystem /builddir/build/BUILD/shim-16.1/include/system -isystem /opt/rh/gcc-toolset-12/root/usr/lib/gcc/aarch64-redhat-linux/12/include -DL_ENDIAN -D_CRT_SECURE_NO_DEPRECATE -D_CRT_NONSTDC_NO_DEPRECATE -DOPENSSL_SMALL_FOOTPRINT -DPEDANTIC -DMDE_CPU_AARCH64   -c -o crypto/asn1/a_time.o /builddir/build/BUILD/shim-16.1/Cryptlib/OpenSSL/crypto/asn1/a_time.c
DEBUG util.py:463:  gcc -std=gnu11 -ggdb -gdwarf-4 -gstrict-dwarf -ffreestanding -fmacro-prefix-map=/builddir/build/BUILD/shim-16.1/= -fno-stack-protector -fno-strict-aliasing -fpic -fshort-wchar -nostdinc -Os -Wall -Wextra -Wno-missing-field-initializers -Wno-empty-body -Wno-implicit-fallthrough -Wno-old-style-declaration -Wno-unused-but-set-variable -Wno-unused-parameter -Werror -Wno-error=unused-but-set-variable -Wno-error=unused-parameter -I/builddir/build/BUILD/shim-16.1/Cryptlib/OpenSSL -I/builddir/build/BUILD/shim-16.1/Cryptlib -I/builddir/build/BUILD/shim-16.1/Cryptlib/OpenSSL/Include/ -I/builddir/build/BUILD/shim-16.1/Cryptlib/OpenSSL/crypto -I/builddir/build/BUILD/shim-16.1/Cryptlib/Include -I/builddir/build/BUILD/shim-16.1/gnu-efi/inc -I/builddir/build/BUILD/shim-16.1/gnu-efi/inc/aarch64 -I/builddir/build/BUILD/shim-16.1/gnu-efi/inc/protocol -I/builddir/build/BUILD/shim-16.1/Cryptlib/OpenSSL/crypto/asn1 -I/builddir/build/BUILD/shim-16.1/Cryptlib/OpenSSL/crypto/evp -I/builddir/build/BUILD/shim-16.1/Cryptlib/OpenSSL/crypto/modes -I/builddir/build/BUILD/shim-16.1/Cryptlib/OpenSSL/crypto/include -isystem /builddir/build/BUILD/shim-16.1/include/system -isystem /opt/rh/gcc-toolset-12/root/usr/lib/gcc/aarch64-redhat-linux/12/include -DL_ENDIAN -D_CRT_SECURE_NO_DEPRECATE -D_CRT_NONSTDC_NO_DEPRECATE -DOPENSSL_SMALL_FOOTPRINT -DPEDANTIC -DMDE_CPU_AARCH64   -c -o crypto/asn1/a_int.o /builddir/build/BUILD/shim-16.1/Cryptlib/OpenSSL/crypto/asn1/a_int.c
DEBUG util.py:463:  gcc -std=gnu11 -ggdb -gdwarf-4 -gstrict-dwarf -ffreestanding -fmacro-prefix-map=/builddir/build/BUILD/shim-16.1/= -fno-stack-protector -fno-strict-aliasing -fpic -fshort-wchar -nostdinc -Os -Wall -Wextra -Wno-missing-field-initializers -Wno-empty-body -Wno-implicit-fallthrough -Wno-old-style-declaration -Wno-unused-but-set-variable -Wno-unused-parameter -Werror -Wno-error=unused-but-set-variable -Wno-error=unused-parameter -I/builddir/build/BUILD/shim-16.1/Cryptlib/OpenSSL -I/builddir/build/BUILD/shim-16.1/Cryptlib -I/builddir/build/BUILD/shim-16.1/Cryptlib/OpenSSL/Include/ -I/builddir/build/BUILD/shim-16.1/Cryptlib/OpenSSL/crypto -I/builddir/build/BUILD/shim-16.1/Cryptlib/Include -I/builddir/build/BUILD/shim-16.1/gnu-efi/inc -I/builddir/build/BUILD/shim-16.1/gnu-efi/inc/aarch64 -I/builddir/build/BUILD/shim-16.1/gnu-efi/inc/protocol -I/builddir/build/BUILD/shim-16.1/Cryptlib/OpenSSL/crypto/asn1 -I/builddir/build/BUILD/shim-16.1/Cryptlib/OpenSSL/crypto/evp -I/builddir/build/BUILD/shim-16.1/Cryptlib/OpenSSL/crypto/modes -I/builddir/build/BUILD/shim-16.1/Cryptlib/OpenSSL/crypto/include -isystem /builddir/build/BUILD/shim-16.1/include/system -isystem /opt/rh/gcc-toolset-12/root/usr/lib/gcc/aarch64-redhat-linux/12/include -DL_ENDIAN -D_CRT_SECURE_NO_DEPRECATE -D_CRT_NONSTDC_NO_DEPRECATE -DOPENSSL_SMALL_FOOTPRINT -DPEDANTIC -DMDE_CPU_AARCH64   -c -o crypto/asn1/a_octet.o /builddir/build/BUILD/shim-16.1/Cryptlib/OpenSSL/crypto/asn1/a_octet.c
DEBUG util.py:463:  gcc -std=gnu11 -ggdb -gdwarf-4 -gstrict-dwarf -ffreestanding -fmacro-prefix-map=/builddir/build/BUILD/shim-16.1/= -fno-stack-protector -fno-strict-aliasing -fpic -fshort-wchar -nostdinc -Os -Wall -Wextra -Wno-missing-field-initializers -Wno-empty-body -Wno-implicit-fallthrough -Wno-old-style-declaration -Wno-unused-but-set-variable -Wno-unused-parameter -Werror -Wno-error=unused-but-set-variable -Wno-error=unused-parameter -I/builddir/build/BUILD/shim-16.1/Cryptlib/OpenSSL -I/builddir/build/BUILD/shim-16.1/Cryptlib -I/builddir/build/BUILD/shim-16.1/Cryptlib/OpenSSL/Include/ -I/builddir/build/BUILD/shim-16.1/Cryptlib/OpenSSL/crypto -I/builddir/build/BUILD/shim-16.1/Cryptlib/Include -I/builddir/build/BUILD/shim-16.1/gnu-efi/inc -I/builddir/build/BUILD/shim-16.1/gnu-efi/inc/aarch64 -I/builddir/build/BUILD/shim-16.1/gnu-efi/inc/protocol -I/builddir/build/BUILD/shim-16.1/Cryptlib/OpenSSL/crypto/asn1 -I/builddir/build/BUILD/shim-16.1/Cryptlib/OpenSSL/crypto/evp -I/builddir/build/BUILD/shim-16.1/Cryptlib/OpenSSL/crypto/modes -I/builddir/build/BUILD/shim-16.1/Cryptlib/OpenSSL/crypto/include -isystem /builddir/build/BUILD/shim-16.1/include/system -isystem /opt/rh/gcc-toolset-12/root/usr/lib/gcc/aarch64-redhat-linux/12/include -DL_ENDIAN -D_CRT_SECURE_NO_DEPRECATE -D_CRT_NONSTDC_NO_DEPRECATE -DOPENSSL_SMALL_FOOTPRINT -DPEDANTIC -DMDE_CPU_AARCH64   -c -o crypto/asn1/a_print.o /builddir/build/BUILD/shim-16.1/Cryptlib/OpenSSL/crypto/asn1/a_print.c
DEBUG util.py:463:  gcc -std=gnu11 -ggdb -gdwarf-4 -gstrict-dwarf -ffreestanding -fmacro-prefix-map=/builddir/build/BUILD/shim-16.1/= -fno-stack-protector -fno-strict-aliasing -fpic -fshort-wchar -nostdinc -Os -Wall -Wextra -Wno-missing-field-initializers -Wno-empty-body -Wno-implicit-fallthrough -Wno-old-style-declaration -Wno-unused-but-set-variable -Wno-unused-parameter -Werror -Wno-error=unused-but-set-variable -Wno-error=unused-parameter -I/builddir/build/BUILD/shim-16.1/Cryptlib/OpenSSL -I/builddir/build/BUILD/shim-16.1/Cryptlib -I/builddir/build/BUILD/shim-16.1/Cryptlib/OpenSSL/Include/ -I/builddir/build/BUILD/shim-16.1/Cryptlib/OpenSSL/crypto -I/builddir/build/BUILD/shim-16.1/Cryptlib/Include -I/builddir/build/BUILD/shim-16.1/gnu-efi/inc -I/builddir/build/BUILD/shim-16.1/gnu-efi/inc/aarch64 -I/builddir/build/BUILD/shim-16.1/gnu-efi/inc/protocol -I/builddir/build/BUILD/shim-16.1/Cryptlib/OpenSSL/crypto/asn1 -I/builddir/build/BUILD/shim-16.1/Cryptlib/OpenSSL/crypto/evp -I/builddir/build/BUILD/shim-16.1/Cryptlib/OpenSSL/crypto/modes -I/builddir/build/BUILD/shim-16.1/Cryptlib/OpenSSL/crypto/include -isystem /builddir/build/BUILD/shim-16.1/include/system -isystem /opt/rh/gcc-toolset-12/root/usr/lib/gcc/aarch64-redhat-linux/12/include -DL_ENDIAN -D_CRT_SECURE_NO_DEPRECATE -D_CRT_NONSTDC_NO_DEPRECATE -DOPENSSL_SMALL_FOOTPRINT -DPEDANTIC -DMDE_CPU_AARCH64   -c -o crypto/asn1/a_type.o /builddir/build/BUILD/shim-16.1/Cryptlib/OpenSSL/crypto/asn1/a_type.c
DEBUG util.py:463:  gcc -std=gnu11 -ggdb -gdwarf-4 -gstrict-dwarf -ffreestanding -fmacro-prefix-map=/builddir/build/BUILD/shim-16.1/= -fno-stack-protector -fno-strict-aliasing -fpic -fshort-wchar -nostdinc -Os -Wall -Wextra -Wno-missing-field-initializers -Wno-empty-body -Wno-implicit-fallthrough -Wno-old-style-declaration -Wno-unused-but-set-variable -Wno-unused-parameter -Werror -Wno-error=unused-but-set-variable -Wno-error=unused-parameter -I/builddir/build/BUILD/shim-16.1/Cryptlib/OpenSSL -I/builddir/build/BUILD/shim-16.1/Cryptlib -I/builddir/build/BUILD/shim-16.1/Cryptlib/OpenSSL/Include/ -I/builddir/build/BUILD/shim-16.1/Cryptlib/OpenSSL/crypto -I/builddir/build/BUILD/shim-16.1/Cryptlib/Include -I/builddir/build/BUILD/shim-16.1/gnu-efi/inc -I/builddir/build/BUILD/shim-16.1/gnu-efi/inc/aarch64 -I/builddir/build/BUILD/shim-16.1/gnu-efi/inc/protocol -I/builddir/build/BUILD/shim-16.1/Cryptlib/OpenSSL/crypto/asn1 -I/builddir/build/BUILD/shim-16.1/Cryptlib/OpenSSL/crypto/evp -I/builddir/build/BUILD/shim-16.1/Cryptlib/OpenSSL/crypto/modes -I/builddir/build/BUILD/shim-16.1/Cryptlib/OpenSSL/crypto/include -isystem /builddir/build/BUILD/shim-16.1/include/system -isystem /opt/rh/gcc-toolset-12/root/usr/lib/gcc/aarch64-redhat-linux/12/include -DL_ENDIAN -D_CRT_SECURE_NO_DEPRECATE -D_CRT_NONSTDC_NO_DEPRECATE -DOPENSSL_SMALL_FOOTPRINT -DPEDANTIC -DMDE_CPU_AARCH64   -c -o crypto/asn1/a_set.o /builddir/build/BUILD/shim-16.1/Cryptlib/OpenSSL/crypto/asn1/a_set.c
DEBUG util.py:463:  gcc -std=gnu11 -ggdb -gdwarf-4 -gstrict-dwarf -ffreestanding -fmacro-prefix-map=/builddir/build/BUILD/shim-16.1/= -fno-stack-protector -fno-strict-aliasing -fpic -fshort-wchar -nostdinc -Os -Wall -Wextra -Wno-missing-field-initializers -Wno-empty-body -Wno-implicit-fallthrough -Wno-old-style-declaration -Wno-unused-but-set-variable -Wno-unused-parameter -Werror -Wno-error=unused-but-set-variable -Wno-error=unused-parameter -I/builddir/build/BUILD/shim-16.1/Cryptlib/OpenSSL -I/builddir/build/BUILD/shim-16.1/Cryptlib -I/builddir/build/BUILD/shim-16.1/Cryptlib/OpenSSL/Include/ -I/builddir/build/BUILD/shim-16.1/Cryptlib/OpenSSL/crypto -I/builddir/build/BUILD/shim-16.1/Cryptlib/Include -I/builddir/build/BUILD/shim-16.1/gnu-efi/inc -I/builddir/build/BUILD/shim-16.1/gnu-efi/inc/aarch64 -I/builddir/build/BUILD/shim-16.1/gnu-efi/inc/protocol -I/builddir/build/BUILD/shim-16.1/Cryptlib/OpenSSL/crypto/asn1 -I/builddir/build/BUILD/shim-16.1/Cryptlib/OpenSSL/crypto/evp -I/builddir/build/BUILD/shim-16.1/Cryptlib/OpenSSL/crypto/modes -I/builddir/build/BUILD/shim-16.1/Cryptlib/OpenSSL/crypto/include -isystem /builddir/build/BUILD/shim-16.1/include/system -isystem /opt/rh/gcc-toolset-12/root/usr/lib/gcc/aarch64-redhat-linux/12/include -DL_ENDIAN -D_CRT_SECURE_NO_DEPRECATE -D_CRT_NONSTDC_NO_DEPRECATE -DOPENSSL_SMALL_FOOTPRINT -DPEDANTIC -DMDE_CPU_AARCH64   -c -o crypto/asn1/a_dup.o /builddir/build/BUILD/shim-16.1/Cryptlib/OpenSSL/crypto/asn1/a_dup.c
DEBUG util.py:463:  gcc -std=gnu11 -ggdb -gdwarf-4 -gstrict-dwarf -ffreestanding -fmacro-prefix-map=/builddir/build/BUILD/shim-16.1/= -fno-stack-protector -fno-strict-aliasing -fpic -fshort-wchar -nostdinc -Os -Wall -Wextra -Wno-missing-field-initializers -Wno-empty-body -Wno-implicit-fallthrough -Wno-old-style-declaration -Wno-unused-but-set-variable -Wno-unused-parameter -Werror -Wno-error=unused-but-set-variable -Wno-error=unused-parameter -I/builddir/build/BUILD/shim-16.1/Cryptlib/OpenSSL -I/builddir/build/BUILD/shim-16.1/Cryptlib -I/builddir/build/BUILD/shim-16.1/Cryptlib/OpenSSL/Include/ -I/builddir/build/BUILD/shim-16.1/Cryptlib/OpenSSL/crypto -I/builddir/build/BUILD/shim-16.1/Cryptlib/Include -I/builddir/build/BUILD/shim-16.1/gnu-efi/inc -I/builddir/build/BUILD/shim-16.1/gnu-efi/inc/aarch64 -I/builddir/build/BUILD/shim-16.1/gnu-efi/inc/protocol -I/builddir/build/BUILD/shim-16.1/Cryptlib/OpenSSL/crypto/asn1 -I/builddir/build/BUILD/shim-16.1/Cryptlib/OpenSSL/crypto/evp -I/builddir/build/BUILD/shim-16.1/Cryptlib/OpenSSL/crypto/modes -I/builddir/build/BUILD/shim-16.1/Cryptlib/OpenSSL/crypto/include -isystem /builddir/build/BUILD/shim-16.1/include/system -isystem /opt/rh/gcc-toolset-12/root/usr/lib/gcc/aarch64-redhat-linux/12/include -DL_ENDIAN -D_CRT_SECURE_NO_DEPRECATE -D_CRT_NONSTDC_NO_DEPRECATE -DOPENSSL_SMALL_FOOTPRINT -DPEDANTIC -DMDE_CPU_AARCH64   -c -o crypto/asn1/a_d2i_fp.o /builddir/build/BUILD/shim-16.1/Cryptlib/OpenSSL/crypto/asn1/a_d2i_fp.c
DEBUG util.py:463:  gcc -std=gnu11 -ggdb -gdwarf-4 -gstrict-dwarf -ffreestanding -fmacro-prefix-map=/builddir/build/BUILD/shim-16.1/= -fno-stack-protector -fno-strict-aliasing -fpic -fshort-wchar -nostdinc -Os -Wall -Wextra -Wno-missing-field-initializers -Wno-empty-body -Wno-implicit-fallthrough -Wno-old-style-declaration -Wno-unused-but-set-variable -Wno-unused-parameter -Werror -Wno-error=unused-but-set-variable -Wno-error=unused-parameter -I/builddir/build/BUILD/shim-16.1/Cryptlib/OpenSSL -I/builddir/build/BUILD/shim-16.1/Cryptlib -I/builddir/build/BUILD/shim-16.1/Cryptlib/OpenSSL/Include/ -I/builddir/build/BUILD/shim-16.1/Cryptlib/OpenSSL/crypto -I/builddir/build/BUILD/shim-16.1/Cryptlib/Include -I/builddir/build/BUILD/shim-16.1/gnu-efi/inc -I/builddir/build/BUILD/shim-16.1/gnu-efi/inc/aarch64 -I/builddir/build/BUILD/shim-16.1/gnu-efi/inc/protocol -I/builddir/build/BUILD/shim-16.1/Cryptlib/OpenSSL/crypto/asn1 -I/builddir/build/BUILD/shim-16.1/Cryptlib/OpenSSL/crypto/evp -I/builddir/build/BUILD/shim-16.1/Cryptlib/OpenSSL/crypto/modes -I/builddir/build/BUILD/shim-16.1/Cryptlib/OpenSSL/crypto/include -isystem /builddir/build/BUILD/shim-16.1/include/system -isystem /opt/rh/gcc-toolset-12/root/usr/lib/gcc/aarch64-redhat-linux/12/include -DL_ENDIAN -D_CRT_SECURE_NO_DEPRECATE -D_CRT_NONSTDC_NO_DEPRECATE -DOPENSSL_SMALL_FOOTPRINT -DPEDANTIC -DMDE_CPU_AARCH64   -c -o crypto/asn1/a_i2d_fp.o /builddir/build/BUILD/shim-16.1/Cryptlib/OpenSSL/crypto/asn1/a_i2d_fp.c
DEBUG util.py:463:  gcc -std=gnu11 -ggdb -gdwarf-4 -gstrict-dwarf -ffreestanding -fmacro-prefix-map=/builddir/build/BUILD/shim-16.1/= -fno-stack-protector -fno-strict-aliasing -fpic -fshort-wchar -nostdinc -Os -Wall -Wextra -Wno-missing-field-initializers -Wno-empty-body -Wno-implicit-fallthrough -Wno-old-style-declaration -Wno-unused-but-set-variable -Wno-unused-parameter -Werror -Wno-error=unused-but-set-variable -Wno-error=unused-parameter -I/builddir/build/BUILD/shim-16.1/Cryptlib/OpenSSL -I/builddir/build/BUILD/shim-16.1/Cryptlib -I/builddir/build/BUILD/shim-16.1/Cryptlib/OpenSSL/Include/ -I/builddir/build/BUILD/shim-16.1/Cryptlib/OpenSSL/crypto -I/builddir/build/BUILD/shim-16.1/Cryptlib/Include -I/builddir/build/BUILD/shim-16.1/gnu-efi/inc -I/builddir/build/BUILD/shim-16.1/gnu-efi/inc/aarch64 -I/builddir/build/BUILD/shim-16.1/gnu-efi/inc/protocol -I/builddir/build/BUILD/shim-16.1/Cryptlib/OpenSSL/crypto/asn1 -I/builddir/build/BUILD/shim-16.1/Cryptlib/OpenSSL/crypto/evp -I/builddir/build/BUILD/shim-16.1/Cryptlib/OpenSSL/crypto/modes -I/builddir/build/BUILD/shim-16.1/Cryptlib/OpenSSL/crypto/include -isystem /builddir/build/BUILD/shim-16.1/include/system -isystem /opt/rh/gcc-toolset-12/root/usr/lib/gcc/aarch64-redhat-linux/12/include -DL_ENDIAN -D_CRT_SECURE_NO_DEPRECATE -D_CRT_NONSTDC_NO_DEPRECATE -DOPENSSL_SMALL_FOOTPRINT -DPEDANTIC -DMDE_CPU_AARCH64   -c -o crypto/asn1/a_enum.o /builddir/build/BUILD/shim-16.1/Cryptlib/OpenSSL/crypto/asn1/a_enum.c
DEBUG util.py:463:  gcc -std=gnu11 -ggdb -gdwarf-4 -gstrict-dwarf -ffreestanding -fmacro-prefix-map=/builddir/build/BUILD/shim-16.1/= -fno-stack-protector -fno-strict-aliasing -fpic -fshort-wchar -nostdinc -Os -Wall -Wextra -Wno-missing-field-initializers -Wno-empty-body -Wno-implicit-fallthrough -Wno-old-style-declaration -Wno-unused-but-set-variable -Wno-unused-parameter -Werror -Wno-error=unused-but-set-variable -Wno-error=unused-parameter -I/builddir/build/BUILD/shim-16.1/Cryptlib/OpenSSL -I/builddir/build/BUILD/shim-16.1/Cryptlib -I/builddir/build/BUILD/shim-16.1/Cryptlib/OpenSSL/Include/ -I/builddir/build/BUILD/shim-16.1/Cryptlib/OpenSSL/crypto -I/builddir/build/BUILD/shim-16.1/Cryptlib/Include -I/builddir/build/BUILD/shim-16.1/gnu-efi/inc -I/builddir/build/BUILD/shim-16.1/gnu-efi/inc/aarch64 -I/builddir/build/BUILD/shim-16.1/gnu-efi/inc/protocol -I/builddir/build/BUILD/shim-16.1/Cryptlib/OpenSSL/crypto/asn1 -I/builddir/build/BUILD/shim-16.1/Cryptlib/OpenSSL/crypto/evp -I/builddir/build/BUILD/shim-16.1/Cryptlib/OpenSSL/crypto/modes -I/builddir/build/BUILD/shim-16.1/Cryptlib/OpenSSL/crypto/include -isystem /builddir/build/BUILD/shim-16.1/include/system -isystem /opt/rh/gcc-toolset-12/root/usr/lib/gcc/aarch64-redhat-linux/12/include -DL_ENDIAN -D_CRT_SECURE_NO_DEPRECATE -D_CRT_NONSTDC_NO_DEPRECATE -DOPENSSL_SMALL_FOOTPRINT -DPEDANTIC -DMDE_CPU_AARCH64   -c -o crypto/asn1/a_utf8.o /builddir/build/BUILD/shim-16.1/Cryptlib/OpenSSL/crypto/asn1/a_utf8.c
DEBUG util.py:463:  gcc -std=gnu11 -ggdb -gdwarf-4 -gstrict-dwarf -ffreestanding -fmacro-prefix-map=/builddir/build/BUILD/shim-16.1/= -fno-stack-protector -fno-strict-aliasing -fpic -fshort-wchar -nostdinc -Os -Wall -Wextra -Wno-missing-field-initializers -Wno-empty-body -Wno-implicit-fallthrough -Wno-old-style-declaration -Wno-unused-but-set-variable -Wno-unused-parameter -Werror -Wno-error=unused-but-set-variable -Wno-error=unused-parameter -I/builddir/build/BUILD/shim-16.1/Cryptlib/OpenSSL -I/builddir/build/BUILD/shim-16.1/Cryptlib -I/builddir/build/BUILD/shim-16.1/Cryptlib/OpenSSL/Include/ -I/builddir/build/BUILD/shim-16.1/Cryptlib/OpenSSL/crypto -I/builddir/build/BUILD/shim-16.1/Cryptlib/Include -I/builddir/build/BUILD/shim-16.1/gnu-efi/inc -I/builddir/build/BUILD/shim-16.1/gnu-efi/inc/aarch64 -I/builddir/build/BUILD/shim-16.1/gnu-efi/inc/protocol -I/builddir/build/BUILD/shim-16.1/Cryptlib/OpenSSL/crypto/asn1 -I/builddir/build/BUILD/shim-16.1/Cryptlib/OpenSSL/crypto/evp -I/builddir/build/BUILD/shim-16.1/Cryptlib/OpenSSL/crypto/modes -I/builddir/build/BUILD/shim-16.1/Cryptlib/OpenSSL/crypto/include -isystem /builddir/build/BUILD/shim-16.1/include/system -isystem /opt/rh/gcc-toolset-12/root/usr/lib/gcc/aarch64-redhat-linux/12/include -DL_ENDIAN -D_CRT_SECURE_NO_DEPRECATE -D_CRT_NONSTDC_NO_DEPRECATE -DOPENSSL_SMALL_FOOTPRINT -DPEDANTIC -DMDE_CPU_AARCH64   -c -o crypto/asn1/a_sign.o /builddir/build/BUILD/shim-16.1/Cryptlib/OpenSSL/crypto/asn1/a_sign.c
DEBUG util.py:463:  gcc -std=gnu11 -ggdb -gdwarf-4 -gstrict-dwarf -ffreestanding -fmacro-prefix-map=/builddir/build/BUILD/shim-16.1/= -fno-stack-protector -fno-strict-aliasing -fpic -fshort-wchar -nostdinc -Os -Wall -Wextra -Wno-missing-field-initializers -Wno-empty-body -Wno-implicit-fallthrough -Wno-old-style-declaration -Wno-unused-but-set-variable -Wno-unused-parameter -Werror -Wno-error=unused-but-set-variable -Wno-error=unused-parameter -I/builddir/build/BUILD/shim-16.1/Cryptlib/OpenSSL -I/builddir/build/BUILD/shim-16.1/Cryptlib -I/builddir/build/BUILD/shim-16.1/Cryptlib/OpenSSL/Include/ -I/builddir/build/BUILD/shim-16.1/Cryptlib/OpenSSL/crypto -I/builddir/build/BUILD/shim-16.1/Cryptlib/Include -I/builddir/build/BUILD/shim-16.1/gnu-efi/inc -I/builddir/build/BUILD/shim-16.1/gnu-efi/inc/aarch64 -I/builddir/build/BUILD/shim-16.1/gnu-efi/inc/protocol -I/builddir/build/BUILD/shim-16.1/Cryptlib/OpenSSL/crypto/asn1 -I/builddir/build/BUILD/shim-16.1/Cryptlib/OpenSSL/crypto/evp -I/builddir/build/BUILD/shim-16.1/Cryptlib/OpenSSL/crypto/modes -I/builddir/build/BUILD/shim-16.1/Cryptlib/OpenSSL/crypto/include -isystem /builddir/build/BUILD/shim-16.1/include/system -isystem /opt/rh/gcc-toolset-12/root/usr/lib/gcc/aarch64-redhat-linux/12/include -DL_ENDIAN -D_CRT_SECURE_NO_DEPRECATE -D_CRT_NONSTDC_NO_DEPRECATE -DOPENSSL_SMALL_FOOTPRINT -DPEDANTIC -DMDE_CPU_AARCH64   -c -o crypto/asn1/a_digest.o /builddir/build/BUILD/shim-16.1/Cryptlib/OpenSSL/crypto/asn1/a_digest.c
DEBUG util.py:463:  gcc -std=gnu11 -ggdb -gdwarf-4 -gstrict-dwarf -ffreestanding -fmacro-prefix-map=/builddir/build/BUILD/shim-16.1/= -fno-stack-protector -fno-strict-aliasing -fpic -fshort-wchar -nostdinc -Os -Wall -Wextra -Wno-missing-field-initializers -Wno-empty-body -Wno-implicit-fallthrough -Wno-old-style-declaration -Wno-unused-but-set-variable -Wno-unused-parameter -Werror -Wno-error=unused-but-set-variable -Wno-error=unused-parameter -I/builddir/build/BUILD/shim-16.1/Cryptlib/OpenSSL -I/builddir/build/BUILD/shim-16.1/Cryptlib -I/builddir/build/BUILD/shim-16.1/Cryptlib/OpenSSL/Include/ -I/builddir/build/BUILD/shim-16.1/Cryptlib/OpenSSL/crypto -I/builddir/build/BUILD/shim-16.1/Cryptlib/Include -I/builddir/build/BUILD/shim-16.1/gnu-efi/inc -I/builddir/build/BUILD/shim-16.1/gnu-efi/inc/aarch64 -I/builddir/build/BUILD/shim-16.1/gnu-efi/inc/protocol -I/builddir/build/BUILD/shim-16.1/Cryptlib/OpenSSL/crypto/asn1 -I/builddir/build/BUILD/shim-16.1/Cryptlib/OpenSSL/crypto/evp -I/builddir/build/BUILD/shim-16.1/Cryptlib/OpenSSL/crypto/modes -I/builddir/build/BUILD/shim-16.1/Cryptlib/OpenSSL/crypto/include -isystem /builddir/build/BUILD/shim-16.1/include/system -isystem /opt/rh/gcc-toolset-12/root/usr/lib/gcc/aarch64-redhat-linux/12/include -DL_ENDIAN -D_CRT_SECURE_NO_DEPRECATE -D_CRT_NONSTDC_NO_DEPRECATE -DOPENSSL_SMALL_FOOTPRINT -DPEDANTIC -DMDE_CPU_AARCH64   -c -o crypto/asn1/a_verify.o /builddir/build/BUILD/shim-16.1/Cryptlib/OpenSSL/crypto/asn1/a_verify.c
DEBUG util.py:463:  gcc -std=gnu11 -ggdb -gdwarf-4 -gstrict-dwarf -ffreestanding -fmacro-prefix-map=/builddir/build/BUILD/shim-16.1/= -fno-stack-protector -fno-strict-aliasing -fpic -fshort-wchar -nostdinc -Os -Wall -Wextra -Wno-missing-field-initializers -Wno-empty-body -Wno-implicit-fallthrough -Wno-old-style-declaration -Wno-unused-but-set-variable -Wno-unused-parameter -Werror -Wno-error=unused-but-set-variable -Wno-error=unused-parameter -I/builddir/build/BUILD/shim-16.1/Cryptlib/OpenSSL -I/builddir/build/BUILD/shim-16.1/Cryptlib -I/builddir/build/BUILD/shim-16.1/Cryptlib/OpenSSL/Include/ -I/builddir/build/BUILD/shim-16.1/Cryptlib/OpenSSL/crypto -I/builddir/build/BUILD/shim-16.1/Cryptlib/Include -I/builddir/build/BUILD/shim-16.1/gnu-efi/inc -I/builddir/build/BUILD/shim-16.1/gnu-efi/inc/aarch64 -I/builddir/build/BUILD/shim-16.1/gnu-efi/inc/protocol -I/builddir/build/BUILD/shim-16.1/Cryptlib/OpenSSL/crypto/asn1 -I/builddir/build/BUILD/shim-16.1/Cryptlib/OpenSSL/crypto/evp -I/builddir/build/BUILD/shim-16.1/Cryptlib/OpenSSL/crypto/modes -I/builddir/build/BUILD/shim-16.1/Cryptlib/OpenSSL/crypto/include -isystem /builddir/build/BUILD/shim-16.1/include/system -isystem /opt/rh/gcc-toolset-12/root/usr/lib/gcc/aarch64-redhat-linux/12/include -DL_ENDIAN -D_CRT_SECURE_NO_DEPRECATE -D_CRT_NONSTDC_NO_DEPRECATE -DOPENSSL_SMALL_FOOTPRINT -DPEDANTIC -DMDE_CPU_AARCH64   -c -o crypto/asn1/a_mbstr.o /builddir/build/BUILD/shim-16.1/Cryptlib/OpenSSL/crypto/asn1/a_mbstr.c
DEBUG util.py:463:  gcc -std=gnu11 -ggdb -gdwarf-4 -gstrict-dwarf -ffreestanding -fmacro-prefix-map=/builddir/build/BUILD/shim-16.1/= -fno-stack-protector -fno-strict-aliasing -fpic -fshort-wchar -nostdinc -Os -Wall -Wextra -Wno-missing-field-initializers -Wno-empty-body -Wno-implicit-fallthrough -Wno-old-style-declaration -Wno-unused-but-set-variable -Wno-unused-parameter -Werror -Wno-error=unused-but-set-variable -Wno-error=unused-parameter -I/builddir/build/BUILD/shim-16.1/Cryptlib/OpenSSL -I/builddir/build/BUILD/shim-16.1/Cryptlib -I/builddir/build/BUILD/shim-16.1/Cryptlib/OpenSSL/Include/ -I/builddir/build/BUILD/shim-16.1/Cryptlib/OpenSSL/crypto -I/builddir/build/BUILD/shim-16.1/Cryptlib/Include -I/builddir/build/BUILD/shim-16.1/gnu-efi/inc -I/builddir/build/BUILD/shim-16.1/gnu-efi/inc/aarch64 -I/builddir/build/BUILD/shim-16.1/gnu-efi/inc/protocol -I/builddir/build/BUILD/shim-16.1/Cryptlib/OpenSSL/crypto/asn1 -I/builddir/build/BUILD/shim-16.1/Cryptlib/OpenSSL/crypto/evp -I/builddir/build/BUILD/shim-16.1/Cryptlib/OpenSSL/crypto/modes -I/builddir/build/BUILD/shim-16.1/Cryptlib/OpenSSL/crypto/include -isystem /builddir/build/BUILD/shim-16.1/include/system -isystem /opt/rh/gcc-toolset-12/root/usr/lib/gcc/aarch64-redhat-linux/12/include -DL_ENDIAN -D_CRT_SECURE_NO_DEPRECATE -D_CRT_NONSTDC_NO_DEPRECATE -DOPENSSL_SMALL_FOOTPRINT -DPEDANTIC -DMDE_CPU_AARCH64   -c -o crypto/asn1/a_strex.o /builddir/build/BUILD/shim-16.1/Cryptlib/OpenSSL/crypto/asn1/a_strex.c
DEBUG util.py:463:  gcc -std=gnu11 -ggdb -gdwarf-4 -gstrict-dwarf -ffreestanding -fmacro-prefix-map=/builddir/build/BUILD/shim-16.1/= -fno-stack-protector -fno-strict-aliasing -fpic -fshort-wchar -nostdinc -Os -Wall -Wextra -Wno-missing-field-initializers -Wno-empty-body -Wno-implicit-fallthrough -Wno-old-style-declaration -Wno-unused-but-set-variable -Wno-unused-parameter -Werror -Wno-error=unused-but-set-variable -Wno-error=unused-parameter -I/builddir/build/BUILD/shim-16.1/Cryptlib/OpenSSL -I/builddir/build/BUILD/shim-16.1/Cryptlib -I/builddir/build/BUILD/shim-16.1/Cryptlib/OpenSSL/Include/ -I/builddir/build/BUILD/shim-16.1/Cryptlib/OpenSSL/crypto -I/builddir/build/BUILD/shim-16.1/Cryptlib/Include -I/builddir/build/BUILD/shim-16.1/gnu-efi/inc -I/builddir/build/BUILD/shim-16.1/gnu-efi/inc/aarch64 -I/builddir/build/BUILD/shim-16.1/gnu-efi/inc/protocol -I/builddir/build/BUILD/shim-16.1/Cryptlib/OpenSSL/crypto/asn1 -I/builddir/build/BUILD/shim-16.1/Cryptlib/OpenSSL/crypto/evp -I/builddir/build/BUILD/shim-16.1/Cryptlib/OpenSSL/crypto/modes -I/builddir/build/BUILD/shim-16.1/Cryptlib/OpenSSL/crypto/include -isystem /builddir/build/BUILD/shim-16.1/include/system -isystem /opt/rh/gcc-toolset-12/root/usr/lib/gcc/aarch64-redhat-linux/12/include -DL_ENDIAN -D_CRT_SECURE_NO_DEPRECATE -D_CRT_NONSTDC_NO_DEPRECATE -DOPENSSL_SMALL_FOOTPRINT -DPEDANTIC -DMDE_CPU_AARCH64   -c -o crypto/asn1/x_algor.o /builddir/build/BUILD/shim-16.1/Cryptlib/OpenSSL/crypto/asn1/x_algor.c
DEBUG util.py:463:  gcc -std=gnu11 -ggdb -gdwarf-4 -gstrict-dwarf -ffreestanding -fmacro-prefix-map=/builddir/build/BUILD/shim-16.1/= -fno-stack-protector -fno-strict-aliasing -fpic -fshort-wchar -nostdinc -Os -Wall -Wextra -Wno-missing-field-initializers -Wno-empty-body -Wno-implicit-fallthrough -Wno-old-style-declaration -Wno-unused-but-set-variable -Wno-unused-parameter -Werror -Wno-error=unused-but-set-variable -Wno-error=unused-parameter -I/builddir/build/BUILD/shim-16.1/Cryptlib/OpenSSL -I/builddir/build/BUILD/shim-16.1/Cryptlib -I/builddir/build/BUILD/shim-16.1/Cryptlib/OpenSSL/Include/ -I/builddir/build/BUILD/shim-16.1/Cryptlib/OpenSSL/crypto -I/builddir/build/BUILD/shim-16.1/Cryptlib/Include -I/builddir/build/BUILD/shim-16.1/gnu-efi/inc -I/builddir/build/BUILD/shim-16.1/gnu-efi/inc/aarch64 -I/builddir/build/BUILD/shim-16.1/gnu-efi/inc/protocol -I/builddir/build/BUILD/shim-16.1/Cryptlib/OpenSSL/crypto/asn1 -I/builddir/build/BUILD/shim-16.1/Cryptlib/OpenSSL/crypto/evp -I/builddir/build/BUILD/shim-16.1/Cryptlib/OpenSSL/crypto/modes -I/builddir/build/BUILD/shim-16.1/Cryptlib/OpenSSL/crypto/include -isystem /builddir/build/BUILD/shim-16.1/include/system -isystem /opt/rh/gcc-toolset-12/root/usr/lib/gcc/aarch64-redhat-linux/12/include -DL_ENDIAN -D_CRT_SECURE_NO_DEPRECATE -D_CRT_NONSTDC_NO_DEPRECATE -DOPENSSL_SMALL_FOOTPRINT -DPEDANTIC -DMDE_CPU_AARCH64   -c -o crypto/asn1/x_val.o /builddir/build/BUILD/shim-16.1/Cryptlib/OpenSSL/crypto/asn1/x_val.c
DEBUG util.py:463:  gcc -std=gnu11 -ggdb -gdwarf-4 -gstrict-dwarf -ffreestanding -fmacro-prefix-map=/builddir/build/BUILD/shim-16.1/= -fno-stack-protector -fno-strict-aliasing -fpic -fshort-wchar -nostdinc -Os -Wall -Wextra -Wno-missing-field-initializers -Wno-empty-body -Wno-implicit-fallthrough -Wno-old-style-declaration -Wno-unused-but-set-variable -Wno-unused-parameter -Werror -Wno-error=unused-but-set-variable -Wno-error=unused-parameter -I/builddir/build/BUILD/shim-16.1/Cryptlib/OpenSSL -I/builddir/build/BUILD/shim-16.1/Cryptlib -I/builddir/build/BUILD/shim-16.1/Cryptlib/OpenSSL/Include/ -I/builddir/build/BUILD/shim-16.1/Cryptlib/OpenSSL/crypto -I/builddir/build/BUILD/shim-16.1/Cryptlib/Include -I/builddir/build/BUILD/shim-16.1/gnu-efi/inc -I/builddir/build/BUILD/shim-16.1/gnu-efi/inc/aarch64 -I/builddir/build/BUILD/shim-16.1/gnu-efi/inc/protocol -I/builddir/build/BUILD/shim-16.1/Cryptlib/OpenSSL/crypto/asn1 -I/builddir/build/BUILD/shim-16.1/Cryptlib/OpenSSL/crypto/evp -I/builddir/build/BUILD/shim-16.1/Cryptlib/OpenSSL/crypto/modes -I/builddir/build/BUILD/shim-16.1/Cryptlib/OpenSSL/crypto/include -isystem /builddir/build/BUILD/shim-16.1/include/system -isystem /opt/rh/gcc-toolset-12/root/usr/lib/gcc/aarch64-redhat-linux/12/include -DL_ENDIAN -D_CRT_SECURE_NO_DEPRECATE -D_CRT_NONSTDC_NO_DEPRECATE -DOPENSSL_SMALL_FOOTPRINT -DPEDANTIC -DMDE_CPU_AARCH64   -c -o crypto/asn1/x_pubkey.o /builddir/build/BUILD/shim-16.1/Cryptlib/OpenSSL/crypto/asn1/x_pubkey.c
DEBUG util.py:463:  gcc -std=gnu11 -ggdb -gdwarf-4 -gstrict-dwarf -ffreestanding -fmacro-prefix-map=/builddir/build/BUILD/shim-16.1/= -fno-stack-protector -fno-strict-aliasing -fpic -fshort-wchar -nostdinc -Os -Wall -Wextra -Wno-missing-field-initializers -Wno-empty-body -Wno-implicit-fallthrough -Wno-old-style-declaration -Wno-unused-but-set-variable -Wno-unused-parameter -Werror -Wno-error=unused-but-set-variable -Wno-error=unused-parameter -I/builddir/build/BUILD/shim-16.1/Cryptlib/OpenSSL -I/builddir/build/BUILD/shim-16.1/Cryptlib -I/builddir/build/BUILD/shim-16.1/Cryptlib/OpenSSL/Include/ -I/builddir/build/BUILD/shim-16.1/Cryptlib/OpenSSL/crypto -I/builddir/build/BUILD/shim-16.1/Cryptlib/Include -I/builddir/build/BUILD/shim-16.1/gnu-efi/inc -I/builddir/build/BUILD/shim-16.1/gnu-efi/inc/aarch64 -I/builddir/build/BUILD/shim-16.1/gnu-efi/inc/protocol -I/builddir/build/BUILD/shim-16.1/Cryptlib/OpenSSL/crypto/asn1 -I/builddir/build/BUILD/shim-16.1/Cryptlib/OpenSSL/crypto/evp -I/builddir/build/BUILD/shim-16.1/Cryptlib/OpenSSL/crypto/modes -I/builddir/build/BUILD/shim-16.1/Cryptlib/OpenSSL/crypto/include -isystem /builddir/build/BUILD/shim-16.1/include/system -isystem /opt/rh/gcc-toolset-12/root/usr/lib/gcc/aarch64-redhat-linux/12/include -DL_ENDIAN -D_CRT_SECURE_NO_DEPRECATE -D_CRT_NONSTDC_NO_DEPRECATE -DOPENSSL_SMALL_FOOTPRINT -DPEDANTIC -DMDE_CPU_AARCH64   -c -o crypto/asn1/x_sig.o /builddir/build/BUILD/shim-16.1/Cryptlib/OpenSSL/crypto/asn1/x_sig.c
DEBUG util.py:463:  gcc -std=gnu11 -ggdb -gdwarf-4 -gstrict-dwarf -ffreestanding -fmacro-prefix-map=/builddir/build/BUILD/shim-16.1/= -fno-stack-protector -fno-strict-aliasing -fpic -fshort-wchar -nostdinc -Os -Wall -Wextra -Wno-missing-field-initializers -Wno-empty-body -Wno-implicit-fallthrough -Wno-old-style-declaration -Wno-unused-but-set-variable -Wno-unused-parameter -Werror -Wno-error=unused-but-set-variable -Wno-error=unused-parameter -I/builddir/build/BUILD/shim-16.1/Cryptlib/OpenSSL -I/builddir/build/BUILD/shim-16.1/Cryptlib -I/builddir/build/BUILD/shim-16.1/Cryptlib/OpenSSL/Include/ -I/builddir/build/BUILD/shim-16.1/Cryptlib/OpenSSL/crypto -I/builddir/build/BUILD/shim-16.1/Cryptlib/Include -I/builddir/build/BUILD/shim-16.1/gnu-efi/inc -I/builddir/build/BUILD/shim-16.1/gnu-efi/inc/aarch64 -I/builddir/build/BUILD/shim-16.1/gnu-efi/inc/protocol -I/builddir/build/BUILD/shim-16.1/Cryptlib/OpenSSL/crypto/asn1 -I/builddir/build/BUILD/shim-16.1/Cryptlib/OpenSSL/crypto/evp -I/builddir/build/BUILD/shim-16.1/Cryptlib/OpenSSL/crypto/modes -I/builddir/build/BUILD/shim-16.1/Cryptlib/OpenSSL/crypto/include -isystem /builddir/build/BUILD/shim-16.1/include/system -isystem /opt/rh/gcc-toolset-12/root/usr/lib/gcc/aarch64-redhat-linux/12/include -DL_ENDIAN -D_CRT_SECURE_NO_DEPRECATE -D_CRT_NONSTDC_NO_DEPRECATE -DOPENSSL_SMALL_FOOTPRINT -DPEDANTIC -DMDE_CPU_AARCH64   -c -o crypto/asn1/x_req.o /builddir/build/BUILD/shim-16.1/Cryptlib/OpenSSL/crypto/asn1/x_req.c
DEBUG util.py:463:  gcc -std=gnu11 -ggdb -gdwarf-4 -gstrict-dwarf -ffreestanding -fmacro-prefix-map=/builddir/build/BUILD/shim-16.1/= -fno-stack-protector -fno-strict-aliasing -fpic -fshort-wchar -nostdinc -Os -Wall -Wextra -Wno-missing-field-initializers -Wno-empty-body -Wno-implicit-fallthrough -Wno-old-style-declaration -Wno-unused-but-set-variable -Wno-unused-parameter -Werror -Wno-error=unused-but-set-variable -Wno-error=unused-parameter -I/builddir/build/BUILD/shim-16.1/Cryptlib/OpenSSL -I/builddir/build/BUILD/shim-16.1/Cryptlib -I/builddir/build/BUILD/shim-16.1/Cryptlib/OpenSSL/Include/ -I/builddir/build/BUILD/shim-16.1/Cryptlib/OpenSSL/crypto -I/builddir/build/BUILD/shim-16.1/Cryptlib/Include -I/builddir/build/BUILD/shim-16.1/gnu-efi/inc -I/builddir/build/BUILD/shim-16.1/gnu-efi/inc/aarch64 -I/builddir/build/BUILD/shim-16.1/gnu-efi/inc/protocol -I/builddir/build/BUILD/shim-16.1/Cryptlib/OpenSSL/crypto/asn1 -I/builddir/build/BUILD/shim-16.1/Cryptlib/OpenSSL/crypto/evp -I/builddir/build/BUILD/shim-16.1/Cryptlib/OpenSSL/crypto/modes -I/builddir/build/BUILD/shim-16.1/Cryptlib/OpenSSL/crypto/include -isystem /builddir/build/BUILD/shim-16.1/include/system -isystem /opt/rh/gcc-toolset-12/root/usr/lib/gcc/aarch64-redhat-linux/12/include -DL_ENDIAN -D_CRT_SECURE_NO_DEPRECATE -D_CRT_NONSTDC_NO_DEPRECATE -DOPENSSL_SMALL_FOOTPRINT -DPEDANTIC -DMDE_CPU_AARCH64   -c -o crypto/asn1/x_attrib.o /builddir/build/BUILD/shim-16.1/Cryptlib/OpenSSL/crypto/asn1/x_attrib.c
DEBUG util.py:463:  gcc -std=gnu11 -ggdb -gdwarf-4 -gstrict-dwarf -ffreestanding -fmacro-prefix-map=/builddir/build/BUILD/shim-16.1/= -fno-stack-protector -fno-strict-aliasing -fpic -fshort-wchar -nostdinc -Os -Wall -Wextra -Wno-missing-field-initializers -Wno-empty-body -Wno-implicit-fallthrough -Wno-old-style-declaration -Wno-unused-but-set-variable -Wno-unused-parameter -Werror -Wno-error=unused-but-set-variable -Wno-error=unused-parameter -I/builddir/build/BUILD/shim-16.1/Cryptlib/OpenSSL -I/builddir/build/BUILD/shim-16.1/Cryptlib -I/builddir/build/BUILD/shim-16.1/Cryptlib/OpenSSL/Include/ -I/builddir/build/BUILD/shim-16.1/Cryptlib/OpenSSL/crypto -I/builddir/build/BUILD/shim-16.1/Cryptlib/Include -I/builddir/build/BUILD/shim-16.1/gnu-efi/inc -I/builddir/build/BUILD/shim-16.1/gnu-efi/inc/aarch64 -I/builddir/build/BUILD/shim-16.1/gnu-efi/inc/protocol -I/builddir/build/BUILD/shim-16.1/Cryptlib/OpenSSL/crypto/asn1 -I/builddir/build/BUILD/shim-16.1/Cryptlib/OpenSSL/crypto/evp -I/builddir/build/BUILD/shim-16.1/Cryptlib/OpenSSL/crypto/modes -I/builddir/build/BUILD/shim-16.1/Cryptlib/OpenSSL/crypto/include -isystem /builddir/build/BUILD/shim-16.1/include/system -isystem /opt/rh/gcc-toolset-12/root/usr/lib/gcc/aarch64-redhat-linux/12/include -DL_ENDIAN -D_CRT_SECURE_NO_DEPRECATE -D_CRT_NONSTDC_NO_DEPRECATE -DOPENSSL_SMALL_FOOTPRINT -DPEDANTIC -DMDE_CPU_AARCH64   -c -o crypto/asn1/x_bignum.o /builddir/build/BUILD/shim-16.1/Cryptlib/OpenSSL/crypto/asn1/x_bignum.c
DEBUG util.py:463:  gcc -std=gnu11 -ggdb -gdwarf-4 -gstrict-dwarf -ffreestanding -fmacro-prefix-map=/builddir/build/BUILD/shim-16.1/= -fno-stack-protector -fno-strict-aliasing -fpic -fshort-wchar -nostdinc -Os -Wall -Wextra -Wno-missing-field-initializers -Wno-empty-body -Wno-implicit-fallthrough -Wno-old-style-declaration -Wno-unused-but-set-variable -Wno-unused-parameter -Werror -Wno-error=unused-but-set-variable -Wno-error=unused-parameter -I/builddir/build/BUILD/shim-16.1/Cryptlib/OpenSSL -I/builddir/build/BUILD/shim-16.1/Cryptlib -I/builddir/build/BUILD/shim-16.1/Cryptlib/OpenSSL/Include/ -I/builddir/build/BUILD/shim-16.1/Cryptlib/OpenSSL/crypto -I/builddir/build/BUILD/shim-16.1/Cryptlib/Include -I/builddir/build/BUILD/shim-16.1/gnu-efi/inc -I/builddir/build/BUILD/shim-16.1/gnu-efi/inc/aarch64 -I/builddir/build/BUILD/shim-16.1/gnu-efi/inc/protocol -I/builddir/build/BUILD/shim-16.1/Cryptlib/OpenSSL/crypto/asn1 -I/builddir/build/BUILD/shim-16.1/Cryptlib/OpenSSL/crypto/evp -I/builddir/build/BUILD/shim-16.1/Cryptlib/OpenSSL/crypto/modes -I/builddir/build/BUILD/shim-16.1/Cryptlib/OpenSSL/crypto/include -isystem /builddir/build/BUILD/shim-16.1/include/system -isystem /opt/rh/gcc-toolset-12/root/usr/lib/gcc/aarch64-redhat-linux/12/include -DL_ENDIAN -D_CRT_SECURE_NO_DEPRECATE -D_CRT_NONSTDC_NO_DEPRECATE -DOPENSSL_SMALL_FOOTPRINT -DPEDANTIC -DMDE_CPU_AARCH64   -c -o crypto/asn1/x_long.o /builddir/build/BUILD/shim-16.1/Cryptlib/OpenSSL/crypto/asn1/x_long.c
DEBUG util.py:463:  gcc -std=gnu11 -ggdb -gdwarf-4 -gstrict-dwarf -ffreestanding -fmacro-prefix-map=/builddir/build/BUILD/shim-16.1/= -fno-stack-protector -fno-strict-aliasing -fpic -fshort-wchar -nostdinc -Os -Wall -Wextra -Wno-missing-field-initializers -Wno-empty-body -Wno-implicit-fallthrough -Wno-old-style-declaration -Wno-unused-but-set-variable -Wno-unused-parameter -Werror -Wno-error=unused-but-set-variable -Wno-error=unused-parameter -I/builddir/build/BUILD/shim-16.1/Cryptlib/OpenSSL -I/builddir/build/BUILD/shim-16.1/Cryptlib -I/builddir/build/BUILD/shim-16.1/Cryptlib/OpenSSL/Include/ -I/builddir/build/BUILD/shim-16.1/Cryptlib/OpenSSL/crypto -I/builddir/build/BUILD/shim-16.1/Cryptlib/Include -I/builddir/build/BUILD/shim-16.1/gnu-efi/inc -I/builddir/build/BUILD/shim-16.1/gnu-efi/inc/aarch64 -I/builddir/build/BUILD/shim-16.1/gnu-efi/inc/protocol -I/builddir/build/BUILD/shim-16.1/Cryptlib/OpenSSL/crypto/asn1 -I/builddir/build/BUILD/shim-16.1/Cryptlib/OpenSSL/crypto/evp -I/builddir/build/BUILD/shim-16.1/Cryptlib/OpenSSL/crypto/modes -I/builddir/build/BUILD/shim-16.1/Cryptlib/OpenSSL/crypto/include -isystem /builddir/build/BUILD/shim-16.1/include/system -isystem /opt/rh/gcc-toolset-12/root/usr/lib/gcc/aarch64-redhat-linux/12/include -DL_ENDIAN -D_CRT_SECURE_NO_DEPRECATE -D_CRT_NONSTDC_NO_DEPRECATE -DOPENSSL_SMALL_FOOTPRINT -DPEDANTIC -DMDE_CPU_AARCH64   -c -o crypto/asn1/x_name.o /builddir/build/BUILD/shim-16.1/Cryptlib/OpenSSL/crypto/asn1/x_name.c
DEBUG util.py:463:  gcc -std=gnu11 -ggdb -gdwarf-4 -gstrict-dwarf -ffreestanding -fmacro-prefix-map=/builddir/build/BUILD/shim-16.1/= -fno-stack-protector -fno-strict-aliasing -fpic -fshort-wchar -nostdinc -Os -Wall -Wextra -Wno-missing-field-initializers -Wno-empty-body -Wno-implicit-fallthrough -Wno-old-style-declaration -Wno-unused-but-set-variable -Wno-unused-parameter -Werror -Wno-error=unused-but-set-variable -Wno-error=unused-parameter -I/builddir/build/BUILD/shim-16.1/Cryptlib/OpenSSL -I/builddir/build/BUILD/shim-16.1/Cryptlib -I/builddir/build/BUILD/shim-16.1/Cryptlib/OpenSSL/Include/ -I/builddir/build/BUILD/shim-16.1/Cryptlib/OpenSSL/crypto -I/builddir/build/BUILD/shim-16.1/Cryptlib/Include -I/builddir/build/BUILD/shim-16.1/gnu-efi/inc -I/builddir/build/BUILD/shim-16.1/gnu-efi/inc/aarch64 -I/builddir/build/BUILD/shim-16.1/gnu-efi/inc/protocol -I/builddir/build/BUILD/shim-16.1/Cryptlib/OpenSSL/crypto/asn1 -I/builddir/build/BUILD/shim-16.1/Cryptlib/OpenSSL/crypto/evp -I/builddir/build/BUILD/shim-16.1/Cryptlib/OpenSSL/crypto/modes -I/builddir/build/BUILD/shim-16.1/Cryptlib/OpenSSL/crypto/include -isystem /builddir/build/BUILD/shim-16.1/include/system -isystem /opt/rh/gcc-toolset-12/root/usr/lib/gcc/aarch64-redhat-linux/12/include -DL_ENDIAN -D_CRT_SECURE_NO_DEPRECATE -D_CRT_NONSTDC_NO_DEPRECATE -DOPENSSL_SMALL_FOOTPRINT -DPEDANTIC -DMDE_CPU_AARCH64   -c -o crypto/asn1/x_x509.o /builddir/build/BUILD/shim-16.1/Cryptlib/OpenSSL/crypto/asn1/x_x509.c
DEBUG util.py:463:  gcc -std=gnu11 -ggdb -gdwarf-4 -gstrict-dwarf -ffreestanding -fmacro-prefix-map=/builddir/build/BUILD/shim-16.1/= -fno-stack-protector -fno-strict-aliasing -fpic -fshort-wchar -nostdinc -Os -Wall -Wextra -Wno-missing-field-initializers -Wno-empty-body -Wno-implicit-fallthrough -Wno-old-style-declaration -Wno-unused-but-set-variable -Wno-unused-parameter -Werror -Wno-error=unused-but-set-variable -Wno-error=unused-parameter -I/builddir/build/BUILD/shim-16.1/Cryptlib/OpenSSL -I/builddir/build/BUILD/shim-16.1/Cryptlib -I/builddir/build/BUILD/shim-16.1/Cryptlib/OpenSSL/Include/ -I/builddir/build/BUILD/shim-16.1/Cryptlib/OpenSSL/crypto -I/builddir/build/BUILD/shim-16.1/Cryptlib/Include -I/builddir/build/BUILD/shim-16.1/gnu-efi/inc -I/builddir/build/BUILD/shim-16.1/gnu-efi/inc/aarch64 -I/builddir/build/BUILD/shim-16.1/gnu-efi/inc/protocol -I/builddir/build/BUILD/shim-16.1/Cryptlib/OpenSSL/crypto/asn1 -I/builddir/build/BUILD/shim-16.1/Cryptlib/OpenSSL/crypto/evp -I/builddir/build/BUILD/shim-16.1/Cryptlib/OpenSSL/crypto/modes -I/builddir/build/BUILD/shim-16.1/Cryptlib/OpenSSL/crypto/include -isystem /builddir/build/BUILD/shim-16.1/include/system -isystem /opt/rh/gcc-toolset-12/root/usr/lib/gcc/aarch64-redhat-linux/12/include -DL_ENDIAN -D_CRT_SECURE_NO_DEPRECATE -D_CRT_NONSTDC_NO_DEPRECATE -DOPENSSL_SMALL_FOOTPRINT -DPEDANTIC -DMDE_CPU_AARCH64   -c -o crypto/asn1/x_x509a.o /builddir/build/BUILD/shim-16.1/Cryptlib/OpenSSL/crypto/asn1/x_x509a.c
DEBUG util.py:463:  gcc -std=gnu11 -ggdb -gdwarf-4 -gstrict-dwarf -ffreestanding -fmacro-prefix-map=/builddir/build/BUILD/shim-16.1/= -fno-stack-protector -fno-strict-aliasing -fpic -fshort-wchar -nostdinc -Os -Wall -Wextra -Wno-missing-field-initializers -Wno-empty-body -Wno-implicit-fallthrough -Wno-old-style-declaration -Wno-unused-but-set-variable -Wno-unused-parameter -Werror -Wno-error=unused-but-set-variable -Wno-error=unused-parameter -I/builddir/build/BUILD/shim-16.1/Cryptlib/OpenSSL -I/builddir/build/BUILD/shim-16.1/Cryptlib -I/builddir/build/BUILD/shim-16.1/Cryptlib/OpenSSL/Include/ -I/builddir/build/BUILD/shim-16.1/Cryptlib/OpenSSL/crypto -I/builddir/build/BUILD/shim-16.1/Cryptlib/Include -I/builddir/build/BUILD/shim-16.1/gnu-efi/inc -I/builddir/build/BUILD/shim-16.1/gnu-efi/inc/aarch64 -I/builddir/build/BUILD/shim-16.1/gnu-efi/inc/protocol -I/builddir/build/BUILD/shim-16.1/Cryptlib/OpenSSL/crypto/asn1 -I/builddir/build/BUILD/shim-16.1/Cryptlib/OpenSSL/crypto/evp -I/builddir/build/BUILD/shim-16.1/Cryptlib/OpenSSL/crypto/modes -I/builddir/build/BUILD/shim-16.1/Cryptlib/OpenSSL/crypto/include -isystem /builddir/build/BUILD/shim-16.1/include/system -isystem /opt/rh/gcc-toolset-12/root/usr/lib/gcc/aarch64-redhat-linux/12/include -DL_ENDIAN -D_CRT_SECURE_NO_DEPRECATE -D_CRT_NONSTDC_NO_DEPRECATE -DOPENSSL_SMALL_FOOTPRINT -DPEDANTIC -DMDE_CPU_AARCH64   -c -o crypto/asn1/x_crl.o /builddir/build/BUILD/shim-16.1/Cryptlib/OpenSSL/crypto/asn1/x_crl.c
DEBUG util.py:463:  gcc -std=gnu11 -ggdb -gdwarf-4 -gstrict-dwarf -ffreestanding -fmacro-prefix-map=/builddir/build/BUILD/shim-16.1/= -fno-stack-protector -fno-strict-aliasing -fpic -fshort-wchar -nostdinc -Os -Wall -Wextra -Wno-missing-field-initializers -Wno-empty-body -Wno-implicit-fallthrough -Wno-old-style-declaration -Wno-unused-but-set-variable -Wno-unused-parameter -Werror -Wno-error=unused-but-set-variable -Wno-error=unused-parameter -I/builddir/build/BUILD/shim-16.1/Cryptlib/OpenSSL -I/builddir/build/BUILD/shim-16.1/Cryptlib -I/builddir/build/BUILD/shim-16.1/Cryptlib/OpenSSL/Include/ -I/builddir/build/BUILD/shim-16.1/Cryptlib/OpenSSL/crypto -I/builddir/build/BUILD/shim-16.1/Cryptlib/Include -I/builddir/build/BUILD/shim-16.1/gnu-efi/inc -I/builddir/build/BUILD/shim-16.1/gnu-efi/inc/aarch64 -I/builddir/build/BUILD/shim-16.1/gnu-efi/inc/protocol -I/builddir/build/BUILD/shim-16.1/Cryptlib/OpenSSL/crypto/asn1 -I/builddir/build/BUILD/shim-16.1/Cryptlib/OpenSSL/crypto/evp -I/builddir/build/BUILD/shim-16.1/Cryptlib/OpenSSL/crypto/modes -I/builddir/build/BUILD/shim-16.1/Cryptlib/OpenSSL/crypto/include -isystem /builddir/build/BUILD/shim-16.1/include/system -isystem /opt/rh/gcc-toolset-12/root/usr/lib/gcc/aarch64-redhat-linux/12/include -DL_ENDIAN -D_CRT_SECURE_NO_DEPRECATE -D_CRT_NONSTDC_NO_DEPRECATE -DOPENSSL_SMALL_FOOTPRINT -DPEDANTIC -DMDE_CPU_AARCH64   -c -o crypto/asn1/x_info.o /builddir/build/BUILD/shim-16.1/Cryptlib/OpenSSL/crypto/asn1/x_info.c
DEBUG util.py:463:  gcc -std=gnu11 -ggdb -gdwarf-4 -gstrict-dwarf -ffreestanding -fmacro-prefix-map=/builddir/build/BUILD/shim-16.1/= -fno-stack-protector -fno-strict-aliasing -fpic -fshort-wchar -nostdinc -Os -Wall -Wextra -Wno-missing-field-initializers -Wno-empty-body -Wno-implicit-fallthrough -Wno-old-style-declaration -Wno-unused-but-set-variable -Wno-unused-parameter -Werror -Wno-error=unused-but-set-variable -Wno-error=unused-parameter -I/builddir/build/BUILD/shim-16.1/Cryptlib/OpenSSL -I/builddir/build/BUILD/shim-16.1/Cryptlib -I/builddir/build/BUILD/shim-16.1/Cryptlib/OpenSSL/Include/ -I/builddir/build/BUILD/shim-16.1/Cryptlib/OpenSSL/crypto -I/builddir/build/BUILD/shim-16.1/Cryptlib/Include -I/builddir/build/BUILD/shim-16.1/gnu-efi/inc -I/builddir/build/BUILD/shim-16.1/gnu-efi/inc/aarch64 -I/builddir/build/BUILD/shim-16.1/gnu-efi/inc/protocol -I/builddir/build/BUILD/shim-16.1/Cryptlib/OpenSSL/crypto/asn1 -I/builddir/build/BUILD/shim-16.1/Cryptlib/OpenSSL/crypto/evp -I/builddir/build/BUILD/shim-16.1/Cryptlib/OpenSSL/crypto/modes -I/builddir/build/BUILD/shim-16.1/Cryptlib/OpenSSL/crypto/include -isystem /builddir/build/BUILD/shim-16.1/include/system -isystem /opt/rh/gcc-toolset-12/root/usr/lib/gcc/aarch64-redhat-linux/12/include -DL_ENDIAN -D_CRT_SECURE_NO_DEPRECATE -D_CRT_NONSTDC_NO_DEPRECATE -DOPENSSL_SMALL_FOOTPRINT -DPEDANTIC -DMDE_CPU_AARCH64   -c -o crypto/asn1/x_spki.o /builddir/build/BUILD/shim-16.1/Cryptlib/OpenSSL/crypto/asn1/x_spki.c
DEBUG util.py:463:  gcc -std=gnu11 -ggdb -gdwarf-4 -gstrict-dwarf -ffreestanding -fmacro-prefix-map=/builddir/build/BUILD/shim-16.1/= -fno-stack-protector -fno-strict-aliasing -fpic -fshort-wchar -nostdinc -Os -Wall -Wextra -Wno-missing-field-initializers -Wno-empty-body -Wno-implicit-fallthrough -Wno-old-style-declaration -Wno-unused-but-set-variable -Wno-unused-parameter -Werror -Wno-error=unused-but-set-variable -Wno-error=unused-parameter -I/builddir/build/BUILD/shim-16.1/Cryptlib/OpenSSL -I/builddir/build/BUILD/shim-16.1/Cryptlib -I/builddir/build/BUILD/shim-16.1/Cryptlib/OpenSSL/Include/ -I/builddir/build/BUILD/shim-16.1/Cryptlib/OpenSSL/crypto -I/builddir/build/BUILD/shim-16.1/Cryptlib/Include -I/builddir/build/BUILD/shim-16.1/gnu-efi/inc -I/builddir/build/BUILD/shim-16.1/gnu-efi/inc/aarch64 -I/builddir/build/BUILD/shim-16.1/gnu-efi/inc/protocol -I/builddir/build/BUILD/shim-16.1/Cryptlib/OpenSSL/crypto/asn1 -I/builddir/build/BUILD/shim-16.1/Cryptlib/OpenSSL/crypto/evp -I/builddir/build/BUILD/shim-16.1/Cryptlib/OpenSSL/crypto/modes -I/builddir/build/BUILD/shim-16.1/Cryptlib/OpenSSL/crypto/include -isystem /builddir/build/BUILD/shim-16.1/include/system -isystem /opt/rh/gcc-toolset-12/root/usr/lib/gcc/aarch64-redhat-linux/12/include -DL_ENDIAN -D_CRT_SECURE_NO_DEPRECATE -D_CRT_NONSTDC_NO_DEPRECATE -DOPENSSL_SMALL_FOOTPRINT -DPEDANTIC -DMDE_CPU_AARCH64   -c -o crypto/asn1/nsseq.o /builddir/build/BUILD/shim-16.1/Cryptlib/OpenSSL/crypto/asn1/nsseq.c
DEBUG util.py:463:  gcc -std=gnu11 -ggdb -gdwarf-4 -gstrict-dwarf -ffreestanding -fmacro-prefix-map=/builddir/build/BUILD/shim-16.1/= -fno-stack-protector -fno-strict-aliasing -fpic -fshort-wchar -nostdinc -Os -Wall -Wextra -Wno-missing-field-initializers -Wno-empty-body -Wno-implicit-fallthrough -Wno-old-style-declaration -Wno-unused-but-set-variable -Wno-unused-parameter -Werror -Wno-error=unused-but-set-variable -Wno-error=unused-parameter -I/builddir/build/BUILD/shim-16.1/Cryptlib/OpenSSL -I/builddir/build/BUILD/shim-16.1/Cryptlib -I/builddir/build/BUILD/shim-16.1/Cryptlib/OpenSSL/Include/ -I/builddir/build/BUILD/shim-16.1/Cryptlib/OpenSSL/crypto -I/builddir/build/BUILD/shim-16.1/Cryptlib/Include -I/builddir/build/BUILD/shim-16.1/gnu-efi/inc -I/builddir/build/BUILD/shim-16.1/gnu-efi/inc/aarch64 -I/builddir/build/BUILD/shim-16.1/gnu-efi/inc/protocol -I/builddir/build/BUILD/shim-16.1/Cryptlib/OpenSSL/crypto/asn1 -I/builddir/build/BUILD/shim-16.1/Cryptlib/OpenSSL/crypto/evp -I/builddir/build/BUILD/shim-16.1/Cryptlib/OpenSSL/crypto/modes -I/builddir/build/BUILD/shim-16.1/Cryptlib/OpenSSL/crypto/include -isystem /builddir/build/BUILD/shim-16.1/include/system -isystem /opt/rh/gcc-toolset-12/root/usr/lib/gcc/aarch64-redhat-linux/12/include -DL_ENDIAN -D_CRT_SECURE_NO_DEPRECATE -D_CRT_NONSTDC_NO_DEPRECATE -DOPENSSL_SMALL_FOOTPRINT -DPEDANTIC -DMDE_CPU_AARCH64   -c -o crypto/asn1/x_nx509.o /builddir/build/BUILD/shim-16.1/Cryptlib/OpenSSL/crypto/asn1/x_nx509.c
DEBUG util.py:463:  gcc -std=gnu11 -ggdb -gdwarf-4 -gstrict-dwarf -ffreestanding -fmacro-prefix-map=/builddir/build/BUILD/shim-16.1/= -fno-stack-protector -fno-strict-aliasing -fpic -fshort-wchar -nostdinc -Os -Wall -Wextra -Wno-missing-field-initializers -Wno-empty-body -Wno-implicit-fallthrough -Wno-old-style-declaration -Wno-unused-but-set-variable -Wno-unused-parameter -Werror -Wno-error=unused-but-set-variable -Wno-error=unused-parameter -I/builddir/build/BUILD/shim-16.1/Cryptlib/OpenSSL -I/builddir/build/BUILD/shim-16.1/Cryptlib -I/builddir/build/BUILD/shim-16.1/Cryptlib/OpenSSL/Include/ -I/builddir/build/BUILD/shim-16.1/Cryptlib/OpenSSL/crypto -I/builddir/build/BUILD/shim-16.1/Cryptlib/Include -I/builddir/build/BUILD/shim-16.1/gnu-efi/inc -I/builddir/build/BUILD/shim-16.1/gnu-efi/inc/aarch64 -I/builddir/build/BUILD/shim-16.1/gnu-efi/inc/protocol -I/builddir/build/BUILD/shim-16.1/Cryptlib/OpenSSL/crypto/asn1 -I/builddir/build/BUILD/shim-16.1/Cryptlib/OpenSSL/crypto/evp -I/builddir/build/BUILD/shim-16.1/Cryptlib/OpenSSL/crypto/modes -I/builddir/build/BUILD/shim-16.1/Cryptlib/OpenSSL/crypto/include -isystem /builddir/build/BUILD/shim-16.1/include/system -isystem /opt/rh/gcc-toolset-12/root/usr/lib/gcc/aarch64-redhat-linux/12/include -DL_ENDIAN -D_CRT_SECURE_NO_DEPRECATE -D_CRT_NONSTDC_NO_DEPRECATE -DOPENSSL_SMALL_FOOTPRINT -DPEDANTIC -DMDE_CPU_AARCH64   -c -o crypto/asn1/d2i_pu.o /builddir/build/BUILD/shim-16.1/Cryptlib/OpenSSL/crypto/asn1/d2i_pu.c
DEBUG util.py:463:  gcc -std=gnu11 -ggdb -gdwarf-4 -gstrict-dwarf -ffreestanding -fmacro-prefix-map=/builddir/build/BUILD/shim-16.1/= -fno-stack-protector -fno-strict-aliasing -fpic -fshort-wchar -nostdinc -Os -Wall -Wextra -Wno-missing-field-initializers -Wno-empty-body -Wno-implicit-fallthrough -Wno-old-style-declaration -Wno-unused-but-set-variable -Wno-unused-parameter -Werror -Wno-error=unused-but-set-variable -Wno-error=unused-parameter -I/builddir/build/BUILD/shim-16.1/Cryptlib/OpenSSL -I/builddir/build/BUILD/shim-16.1/Cryptlib -I/builddir/build/BUILD/shim-16.1/Cryptlib/OpenSSL/Include/ -I/builddir/build/BUILD/shim-16.1/Cryptlib/OpenSSL/crypto -I/builddir/build/BUILD/shim-16.1/Cryptlib/Include -I/builddir/build/BUILD/shim-16.1/gnu-efi/inc -I/builddir/build/BUILD/shim-16.1/gnu-efi/inc/aarch64 -I/builddir/build/BUILD/shim-16.1/gnu-efi/inc/protocol -I/builddir/build/BUILD/shim-16.1/Cryptlib/OpenSSL/crypto/asn1 -I/builddir/build/BUILD/shim-16.1/Cryptlib/OpenSSL/crypto/evp -I/builddir/build/BUILD/shim-16.1/Cryptlib/OpenSSL/crypto/modes -I/builddir/build/BUILD/shim-16.1/Cryptlib/OpenSSL/crypto/include -isystem /builddir/build/BUILD/shim-16.1/include/system -isystem /opt/rh/gcc-toolset-12/root/usr/lib/gcc/aarch64-redhat-linux/12/include -DL_ENDIAN -D_CRT_SECURE_NO_DEPRECATE -D_CRT_NONSTDC_NO_DEPRECATE -DOPENSSL_SMALL_FOOTPRINT -DPEDANTIC -DMDE_CPU_AARCH64   -c -o crypto/asn1/d2i_pr.o /builddir/build/BUILD/shim-16.1/Cryptlib/OpenSSL/crypto/asn1/d2i_pr.c
DEBUG util.py:463:  gcc -std=gnu11 -ggdb -gdwarf-4 -gstrict-dwarf -ffreestanding -fmacro-prefix-map=/builddir/build/BUILD/shim-16.1/= -fno-stack-protector -fno-strict-aliasing -fpic -fshort-wchar -nostdinc -Os -Wall -Wextra -Wno-missing-field-initializers -Wno-empty-body -Wno-implicit-fallthrough -Wno-old-style-declaration -Wno-unused-but-set-variable -Wno-unused-parameter -Werror -Wno-error=unused-but-set-variable -Wno-error=unused-parameter -I/builddir/build/BUILD/shim-16.1/Cryptlib/OpenSSL -I/builddir/build/BUILD/shim-16.1/Cryptlib -I/builddir/build/BUILD/shim-16.1/Cryptlib/OpenSSL/Include/ -I/builddir/build/BUILD/shim-16.1/Cryptlib/OpenSSL/crypto -I/builddir/build/BUILD/shim-16.1/Cryptlib/Include -I/builddir/build/BUILD/shim-16.1/gnu-efi/inc -I/builddir/build/BUILD/shim-16.1/gnu-efi/inc/aarch64 -I/builddir/build/BUILD/shim-16.1/gnu-efi/inc/protocol -I/builddir/build/BUILD/shim-16.1/Cryptlib/OpenSSL/crypto/asn1 -I/builddir/build/BUILD/shim-16.1/Cryptlib/OpenSSL/crypto/evp -I/builddir/build/BUILD/shim-16.1/Cryptlib/OpenSSL/crypto/modes -I/builddir/build/BUILD/shim-16.1/Cryptlib/OpenSSL/crypto/include -isystem /builddir/build/BUILD/shim-16.1/include/system -isystem /opt/rh/gcc-toolset-12/root/usr/lib/gcc/aarch64-redhat-linux/12/include -DL_ENDIAN -D_CRT_SECURE_NO_DEPRECATE -D_CRT_NONSTDC_NO_DEPRECATE -DOPENSSL_SMALL_FOOTPRINT -DPEDANTIC -DMDE_CPU_AARCH64   -c -o crypto/asn1/i2d_pu.o /builddir/build/BUILD/shim-16.1/Cryptlib/OpenSSL/crypto/asn1/i2d_pu.c
DEBUG util.py:463:  gcc -std=gnu11 -ggdb -gdwarf-4 -gstrict-dwarf -ffreestanding -fmacro-prefix-map=/builddir/build/BUILD/shim-16.1/= -fno-stack-protector -fno-strict-aliasing -fpic -fshort-wchar -nostdinc -Os -Wall -Wextra -Wno-missing-field-initializers -Wno-empty-body -Wno-implicit-fallthrough -Wno-old-style-declaration -Wno-unused-but-set-variable -Wno-unused-parameter -Werror -Wno-error=unused-but-set-variable -Wno-error=unused-parameter -I/builddir/build/BUILD/shim-16.1/Cryptlib/OpenSSL -I/builddir/build/BUILD/shim-16.1/Cryptlib -I/builddir/build/BUILD/shim-16.1/Cryptlib/OpenSSL/Include/ -I/builddir/build/BUILD/shim-16.1/Cryptlib/OpenSSL/crypto -I/builddir/build/BUILD/shim-16.1/Cryptlib/Include -I/builddir/build/BUILD/shim-16.1/gnu-efi/inc -I/builddir/build/BUILD/shim-16.1/gnu-efi/inc/aarch64 -I/builddir/build/BUILD/shim-16.1/gnu-efi/inc/protocol -I/builddir/build/BUILD/shim-16.1/Cryptlib/OpenSSL/crypto/asn1 -I/builddir/build/BUILD/shim-16.1/Cryptlib/OpenSSL/crypto/evp -I/builddir/build/BUILD/shim-16.1/Cryptlib/OpenSSL/crypto/modes -I/builddir/build/BUILD/shim-16.1/Cryptlib/OpenSSL/crypto/include -isystem /builddir/build/BUILD/shim-16.1/include/system -isystem /opt/rh/gcc-toolset-12/root/usr/lib/gcc/aarch64-redhat-linux/12/include -DL_ENDIAN -D_CRT_SECURE_NO_DEPRECATE -D_CRT_NONSTDC_NO_DEPRECATE -DOPENSSL_SMALL_FOOTPRINT -DPEDANTIC -DMDE_CPU_AARCH64   -c -o crypto/asn1/i2d_pr.o /builddir/build/BUILD/shim-16.1/Cryptlib/OpenSSL/crypto/asn1/i2d_pr.c
DEBUG util.py:463:  gcc -std=gnu11 -ggdb -gdwarf-4 -gstrict-dwarf -ffreestanding -fmacro-prefix-map=/builddir/build/BUILD/shim-16.1/= -fno-stack-protector -fno-strict-aliasing -fpic -fshort-wchar -nostdinc -Os -Wall -Wextra -Wno-missing-field-initializers -Wno-empty-body -Wno-implicit-fallthrough -Wno-old-style-declaration -Wno-unused-but-set-variable -Wno-unused-parameter -Werror -Wno-error=unused-but-set-variable -Wno-error=unused-parameter -I/builddir/build/BUILD/shim-16.1/Cryptlib/OpenSSL -I/builddir/build/BUILD/shim-16.1/Cryptlib -I/builddir/build/BUILD/shim-16.1/Cryptlib/OpenSSL/Include/ -I/builddir/build/BUILD/shim-16.1/Cryptlib/OpenSSL/crypto -I/builddir/build/BUILD/shim-16.1/Cryptlib/Include -I/builddir/build/BUILD/shim-16.1/gnu-efi/inc -I/builddir/build/BUILD/shim-16.1/gnu-efi/inc/aarch64 -I/builddir/build/BUILD/shim-16.1/gnu-efi/inc/protocol -I/builddir/build/BUILD/shim-16.1/Cryptlib/OpenSSL/crypto/asn1 -I/builddir/build/BUILD/shim-16.1/Cryptlib/OpenSSL/crypto/evp -I/builddir/build/BUILD/shim-16.1/Cryptlib/OpenSSL/crypto/modes -I/builddir/build/BUILD/shim-16.1/Cryptlib/OpenSSL/crypto/include -isystem /builddir/build/BUILD/shim-16.1/include/system -isystem /opt/rh/gcc-toolset-12/root/usr/lib/gcc/aarch64-redhat-linux/12/include -DL_ENDIAN -D_CRT_SECURE_NO_DEPRECATE -D_CRT_NONSTDC_NO_DEPRECATE -DOPENSSL_SMALL_FOOTPRINT -DPEDANTIC -DMDE_CPU_AARCH64   -c -o crypto/asn1/t_req.o /builddir/build/BUILD/shim-16.1/Cryptlib/OpenSSL/crypto/asn1/t_req.c
DEBUG util.py:463:  gcc -std=gnu11 -ggdb -gdwarf-4 -gstrict-dwarf -ffreestanding -fmacro-prefix-map=/builddir/build/BUILD/shim-16.1/= -fno-stack-protector -fno-strict-aliasing -fpic -fshort-wchar -nostdinc -Os -Wall -Wextra -Wno-missing-field-initializers -Wno-empty-body -Wno-implicit-fallthrough -Wno-old-style-declaration -Wno-unused-but-set-variable -Wno-unused-parameter -Werror -Wno-error=unused-but-set-variable -Wno-error=unused-parameter -I/builddir/build/BUILD/shim-16.1/Cryptlib/OpenSSL -I/builddir/build/BUILD/shim-16.1/Cryptlib -I/builddir/build/BUILD/shim-16.1/Cryptlib/OpenSSL/Include/ -I/builddir/build/BUILD/shim-16.1/Cryptlib/OpenSSL/crypto -I/builddir/build/BUILD/shim-16.1/Cryptlib/Include -I/builddir/build/BUILD/shim-16.1/gnu-efi/inc -I/builddir/build/BUILD/shim-16.1/gnu-efi/inc/aarch64 -I/builddir/build/BUILD/shim-16.1/gnu-efi/inc/protocol -I/builddir/build/BUILD/shim-16.1/Cryptlib/OpenSSL/crypto/asn1 -I/builddir/build/BUILD/shim-16.1/Cryptlib/OpenSSL/crypto/evp -I/builddir/build/BUILD/shim-16.1/Cryptlib/OpenSSL/crypto/modes -I/builddir/build/BUILD/shim-16.1/Cryptlib/OpenSSL/crypto/include -isystem /builddir/build/BUILD/shim-16.1/include/system -isystem /opt/rh/gcc-toolset-12/root/usr/lib/gcc/aarch64-redhat-linux/12/include -DL_ENDIAN -D_CRT_SECURE_NO_DEPRECATE -D_CRT_NONSTDC_NO_DEPRECATE -DOPENSSL_SMALL_FOOTPRINT -DPEDANTIC -DMDE_CPU_AARCH64   -c -o crypto/asn1/t_x509.o /builddir/build/BUILD/shim-16.1/Cryptlib/OpenSSL/crypto/asn1/t_x509.c
DEBUG util.py:463:  gcc -std=gnu11 -ggdb -gdwarf-4 -gstrict-dwarf -ffreestanding -fmacro-prefix-map=/builddir/build/BUILD/shim-16.1/= -fno-stack-protector -fno-strict-aliasing -fpic -fshort-wchar -nostdinc -Os -Wall -Wextra -Wno-missing-field-initializers -Wno-empty-body -Wno-implicit-fallthrough -Wno-old-style-declaration -Wno-unused-but-set-variable -Wno-unused-parameter -Werror -Wno-error=unused-but-set-variable -Wno-error=unused-parameter -I/builddir/build/BUILD/shim-16.1/Cryptlib/OpenSSL -I/builddir/build/BUILD/shim-16.1/Cryptlib -I/builddir/build/BUILD/shim-16.1/Cryptlib/OpenSSL/Include/ -I/builddir/build/BUILD/shim-16.1/Cryptlib/OpenSSL/crypto -I/builddir/build/BUILD/shim-16.1/Cryptlib/Include -I/builddir/build/BUILD/shim-16.1/gnu-efi/inc -I/builddir/build/BUILD/shim-16.1/gnu-efi/inc/aarch64 -I/builddir/build/BUILD/shim-16.1/gnu-efi/inc/protocol -I/builddir/build/BUILD/shim-16.1/Cryptlib/OpenSSL/crypto/asn1 -I/builddir/build/BUILD/shim-16.1/Cryptlib/OpenSSL/crypto/evp -I/builddir/build/BUILD/shim-16.1/Cryptlib/OpenSSL/crypto/modes -I/builddir/build/BUILD/shim-16.1/Cryptlib/OpenSSL/crypto/include -isystem /builddir/build/BUILD/shim-16.1/include/system -isystem /opt/rh/gcc-toolset-12/root/usr/lib/gcc/aarch64-redhat-linux/12/include -DL_ENDIAN -D_CRT_SECURE_NO_DEPRECATE -D_CRT_NONSTDC_NO_DEPRECATE -DOPENSSL_SMALL_FOOTPRINT -DPEDANTIC -DMDE_CPU_AARCH64   -c -o crypto/asn1/t_x509a.o /builddir/build/BUILD/shim-16.1/Cryptlib/OpenSSL/crypto/asn1/t_x509a.c
DEBUG util.py:463:  gcc -std=gnu11 -ggdb -gdwarf-4 -gstrict-dwarf -ffreestanding -fmacro-prefix-map=/builddir/build/BUILD/shim-16.1/= -fno-stack-protector -fno-strict-aliasing -fpic -fshort-wchar -nostdinc -Os -Wall -Wextra -Wno-missing-field-initializers -Wno-empty-body -Wno-implicit-fallthrough -Wno-old-style-declaration -Wno-unused-but-set-variable -Wno-unused-parameter -Werror -Wno-error=unused-but-set-variable -Wno-error=unused-parameter -I/builddir/build/BUILD/shim-16.1/Cryptlib/OpenSSL -I/builddir/build/BUILD/shim-16.1/Cryptlib -I/builddir/build/BUILD/shim-16.1/Cryptlib/OpenSSL/Include/ -I/builddir/build/BUILD/shim-16.1/Cryptlib/OpenSSL/crypto -I/builddir/build/BUILD/shim-16.1/Cryptlib/Include -I/builddir/build/BUILD/shim-16.1/gnu-efi/inc -I/builddir/build/BUILD/shim-16.1/gnu-efi/inc/aarch64 -I/builddir/build/BUILD/shim-16.1/gnu-efi/inc/protocol -I/builddir/build/BUILD/shim-16.1/Cryptlib/OpenSSL/crypto/asn1 -I/builddir/build/BUILD/shim-16.1/Cryptlib/OpenSSL/crypto/evp -I/builddir/build/BUILD/shim-16.1/Cryptlib/OpenSSL/crypto/modes -I/builddir/build/BUILD/shim-16.1/Cryptlib/OpenSSL/crypto/include -isystem /builddir/build/BUILD/shim-16.1/include/system -isystem /opt/rh/gcc-toolset-12/root/usr/lib/gcc/aarch64-redhat-linux/12/include -DL_ENDIAN -D_CRT_SECURE_NO_DEPRECATE -D_CRT_NONSTDC_NO_DEPRECATE -DOPENSSL_SMALL_FOOTPRINT -DPEDANTIC -DMDE_CPU_AARCH64   -c -o crypto/asn1/t_crl.o /builddir/build/BUILD/shim-16.1/Cryptlib/OpenSSL/crypto/asn1/t_crl.c
DEBUG util.py:463:  gcc -std=gnu11 -ggdb -gdwarf-4 -gstrict-dwarf -ffreestanding -fmacro-prefix-map=/builddir/build/BUILD/shim-16.1/= -fno-stack-protector -fno-strict-aliasing -fpic -fshort-wchar -nostdinc -Os -Wall -Wextra -Wno-missing-field-initializers -Wno-empty-body -Wno-implicit-fallthrough -Wno-old-style-declaration -Wno-unused-but-set-variable -Wno-unused-parameter -Werror -Wno-error=unused-but-set-variable -Wno-error=unused-parameter -I/builddir/build/BUILD/shim-16.1/Cryptlib/OpenSSL -I/builddir/build/BUILD/shim-16.1/Cryptlib -I/builddir/build/BUILD/shim-16.1/Cryptlib/OpenSSL/Include/ -I/builddir/build/BUILD/shim-16.1/Cryptlib/OpenSSL/crypto -I/builddir/build/BUILD/shim-16.1/Cryptlib/Include -I/builddir/build/BUILD/shim-16.1/gnu-efi/inc -I/builddir/build/BUILD/shim-16.1/gnu-efi/inc/aarch64 -I/builddir/build/BUILD/shim-16.1/gnu-efi/inc/protocol -I/builddir/build/BUILD/shim-16.1/Cryptlib/OpenSSL/crypto/asn1 -I/builddir/build/BUILD/shim-16.1/Cryptlib/OpenSSL/crypto/evp -I/builddir/build/BUILD/shim-16.1/Cryptlib/OpenSSL/crypto/modes -I/builddir/build/BUILD/shim-16.1/Cryptlib/OpenSSL/crypto/include -isystem /builddir/build/BUILD/shim-16.1/include/system -isystem /opt/rh/gcc-toolset-12/root/usr/lib/gcc/aarch64-redhat-linux/12/include -DL_ENDIAN -D_CRT_SECURE_NO_DEPRECATE -D_CRT_NONSTDC_NO_DEPRECATE -DOPENSSL_SMALL_FOOTPRINT -DPEDANTIC -DMDE_CPU_AARCH64   -c -o crypto/asn1/t_pkey.o /builddir/build/BUILD/shim-16.1/Cryptlib/OpenSSL/crypto/asn1/t_pkey.c
DEBUG util.py:463:  gcc -std=gnu11 -ggdb -gdwarf-4 -gstrict-dwarf -ffreestanding -fmacro-prefix-map=/builddir/build/BUILD/shim-16.1/= -fno-stack-protector -fno-strict-aliasing -fpic -fshort-wchar -nostdinc -Os -Wall -Wextra -Wno-missing-field-initializers -Wno-empty-body -Wno-implicit-fallthrough -Wno-old-style-declaration -Wno-unused-but-set-variable -Wno-unused-parameter -Werror -Wno-error=unused-but-set-variable -Wno-error=unused-parameter -I/builddir/build/BUILD/shim-16.1/Cryptlib/OpenSSL -I/builddir/build/BUILD/shim-16.1/Cryptlib -I/builddir/build/BUILD/shim-16.1/Cryptlib/OpenSSL/Include/ -I/builddir/build/BUILD/shim-16.1/Cryptlib/OpenSSL/crypto -I/builddir/build/BUILD/shim-16.1/Cryptlib/Include -I/builddir/build/BUILD/shim-16.1/gnu-efi/inc -I/builddir/build/BUILD/shim-16.1/gnu-efi/inc/aarch64 -I/builddir/build/BUILD/shim-16.1/gnu-efi/inc/protocol -I/builddir/build/BUILD/shim-16.1/Cryptlib/OpenSSL/crypto/asn1 -I/builddir/build/BUILD/shim-16.1/Cryptlib/OpenSSL/crypto/evp -I/builddir/build/BUILD/shim-16.1/Cryptlib/OpenSSL/crypto/modes -I/builddir/build/BUILD/shim-16.1/Cryptlib/OpenSSL/crypto/include -isystem /builddir/build/BUILD/shim-16.1/include/system -isystem /opt/rh/gcc-toolset-12/root/usr/lib/gcc/aarch64-redhat-linux/12/include -DL_ENDIAN -D_CRT_SECURE_NO_DEPRECATE -D_CRT_NONSTDC_NO_DEPRECATE -DOPENSSL_SMALL_FOOTPRINT -DPEDANTIC -DMDE_CPU_AARCH64   -c -o crypto/asn1/t_spki.o /builddir/build/BUILD/shim-16.1/Cryptlib/OpenSSL/crypto/asn1/t_spki.c
DEBUG util.py:463:  gcc -std=gnu11 -ggdb -gdwarf-4 -gstrict-dwarf -ffreestanding -fmacro-prefix-map=/builddir/build/BUILD/shim-16.1/= -fno-stack-protector -fno-strict-aliasing -fpic -fshort-wchar -nostdinc -Os -Wall -Wextra -Wno-missing-field-initializers -Wno-empty-body -Wno-implicit-fallthrough -Wno-old-style-declaration -Wno-unused-but-set-variable -Wno-unused-parameter -Werror -Wno-error=unused-but-set-variable -Wno-error=unused-parameter -I/builddir/build/BUILD/shim-16.1/Cryptlib/OpenSSL -I/builddir/build/BUILD/shim-16.1/Cryptlib -I/builddir/build/BUILD/shim-16.1/Cryptlib/OpenSSL/Include/ -I/builddir/build/BUILD/shim-16.1/Cryptlib/OpenSSL/crypto -I/builddir/build/BUILD/shim-16.1/Cryptlib/Include -I/builddir/build/BUILD/shim-16.1/gnu-efi/inc -I/builddir/build/BUILD/shim-16.1/gnu-efi/inc/aarch64 -I/builddir/build/BUILD/shim-16.1/gnu-efi/inc/protocol -I/builddir/build/BUILD/shim-16.1/Cryptlib/OpenSSL/crypto/asn1 -I/builddir/build/BUILD/shim-16.1/Cryptlib/OpenSSL/crypto/evp -I/builddir/build/BUILD/shim-16.1/Cryptlib/OpenSSL/crypto/modes -I/builddir/build/BUILD/shim-16.1/Cryptlib/OpenSSL/crypto/include -isystem /builddir/build/BUILD/shim-16.1/include/system -isystem /opt/rh/gcc-toolset-12/root/usr/lib/gcc/aarch64-redhat-linux/12/include -DL_ENDIAN -D_CRT_SECURE_NO_DEPRECATE -D_CRT_NONSTDC_NO_DEPRECATE -DOPENSSL_SMALL_FOOTPRINT -DPEDANTIC -DMDE_CPU_AARCH64   -c -o crypto/asn1/t_bitst.o /builddir/build/BUILD/shim-16.1/Cryptlib/OpenSSL/crypto/asn1/t_bitst.c
DEBUG util.py:463:  gcc -std=gnu11 -ggdb -gdwarf-4 -gstrict-dwarf -ffreestanding -fmacro-prefix-map=/builddir/build/BUILD/shim-16.1/= -fno-stack-protector -fno-strict-aliasing -fpic -fshort-wchar -nostdinc -Os -Wall -Wextra -Wno-missing-field-initializers -Wno-empty-body -Wno-implicit-fallthrough -Wno-old-style-declaration -Wno-unused-but-set-variable -Wno-unused-parameter -Werror -Wno-error=unused-but-set-variable -Wno-error=unused-parameter -I/builddir/build/BUILD/shim-16.1/Cryptlib/OpenSSL -I/builddir/build/BUILD/shim-16.1/Cryptlib -I/builddir/build/BUILD/shim-16.1/Cryptlib/OpenSSL/Include/ -I/builddir/build/BUILD/shim-16.1/Cryptlib/OpenSSL/crypto -I/builddir/build/BUILD/shim-16.1/Cryptlib/Include -I/builddir/build/BUILD/shim-16.1/gnu-efi/inc -I/builddir/build/BUILD/shim-16.1/gnu-efi/inc/aarch64 -I/builddir/build/BUILD/shim-16.1/gnu-efi/inc/protocol -I/builddir/build/BUILD/shim-16.1/Cryptlib/OpenSSL/crypto/asn1 -I/builddir/build/BUILD/shim-16.1/Cryptlib/OpenSSL/crypto/evp -I/builddir/build/BUILD/shim-16.1/Cryptlib/OpenSSL/crypto/modes -I/builddir/build/BUILD/shim-16.1/Cryptlib/OpenSSL/crypto/include -isystem /builddir/build/BUILD/shim-16.1/include/system -isystem /opt/rh/gcc-toolset-12/root/usr/lib/gcc/aarch64-redhat-linux/12/include -DL_ENDIAN -D_CRT_SECURE_NO_DEPRECATE -D_CRT_NONSTDC_NO_DEPRECATE -DOPENSSL_SMALL_FOOTPRINT -DPEDANTIC -DMDE_CPU_AARCH64   -c -o crypto/asn1/tasn_new.o /builddir/build/BUILD/shim-16.1/Cryptlib/OpenSSL/crypto/asn1/tasn_new.c
DEBUG util.py:463:  gcc -std=gnu11 -ggdb -gdwarf-4 -gstrict-dwarf -ffreestanding -fmacro-prefix-map=/builddir/build/BUILD/shim-16.1/= -fno-stack-protector -fno-strict-aliasing -fpic -fshort-wchar -nostdinc -Os -Wall -Wextra -Wno-missing-field-initializers -Wno-empty-body -Wno-implicit-fallthrough -Wno-old-style-declaration -Wno-unused-but-set-variable -Wno-unused-parameter -Werror -Wno-error=unused-but-set-variable -Wno-error=unused-parameter -I/builddir/build/BUILD/shim-16.1/Cryptlib/OpenSSL -I/builddir/build/BUILD/shim-16.1/Cryptlib -I/builddir/build/BUILD/shim-16.1/Cryptlib/OpenSSL/Include/ -I/builddir/build/BUILD/shim-16.1/Cryptlib/OpenSSL/crypto -I/builddir/build/BUILD/shim-16.1/Cryptlib/Include -I/builddir/build/BUILD/shim-16.1/gnu-efi/inc -I/builddir/build/BUILD/shim-16.1/gnu-efi/inc/aarch64 -I/builddir/build/BUILD/shim-16.1/gnu-efi/inc/protocol -I/builddir/build/BUILD/shim-16.1/Cryptlib/OpenSSL/crypto/asn1 -I/builddir/build/BUILD/shim-16.1/Cryptlib/OpenSSL/crypto/evp -I/builddir/build/BUILD/shim-16.1/Cryptlib/OpenSSL/crypto/modes -I/builddir/build/BUILD/shim-16.1/Cryptlib/OpenSSL/crypto/include -isystem /builddir/build/BUILD/shim-16.1/include/system -isystem /opt/rh/gcc-toolset-12/root/usr/lib/gcc/aarch64-redhat-linux/12/include -DL_ENDIAN -D_CRT_SECURE_NO_DEPRECATE -D_CRT_NONSTDC_NO_DEPRECATE -DOPENSSL_SMALL_FOOTPRINT -DPEDANTIC -DMDE_CPU_AARCH64   -c -o crypto/asn1/tasn_fre.o /builddir/build/BUILD/shim-16.1/Cryptlib/OpenSSL/crypto/asn1/tasn_fre.c
DEBUG util.py:463:  gcc -std=gnu11 -ggdb -gdwarf-4 -gstrict-dwarf -ffreestanding -fmacro-prefix-map=/builddir/build/BUILD/shim-16.1/= -fno-stack-protector -fno-strict-aliasing -fpic -fshort-wchar -nostdinc -Os -Wall -Wextra -Wno-missing-field-initializers -Wno-empty-body -Wno-implicit-fallthrough -Wno-old-style-declaration -Wno-unused-but-set-variable -Wno-unused-parameter -Werror -Wno-error=unused-but-set-variable -Wno-error=unused-parameter -I/builddir/build/BUILD/shim-16.1/Cryptlib/OpenSSL -I/builddir/build/BUILD/shim-16.1/Cryptlib -I/builddir/build/BUILD/shim-16.1/Cryptlib/OpenSSL/Include/ -I/builddir/build/BUILD/shim-16.1/Cryptlib/OpenSSL/crypto -I/builddir/build/BUILD/shim-16.1/Cryptlib/Include -I/builddir/build/BUILD/shim-16.1/gnu-efi/inc -I/builddir/build/BUILD/shim-16.1/gnu-efi/inc/aarch64 -I/builddir/build/BUILD/shim-16.1/gnu-efi/inc/protocol -I/builddir/build/BUILD/shim-16.1/Cryptlib/OpenSSL/crypto/asn1 -I/builddir/build/BUILD/shim-16.1/Cryptlib/OpenSSL/crypto/evp -I/builddir/build/BUILD/shim-16.1/Cryptlib/OpenSSL/crypto/modes -I/builddir/build/BUILD/shim-16.1/Cryptlib/OpenSSL/crypto/include -isystem /builddir/build/BUILD/shim-16.1/include/system -isystem /opt/rh/gcc-toolset-12/root/usr/lib/gcc/aarch64-redhat-linux/12/include -DL_ENDIAN -D_CRT_SECURE_NO_DEPRECATE -D_CRT_NONSTDC_NO_DEPRECATE -DOPENSSL_SMALL_FOOTPRINT -DPEDANTIC -DMDE_CPU_AARCH64   -c -o crypto/asn1/tasn_enc.o /builddir/build/BUILD/shim-16.1/Cryptlib/OpenSSL/crypto/asn1/tasn_enc.c
DEBUG util.py:463:  gcc -std=gnu11 -ggdb -gdwarf-4 -gstrict-dwarf -ffreestanding -fmacro-prefix-map=/builddir/build/BUILD/shim-16.1/= -fno-stack-protector -fno-strict-aliasing -fpic -fshort-wchar -nostdinc -Os -Wall -Wextra -Wno-missing-field-initializers -Wno-empty-body -Wno-implicit-fallthrough -Wno-old-style-declaration -Wno-unused-but-set-variable -Wno-unused-parameter -Werror -Wno-error=unused-but-set-variable -Wno-error=unused-parameter -I/builddir/build/BUILD/shim-16.1/Cryptlib/OpenSSL -I/builddir/build/BUILD/shim-16.1/Cryptlib -I/builddir/build/BUILD/shim-16.1/Cryptlib/OpenSSL/Include/ -I/builddir/build/BUILD/shim-16.1/Cryptlib/OpenSSL/crypto -I/builddir/build/BUILD/shim-16.1/Cryptlib/Include -I/builddir/build/BUILD/shim-16.1/gnu-efi/inc -I/builddir/build/BUILD/shim-16.1/gnu-efi/inc/aarch64 -I/builddir/build/BUILD/shim-16.1/gnu-efi/inc/protocol -I/builddir/build/BUILD/shim-16.1/Cryptlib/OpenSSL/crypto/asn1 -I/builddir/build/BUILD/shim-16.1/Cryptlib/OpenSSL/crypto/evp -I/builddir/build/BUILD/shim-16.1/Cryptlib/OpenSSL/crypto/modes -I/builddir/build/BUILD/shim-16.1/Cryptlib/OpenSSL/crypto/include -isystem /builddir/build/BUILD/shim-16.1/include/system -isystem /opt/rh/gcc-toolset-12/root/usr/lib/gcc/aarch64-redhat-linux/12/include -DL_ENDIAN -D_CRT_SECURE_NO_DEPRECATE -D_CRT_NONSTDC_NO_DEPRECATE -DOPENSSL_SMALL_FOOTPRINT -DPEDANTIC -DMDE_CPU_AARCH64   -c -o crypto/asn1/tasn_dec.o /builddir/build/BUILD/shim-16.1/Cryptlib/OpenSSL/crypto/asn1/tasn_dec.c
DEBUG util.py:463:  gcc -std=gnu11 -ggdb -gdwarf-4 -gstrict-dwarf -ffreestanding -fmacro-prefix-map=/builddir/build/BUILD/shim-16.1/= -fno-stack-protector -fno-strict-aliasing -fpic -fshort-wchar -nostdinc -Os -Wall -Wextra -Wno-missing-field-initializers -Wno-empty-body -Wno-implicit-fallthrough -Wno-old-style-declaration -Wno-unused-but-set-variable -Wno-unused-parameter -Werror -Wno-error=unused-but-set-variable -Wno-error=unused-parameter -I/builddir/build/BUILD/shim-16.1/Cryptlib/OpenSSL -I/builddir/build/BUILD/shim-16.1/Cryptlib -I/builddir/build/BUILD/shim-16.1/Cryptlib/OpenSSL/Include/ -I/builddir/build/BUILD/shim-16.1/Cryptlib/OpenSSL/crypto -I/builddir/build/BUILD/shim-16.1/Cryptlib/Include -I/builddir/build/BUILD/shim-16.1/gnu-efi/inc -I/builddir/build/BUILD/shim-16.1/gnu-efi/inc/aarch64 -I/builddir/build/BUILD/shim-16.1/gnu-efi/inc/protocol -I/builddir/build/BUILD/shim-16.1/Cryptlib/OpenSSL/crypto/asn1 -I/builddir/build/BUILD/shim-16.1/Cryptlib/OpenSSL/crypto/evp -I/builddir/build/BUILD/shim-16.1/Cryptlib/OpenSSL/crypto/modes -I/builddir/build/BUILD/shim-16.1/Cryptlib/OpenSSL/crypto/include -isystem /builddir/build/BUILD/shim-16.1/include/system -isystem /opt/rh/gcc-toolset-12/root/usr/lib/gcc/aarch64-redhat-linux/12/include -DL_ENDIAN -D_CRT_SECURE_NO_DEPRECATE -D_CRT_NONSTDC_NO_DEPRECATE -DOPENSSL_SMALL_FOOTPRINT -DPEDANTIC -DMDE_CPU_AARCH64   -c -o crypto/asn1/tasn_utl.o /builddir/build/BUILD/shim-16.1/Cryptlib/OpenSSL/crypto/asn1/tasn_utl.c
DEBUG util.py:463:  gcc -std=gnu11 -ggdb -gdwarf-4 -gstrict-dwarf -ffreestanding -fmacro-prefix-map=/builddir/build/BUILD/shim-16.1/= -fno-stack-protector -fno-strict-aliasing -fpic -fshort-wchar -nostdinc -Os -Wall -Wextra -Wno-missing-field-initializers -Wno-empty-body -Wno-implicit-fallthrough -Wno-old-style-declaration -Wno-unused-but-set-variable -Wno-unused-parameter -Werror -Wno-error=unused-but-set-variable -Wno-error=unused-parameter -I/builddir/build/BUILD/shim-16.1/Cryptlib/OpenSSL -I/builddir/build/BUILD/shim-16.1/Cryptlib -I/builddir/build/BUILD/shim-16.1/Cryptlib/OpenSSL/Include/ -I/builddir/build/BUILD/shim-16.1/Cryptlib/OpenSSL/crypto -I/builddir/build/BUILD/shim-16.1/Cryptlib/Include -I/builddir/build/BUILD/shim-16.1/gnu-efi/inc -I/builddir/build/BUILD/shim-16.1/gnu-efi/inc/aarch64 -I/builddir/build/BUILD/shim-16.1/gnu-efi/inc/protocol -I/builddir/build/BUILD/shim-16.1/Cryptlib/OpenSSL/crypto/asn1 -I/builddir/build/BUILD/shim-16.1/Cryptlib/OpenSSL/crypto/evp -I/builddir/build/BUILD/shim-16.1/Cryptlib/OpenSSL/crypto/modes -I/builddir/build/BUILD/shim-16.1/Cryptlib/OpenSSL/crypto/include -isystem /builddir/build/BUILD/shim-16.1/include/system -isystem /opt/rh/gcc-toolset-12/root/usr/lib/gcc/aarch64-redhat-linux/12/include -DL_ENDIAN -D_CRT_SECURE_NO_DEPRECATE -D_CRT_NONSTDC_NO_DEPRECATE -DOPENSSL_SMALL_FOOTPRINT -DPEDANTIC -DMDE_CPU_AARCH64   -c -o crypto/asn1/tasn_typ.o /builddir/build/BUILD/shim-16.1/Cryptlib/OpenSSL/crypto/asn1/tasn_typ.c
DEBUG util.py:463:  gcc -std=gnu11 -ggdb -gdwarf-4 -gstrict-dwarf -ffreestanding -fmacro-prefix-map=/builddir/build/BUILD/shim-16.1/= -fno-stack-protector -fno-strict-aliasing -fpic -fshort-wchar -nostdinc -Os -Wall -Wextra -Wno-missing-field-initializers -Wno-empty-body -Wno-implicit-fallthrough -Wno-old-style-declaration -Wno-unused-but-set-variable -Wno-unused-parameter -Werror -Wno-error=unused-but-set-variable -Wno-error=unused-parameter -I/builddir/build/BUILD/shim-16.1/Cryptlib/OpenSSL -I/builddir/build/BUILD/shim-16.1/Cryptlib -I/builddir/build/BUILD/shim-16.1/Cryptlib/OpenSSL/Include/ -I/builddir/build/BUILD/shim-16.1/Cryptlib/OpenSSL/crypto -I/builddir/build/BUILD/shim-16.1/Cryptlib/Include -I/builddir/build/BUILD/shim-16.1/gnu-efi/inc -I/builddir/build/BUILD/shim-16.1/gnu-efi/inc/aarch64 -I/builddir/build/BUILD/shim-16.1/gnu-efi/inc/protocol -I/builddir/build/BUILD/shim-16.1/Cryptlib/OpenSSL/crypto/asn1 -I/builddir/build/BUILD/shim-16.1/Cryptlib/OpenSSL/crypto/evp -I/builddir/build/BUILD/shim-16.1/Cryptlib/OpenSSL/crypto/modes -I/builddir/build/BUILD/shim-16.1/Cryptlib/OpenSSL/crypto/include -isystem /builddir/build/BUILD/shim-16.1/include/system -isystem /opt/rh/gcc-toolset-12/root/usr/lib/gcc/aarch64-redhat-linux/12/include -DL_ENDIAN -D_CRT_SECURE_NO_DEPRECATE -D_CRT_NONSTDC_NO_DEPRECATE -DOPENSSL_SMALL_FOOTPRINT -DPEDANTIC -DMDE_CPU_AARCH64   -c -o crypto/asn1/tasn_prn.o /builddir/build/BUILD/shim-16.1/Cryptlib/OpenSSL/crypto/asn1/tasn_prn.c
DEBUG util.py:463:  gcc -std=gnu11 -ggdb -gdwarf-4 -gstrict-dwarf -ffreestanding -fmacro-prefix-map=/builddir/build/BUILD/shim-16.1/= -fno-stack-protector -fno-strict-aliasing -fpic -fshort-wchar -nostdinc -Os -Wall -Wextra -Wno-missing-field-initializers -Wno-empty-body -Wno-implicit-fallthrough -Wno-old-style-declaration -Wno-unused-but-set-variable -Wno-unused-parameter -Werror -Wno-error=unused-but-set-variable -Wno-error=unused-parameter -I/builddir/build/BUILD/shim-16.1/Cryptlib/OpenSSL -I/builddir/build/BUILD/shim-16.1/Cryptlib -I/builddir/build/BUILD/shim-16.1/Cryptlib/OpenSSL/Include/ -I/builddir/build/BUILD/shim-16.1/Cryptlib/OpenSSL/crypto -I/builddir/build/BUILD/shim-16.1/Cryptlib/Include -I/builddir/build/BUILD/shim-16.1/gnu-efi/inc -I/builddir/build/BUILD/shim-16.1/gnu-efi/inc/aarch64 -I/builddir/build/BUILD/shim-16.1/gnu-efi/inc/protocol -I/builddir/build/BUILD/shim-16.1/Cryptlib/OpenSSL/crypto/asn1 -I/builddir/build/BUILD/shim-16.1/Cryptlib/OpenSSL/crypto/evp -I/builddir/build/BUILD/shim-16.1/Cryptlib/OpenSSL/crypto/modes -I/builddir/build/BUILD/shim-16.1/Cryptlib/OpenSSL/crypto/include -isystem /builddir/build/BUILD/shim-16.1/include/system -isystem /opt/rh/gcc-toolset-12/root/usr/lib/gcc/aarch64-redhat-linux/12/include -DL_ENDIAN -D_CRT_SECURE_NO_DEPRECATE -D_CRT_NONSTDC_NO_DEPRECATE -DOPENSSL_SMALL_FOOTPRINT -DPEDANTIC -DMDE_CPU_AARCH64   -c -o crypto/asn1/ameth_lib.o /builddir/build/BUILD/shim-16.1/Cryptlib/OpenSSL/crypto/asn1/ameth_lib.c
DEBUG util.py:463:  gcc -std=gnu11 -ggdb -gdwarf-4 -gstrict-dwarf -ffreestanding -fmacro-prefix-map=/builddir/build/BUILD/shim-16.1/= -fno-stack-protector -fno-strict-aliasing -fpic -fshort-wchar -nostdinc -Os -Wall -Wextra -Wno-missing-field-initializers -Wno-empty-body -Wno-implicit-fallthrough -Wno-old-style-declaration -Wno-unused-but-set-variable -Wno-unused-parameter -Werror -Wno-error=unused-but-set-variable -Wno-error=unused-parameter -I/builddir/build/BUILD/shim-16.1/Cryptlib/OpenSSL -I/builddir/build/BUILD/shim-16.1/Cryptlib -I/builddir/build/BUILD/shim-16.1/Cryptlib/OpenSSL/Include/ -I/builddir/build/BUILD/shim-16.1/Cryptlib/OpenSSL/crypto -I/builddir/build/BUILD/shim-16.1/Cryptlib/Include -I/builddir/build/BUILD/shim-16.1/gnu-efi/inc -I/builddir/build/BUILD/shim-16.1/gnu-efi/inc/aarch64 -I/builddir/build/BUILD/shim-16.1/gnu-efi/inc/protocol -I/builddir/build/BUILD/shim-16.1/Cryptlib/OpenSSL/crypto/asn1 -I/builddir/build/BUILD/shim-16.1/Cryptlib/OpenSSL/crypto/evp -I/builddir/build/BUILD/shim-16.1/Cryptlib/OpenSSL/crypto/modes -I/builddir/build/BUILD/shim-16.1/Cryptlib/OpenSSL/crypto/include -isystem /builddir/build/BUILD/shim-16.1/include/system -isystem /opt/rh/gcc-toolset-12/root/usr/lib/gcc/aarch64-redhat-linux/12/include -DL_ENDIAN -D_CRT_SECURE_NO_DEPRECATE -D_CRT_NONSTDC_NO_DEPRECATE -DOPENSSL_SMALL_FOOTPRINT -DPEDANTIC -DMDE_CPU_AARCH64   -c -o crypto/asn1/f_int.o /builddir/build/BUILD/shim-16.1/Cryptlib/OpenSSL/crypto/asn1/f_int.c
DEBUG util.py:463:  gcc -std=gnu11 -ggdb -gdwarf-4 -gstrict-dwarf -ffreestanding -fmacro-prefix-map=/builddir/build/BUILD/shim-16.1/= -fno-stack-protector -fno-strict-aliasing -fpic -fshort-wchar -nostdinc -Os -Wall -Wextra -Wno-missing-field-initializers -Wno-empty-body -Wno-implicit-fallthrough -Wno-old-style-declaration -Wno-unused-but-set-variable -Wno-unused-parameter -Werror -Wno-error=unused-but-set-variable -Wno-error=unused-parameter -I/builddir/build/BUILD/shim-16.1/Cryptlib/OpenSSL -I/builddir/build/BUILD/shim-16.1/Cryptlib -I/builddir/build/BUILD/shim-16.1/Cryptlib/OpenSSL/Include/ -I/builddir/build/BUILD/shim-16.1/Cryptlib/OpenSSL/crypto -I/builddir/build/BUILD/shim-16.1/Cryptlib/Include -I/builddir/build/BUILD/shim-16.1/gnu-efi/inc -I/builddir/build/BUILD/shim-16.1/gnu-efi/inc/aarch64 -I/builddir/build/BUILD/shim-16.1/gnu-efi/inc/protocol -I/builddir/build/BUILD/shim-16.1/Cryptlib/OpenSSL/crypto/asn1 -I/builddir/build/BUILD/shim-16.1/Cryptlib/OpenSSL/crypto/evp -I/builddir/build/BUILD/shim-16.1/Cryptlib/OpenSSL/crypto/modes -I/builddir/build/BUILD/shim-16.1/Cryptlib/OpenSSL/crypto/include -isystem /builddir/build/BUILD/shim-16.1/include/system -isystem /opt/rh/gcc-toolset-12/root/usr/lib/gcc/aarch64-redhat-linux/12/include -DL_ENDIAN -D_CRT_SECURE_NO_DEPRECATE -D_CRT_NONSTDC_NO_DEPRECATE -DOPENSSL_SMALL_FOOTPRINT -DPEDANTIC -DMDE_CPU_AARCH64   -c -o crypto/asn1/f_string.o /builddir/build/BUILD/shim-16.1/Cryptlib/OpenSSL/crypto/asn1/f_string.c
DEBUG util.py:463:  gcc -std=gnu11 -ggdb -gdwarf-4 -gstrict-dwarf -ffreestanding -fmacro-prefix-map=/builddir/build/BUILD/shim-16.1/= -fno-stack-protector -fno-strict-aliasing -fpic -fshort-wchar -nostdinc -Os -Wall -Wextra -Wno-missing-field-initializers -Wno-empty-body -Wno-implicit-fallthrough -Wno-old-style-declaration -Wno-unused-but-set-variable -Wno-unused-parameter -Werror -Wno-error=unused-but-set-variable -Wno-error=unused-parameter -I/builddir/build/BUILD/shim-16.1/Cryptlib/OpenSSL -I/builddir/build/BUILD/shim-16.1/Cryptlib -I/builddir/build/BUILD/shim-16.1/Cryptlib/OpenSSL/Include/ -I/builddir/build/BUILD/shim-16.1/Cryptlib/OpenSSL/crypto -I/builddir/build/BUILD/shim-16.1/Cryptlib/Include -I/builddir/build/BUILD/shim-16.1/gnu-efi/inc -I/builddir/build/BUILD/shim-16.1/gnu-efi/inc/aarch64 -I/builddir/build/BUILD/shim-16.1/gnu-efi/inc/protocol -I/builddir/build/BUILD/shim-16.1/Cryptlib/OpenSSL/crypto/asn1 -I/builddir/build/BUILD/shim-16.1/Cryptlib/OpenSSL/crypto/evp -I/builddir/build/BUILD/shim-16.1/Cryptlib/OpenSSL/crypto/modes -I/builddir/build/BUILD/shim-16.1/Cryptlib/OpenSSL/crypto/include -isystem /builddir/build/BUILD/shim-16.1/include/system -isystem /opt/rh/gcc-toolset-12/root/usr/lib/gcc/aarch64-redhat-linux/12/include -DL_ENDIAN -D_CRT_SECURE_NO_DEPRECATE -D_CRT_NONSTDC_NO_DEPRECATE -DOPENSSL_SMALL_FOOTPRINT -DPEDANTIC -DMDE_CPU_AARCH64   -c -o crypto/asn1/n_pkey.o /builddir/build/BUILD/shim-16.1/Cryptlib/OpenSSL/crypto/asn1/n_pkey.c
DEBUG util.py:463:  gcc -std=gnu11 -ggdb -gdwarf-4 -gstrict-dwarf -ffreestanding -fmacro-prefix-map=/builddir/build/BUILD/shim-16.1/= -fno-stack-protector -fno-strict-aliasing -fpic -fshort-wchar -nostdinc -Os -Wall -Wextra -Wno-missing-field-initializers -Wno-empty-body -Wno-implicit-fallthrough -Wno-old-style-declaration -Wno-unused-but-set-variable -Wno-unused-parameter -Werror -Wno-error=unused-but-set-variable -Wno-error=unused-parameter -I/builddir/build/BUILD/shim-16.1/Cryptlib/OpenSSL -I/builddir/build/BUILD/shim-16.1/Cryptlib -I/builddir/build/BUILD/shim-16.1/Cryptlib/OpenSSL/Include/ -I/builddir/build/BUILD/shim-16.1/Cryptlib/OpenSSL/crypto -I/builddir/build/BUILD/shim-16.1/Cryptlib/Include -I/builddir/build/BUILD/shim-16.1/gnu-efi/inc -I/builddir/build/BUILD/shim-16.1/gnu-efi/inc/aarch64 -I/builddir/build/BUILD/shim-16.1/gnu-efi/inc/protocol -I/builddir/build/BUILD/shim-16.1/Cryptlib/OpenSSL/crypto/asn1 -I/builddir/build/BUILD/shim-16.1/Cryptlib/OpenSSL/crypto/evp -I/builddir/build/BUILD/shim-16.1/Cryptlib/OpenSSL/crypto/modes -I/builddir/build/BUILD/shim-16.1/Cryptlib/OpenSSL/crypto/include -isystem /builddir/build/BUILD/shim-16.1/include/system -isystem /opt/rh/gcc-toolset-12/root/usr/lib/gcc/aarch64-redhat-linux/12/include -DL_ENDIAN -D_CRT_SECURE_NO_DEPRECATE -D_CRT_NONSTDC_NO_DEPRECATE -DOPENSSL_SMALL_FOOTPRINT -DPEDANTIC -DMDE_CPU_AARCH64   -c -o crypto/asn1/f_enum.o /builddir/build/BUILD/shim-16.1/Cryptlib/OpenSSL/crypto/asn1/f_enum.c
DEBUG util.py:463:  gcc -std=gnu11 -ggdb -gdwarf-4 -gstrict-dwarf -ffreestanding -fmacro-prefix-map=/builddir/build/BUILD/shim-16.1/= -fno-stack-protector -fno-strict-aliasing -fpic -fshort-wchar -nostdinc -Os -Wall -Wextra -Wno-missing-field-initializers -Wno-empty-body -Wno-implicit-fallthrough -Wno-old-style-declaration -Wno-unused-but-set-variable -Wno-unused-parameter -Werror -Wno-error=unused-but-set-variable -Wno-error=unused-parameter -I/builddir/build/BUILD/shim-16.1/Cryptlib/OpenSSL -I/builddir/build/BUILD/shim-16.1/Cryptlib -I/builddir/build/BUILD/shim-16.1/Cryptlib/OpenSSL/Include/ -I/builddir/build/BUILD/shim-16.1/Cryptlib/OpenSSL/crypto -I/builddir/build/BUILD/shim-16.1/Cryptlib/Include -I/builddir/build/BUILD/shim-16.1/gnu-efi/inc -I/builddir/build/BUILD/shim-16.1/gnu-efi/inc/aarch64 -I/builddir/build/BUILD/shim-16.1/gnu-efi/inc/protocol -I/builddir/build/BUILD/shim-16.1/Cryptlib/OpenSSL/crypto/asn1 -I/builddir/build/BUILD/shim-16.1/Cryptlib/OpenSSL/crypto/evp -I/builddir/build/BUILD/shim-16.1/Cryptlib/OpenSSL/crypto/modes -I/builddir/build/BUILD/shim-16.1/Cryptlib/OpenSSL/crypto/include -isystem /builddir/build/BUILD/shim-16.1/include/system -isystem /opt/rh/gcc-toolset-12/root/usr/lib/gcc/aarch64-redhat-linux/12/include -DL_ENDIAN -D_CRT_SECURE_NO_DEPRECATE -D_CRT_NONSTDC_NO_DEPRECATE -DOPENSSL_SMALL_FOOTPRINT -DPEDANTIC -DMDE_CPU_AARCH64   -c -o crypto/asn1/x_pkey.o /builddir/build/BUILD/shim-16.1/Cryptlib/OpenSSL/crypto/asn1/x_pkey.c
DEBUG util.py:463:  gcc -std=gnu11 -ggdb -gdwarf-4 -gstrict-dwarf -ffreestanding -fmacro-prefix-map=/builddir/build/BUILD/shim-16.1/= -fno-stack-protector -fno-strict-aliasing -fpic -fshort-wchar -nostdinc -Os -Wall -Wextra -Wno-missing-field-initializers -Wno-empty-body -Wno-implicit-fallthrough -Wno-old-style-declaration -Wno-unused-but-set-variable -Wno-unused-parameter -Werror -Wno-error=unused-but-set-variable -Wno-error=unused-parameter -I/builddir/build/BUILD/shim-16.1/Cryptlib/OpenSSL -I/builddir/build/BUILD/shim-16.1/Cryptlib -I/builddir/build/BUILD/shim-16.1/Cryptlib/OpenSSL/Include/ -I/builddir/build/BUILD/shim-16.1/Cryptlib/OpenSSL/crypto -I/builddir/build/BUILD/shim-16.1/Cryptlib/Include -I/builddir/build/BUILD/shim-16.1/gnu-efi/inc -I/builddir/build/BUILD/shim-16.1/gnu-efi/inc/aarch64 -I/builddir/build/BUILD/shim-16.1/gnu-efi/inc/protocol -I/builddir/build/BUILD/shim-16.1/Cryptlib/OpenSSL/crypto/asn1 -I/builddir/build/BUILD/shim-16.1/Cryptlib/OpenSSL/crypto/evp -I/builddir/build/BUILD/shim-16.1/Cryptlib/OpenSSL/crypto/modes -I/builddir/build/BUILD/shim-16.1/Cryptlib/OpenSSL/crypto/include -isystem /builddir/build/BUILD/shim-16.1/include/system -isystem /opt/rh/gcc-toolset-12/root/usr/lib/gcc/aarch64-redhat-linux/12/include -DL_ENDIAN -D_CRT_SECURE_NO_DEPRECATE -D_CRT_NONSTDC_NO_DEPRECATE -DOPENSSL_SMALL_FOOTPRINT -DPEDANTIC -DMDE_CPU_AARCH64   -c -o crypto/asn1/a_bool.o /builddir/build/BUILD/shim-16.1/Cryptlib/OpenSSL/crypto/asn1/a_bool.c
DEBUG util.py:463:  gcc -std=gnu11 -ggdb -gdwarf-4 -gstrict-dwarf -ffreestanding -fmacro-prefix-map=/builddir/build/BUILD/shim-16.1/= -fno-stack-protector -fno-strict-aliasing -fpic -fshort-wchar -nostdinc -Os -Wall -Wextra -Wno-missing-field-initializers -Wno-empty-body -Wno-implicit-fallthrough -Wno-old-style-declaration -Wno-unused-but-set-variable -Wno-unused-parameter -Werror -Wno-error=unused-but-set-variable -Wno-error=unused-parameter -I/builddir/build/BUILD/shim-16.1/Cryptlib/OpenSSL -I/builddir/build/BUILD/shim-16.1/Cryptlib -I/builddir/build/BUILD/shim-16.1/Cryptlib/OpenSSL/Include/ -I/builddir/build/BUILD/shim-16.1/Cryptlib/OpenSSL/crypto -I/builddir/build/BUILD/shim-16.1/Cryptlib/Include -I/builddir/build/BUILD/shim-16.1/gnu-efi/inc -I/builddir/build/BUILD/shim-16.1/gnu-efi/inc/aarch64 -I/builddir/build/BUILD/shim-16.1/gnu-efi/inc/protocol -I/builddir/build/BUILD/shim-16.1/Cryptlib/OpenSSL/crypto/asn1 -I/builddir/build/BUILD/shim-16.1/Cryptlib/OpenSSL/crypto/evp -I/builddir/build/BUILD/shim-16.1/Cryptlib/OpenSSL/crypto/modes -I/builddir/build/BUILD/shim-16.1/Cryptlib/OpenSSL/crypto/include -isystem /builddir/build/BUILD/shim-16.1/include/system -isystem /opt/rh/gcc-toolset-12/root/usr/lib/gcc/aarch64-redhat-linux/12/include -DL_ENDIAN -D_CRT_SECURE_NO_DEPRECATE -D_CRT_NONSTDC_NO_DEPRECATE -DOPENSSL_SMALL_FOOTPRINT -DPEDANTIC -DMDE_CPU_AARCH64   -c -o crypto/asn1/x_exten.o /builddir/build/BUILD/shim-16.1/Cryptlib/OpenSSL/crypto/asn1/x_exten.c
DEBUG util.py:463:  gcc -std=gnu11 -ggdb -gdwarf-4 -gstrict-dwarf -ffreestanding -fmacro-prefix-map=/builddir/build/BUILD/shim-16.1/= -fno-stack-protector -fno-strict-aliasing -fpic -fshort-wchar -nostdinc -Os -Wall -Wextra -Wno-missing-field-initializers -Wno-empty-body -Wno-implicit-fallthrough -Wno-old-style-declaration -Wno-unused-but-set-variable -Wno-unused-parameter -Werror -Wno-error=unused-but-set-variable -Wno-error=unused-parameter -I/builddir/build/BUILD/shim-16.1/Cryptlib/OpenSSL -I/builddir/build/BUILD/shim-16.1/Cryptlib -I/builddir/build/BUILD/shim-16.1/Cryptlib/OpenSSL/Include/ -I/builddir/build/BUILD/shim-16.1/Cryptlib/OpenSSL/crypto -I/builddir/build/BUILD/shim-16.1/Cryptlib/Include -I/builddir/build/BUILD/shim-16.1/gnu-efi/inc -I/builddir/build/BUILD/shim-16.1/gnu-efi/inc/aarch64 -I/builddir/build/BUILD/shim-16.1/gnu-efi/inc/protocol -I/builddir/build/BUILD/shim-16.1/Cryptlib/OpenSSL/crypto/asn1 -I/builddir/build/BUILD/shim-16.1/Cryptlib/OpenSSL/crypto/evp -I/builddir/build/BUILD/shim-16.1/Cryptlib/OpenSSL/crypto/modes -I/builddir/build/BUILD/shim-16.1/Cryptlib/OpenSSL/crypto/include -isystem /builddir/build/BUILD/shim-16.1/include/system -isystem /opt/rh/gcc-toolset-12/root/usr/lib/gcc/aarch64-redhat-linux/12/include -DL_ENDIAN -D_CRT_SECURE_NO_DEPRECATE -D_CRT_NONSTDC_NO_DEPRECATE -DOPENSSL_SMALL_FOOTPRINT -DPEDANTIC -DMDE_CPU_AARCH64   -c -o crypto/asn1/bio_asn1.o /builddir/build/BUILD/shim-16.1/Cryptlib/OpenSSL/crypto/asn1/bio_asn1.c
DEBUG util.py:463:  gcc -std=gnu11 -ggdb -gdwarf-4 -gstrict-dwarf -ffreestanding -fmacro-prefix-map=/builddir/build/BUILD/shim-16.1/= -fno-stack-protector -fno-strict-aliasing -fpic -fshort-wchar -nostdinc -Os -Wall -Wextra -Wno-missing-field-initializers -Wno-empty-body -Wno-implicit-fallthrough -Wno-old-style-declaration -Wno-unused-but-set-variable -Wno-unused-parameter -Werror -Wno-error=unused-but-set-variable -Wno-error=unused-parameter -I/builddir/build/BUILD/shim-16.1/Cryptlib/OpenSSL -I/builddir/build/BUILD/shim-16.1/Cryptlib -I/builddir/build/BUILD/shim-16.1/Cryptlib/OpenSSL/Include/ -I/builddir/build/BUILD/shim-16.1/Cryptlib/OpenSSL/crypto -I/builddir/build/BUILD/shim-16.1/Cryptlib/Include -I/builddir/build/BUILD/shim-16.1/gnu-efi/inc -I/builddir/build/BUILD/shim-16.1/gnu-efi/inc/aarch64 -I/builddir/build/BUILD/shim-16.1/gnu-efi/inc/protocol -I/builddir/build/BUILD/shim-16.1/Cryptlib/OpenSSL/crypto/asn1 -I/builddir/build/BUILD/shim-16.1/Cryptlib/OpenSSL/crypto/evp -I/builddir/build/BUILD/shim-16.1/Cryptlib/OpenSSL/crypto/modes -I/builddir/build/BUILD/shim-16.1/Cryptlib/OpenSSL/crypto/include -isystem /builddir/build/BUILD/shim-16.1/include/system -isystem /opt/rh/gcc-toolset-12/root/usr/lib/gcc/aarch64-redhat-linux/12/include -DL_ENDIAN -D_CRT_SECURE_NO_DEPRECATE -D_CRT_NONSTDC_NO_DEPRECATE -DOPENSSL_SMALL_FOOTPRINT -DPEDANTIC -DMDE_CPU_AARCH64   -c -o crypto/asn1/bio_ndef.o /builddir/build/BUILD/shim-16.1/Cryptlib/OpenSSL/crypto/asn1/bio_ndef.c
DEBUG util.py:463:  gcc -std=gnu11 -ggdb -gdwarf-4 -gstrict-dwarf -ffreestanding -fmacro-prefix-map=/builddir/build/BUILD/shim-16.1/= -fno-stack-protector -fno-strict-aliasing -fpic -fshort-wchar -nostdinc -Os -Wall -Wextra -Wno-missing-field-initializers -Wno-empty-body -Wno-implicit-fallthrough -Wno-old-style-declaration -Wno-unused-but-set-variable -Wno-unused-parameter -Werror -Wno-error=unused-but-set-variable -Wno-error=unused-parameter -I/builddir/build/BUILD/shim-16.1/Cryptlib/OpenSSL -I/builddir/build/BUILD/shim-16.1/Cryptlib -I/builddir/build/BUILD/shim-16.1/Cryptlib/OpenSSL/Include/ -I/builddir/build/BUILD/shim-16.1/Cryptlib/OpenSSL/crypto -I/builddir/build/BUILD/shim-16.1/Cryptlib/Include -I/builddir/build/BUILD/shim-16.1/gnu-efi/inc -I/builddir/build/BUILD/shim-16.1/gnu-efi/inc/aarch64 -I/builddir/build/BUILD/shim-16.1/gnu-efi/inc/protocol -I/builddir/build/BUILD/shim-16.1/Cryptlib/OpenSSL/crypto/asn1 -I/builddir/build/BUILD/shim-16.1/Cryptlib/OpenSSL/crypto/evp -I/builddir/build/BUILD/shim-16.1/Cryptlib/OpenSSL/crypto/modes -I/builddir/build/BUILD/shim-16.1/Cryptlib/OpenSSL/crypto/include -isystem /builddir/build/BUILD/shim-16.1/include/system -isystem /opt/rh/gcc-toolset-12/root/usr/lib/gcc/aarch64-redhat-linux/12/include -DL_ENDIAN -D_CRT_SECURE_NO_DEPRECATE -D_CRT_NONSTDC_NO_DEPRECATE -DOPENSSL_SMALL_FOOTPRINT -DPEDANTIC -DMDE_CPU_AARCH64   -c -o crypto/asn1/asn_mime.o /builddir/build/BUILD/shim-16.1/Cryptlib/OpenSSL/crypto/asn1/asn_mime.c
DEBUG util.py:463:  gcc -std=gnu11 -ggdb -gdwarf-4 -gstrict-dwarf -ffreestanding -fmacro-prefix-map=/builddir/build/BUILD/shim-16.1/= -fno-stack-protector -fno-strict-aliasing -fpic -fshort-wchar -nostdinc -Os -Wall -Wextra -Wno-missing-field-initializers -Wno-empty-body -Wno-implicit-fallthrough -Wno-old-style-declaration -Wno-unused-but-set-variable -Wno-unused-parameter -Werror -Wno-error=unused-but-set-variable -Wno-error=unused-parameter -I/builddir/build/BUILD/shim-16.1/Cryptlib/OpenSSL -I/builddir/build/BUILD/shim-16.1/Cryptlib -I/builddir/build/BUILD/shim-16.1/Cryptlib/OpenSSL/Include/ -I/builddir/build/BUILD/shim-16.1/Cryptlib/OpenSSL/crypto -I/builddir/build/BUILD/shim-16.1/Cryptlib/Include -I/builddir/build/BUILD/shim-16.1/gnu-efi/inc -I/builddir/build/BUILD/shim-16.1/gnu-efi/inc/aarch64 -I/builddir/build/BUILD/shim-16.1/gnu-efi/inc/protocol -I/builddir/build/BUILD/shim-16.1/Cryptlib/OpenSSL/crypto/asn1 -I/builddir/build/BUILD/shim-16.1/Cryptlib/OpenSSL/crypto/evp -I/builddir/build/BUILD/shim-16.1/Cryptlib/OpenSSL/crypto/modes -I/builddir/build/BUILD/shim-16.1/Cryptlib/OpenSSL/crypto/include -isystem /builddir/build/BUILD/shim-16.1/include/system -isystem /opt/rh/gcc-toolset-12/root/usr/lib/gcc/aarch64-redhat-linux/12/include -DL_ENDIAN -D_CRT_SECURE_NO_DEPRECATE -D_CRT_NONSTDC_NO_DEPRECATE -DOPENSSL_SMALL_FOOTPRINT -DPEDANTIC -DMDE_CPU_AARCH64   -c -o crypto/asn1/asn1_gen.o /builddir/build/BUILD/shim-16.1/Cryptlib/OpenSSL/crypto/asn1/asn1_gen.c
DEBUG util.py:463:  gcc -std=gnu11 -ggdb -gdwarf-4 -gstrict-dwarf -ffreestanding -fmacro-prefix-map=/builddir/build/BUILD/shim-16.1/= -fno-stack-protector -fno-strict-aliasing -fpic -fshort-wchar -nostdinc -Os -Wall -Wextra -Wno-missing-field-initializers -Wno-empty-body -Wno-implicit-fallthrough -Wno-old-style-declaration -Wno-unused-but-set-variable -Wno-unused-parameter -Werror -Wno-error=unused-but-set-variable -Wno-error=unused-parameter -I/builddir/build/BUILD/shim-16.1/Cryptlib/OpenSSL -I/builddir/build/BUILD/shim-16.1/Cryptlib -I/builddir/build/BUILD/shim-16.1/Cryptlib/OpenSSL/Include/ -I/builddir/build/BUILD/shim-16.1/Cryptlib/OpenSSL/crypto -I/builddir/build/BUILD/shim-16.1/Cryptlib/Include -I/builddir/build/BUILD/shim-16.1/gnu-efi/inc -I/builddir/build/BUILD/shim-16.1/gnu-efi/inc/aarch64 -I/builddir/build/BUILD/shim-16.1/gnu-efi/inc/protocol -I/builddir/build/BUILD/shim-16.1/Cryptlib/OpenSSL/crypto/asn1 -I/builddir/build/BUILD/shim-16.1/Cryptlib/OpenSSL/crypto/evp -I/builddir/build/BUILD/shim-16.1/Cryptlib/OpenSSL/crypto/modes -I/builddir/build/BUILD/shim-16.1/Cryptlib/OpenSSL/crypto/include -isystem /builddir/build/BUILD/shim-16.1/include/system -isystem /opt/rh/gcc-toolset-12/root/usr/lib/gcc/aarch64-redhat-linux/12/include -DL_ENDIAN -D_CRT_SECURE_NO_DEPRECATE -D_CRT_NONSTDC_NO_DEPRECATE -DOPENSSL_SMALL_FOOTPRINT -DPEDANTIC -DMDE_CPU_AARCH64   -c -o crypto/asn1/asn1_par.o /builddir/build/BUILD/shim-16.1/Cryptlib/OpenSSL/crypto/asn1/asn1_par.c
DEBUG util.py:463:  gcc -std=gnu11 -ggdb -gdwarf-4 -gstrict-dwarf -ffreestanding -fmacro-prefix-map=/builddir/build/BUILD/shim-16.1/= -fno-stack-protector -fno-strict-aliasing -fpic -fshort-wchar -nostdinc -Os -Wall -Wextra -Wno-missing-field-initializers -Wno-empty-body -Wno-implicit-fallthrough -Wno-old-style-declaration -Wno-unused-but-set-variable -Wno-unused-parameter -Werror -Wno-error=unused-but-set-variable -Wno-error=unused-parameter -I/builddir/build/BUILD/shim-16.1/Cryptlib/OpenSSL -I/builddir/build/BUILD/shim-16.1/Cryptlib -I/builddir/build/BUILD/shim-16.1/Cryptlib/OpenSSL/Include/ -I/builddir/build/BUILD/shim-16.1/Cryptlib/OpenSSL/crypto -I/builddir/build/BUILD/shim-16.1/Cryptlib/Include -I/builddir/build/BUILD/shim-16.1/gnu-efi/inc -I/builddir/build/BUILD/shim-16.1/gnu-efi/inc/aarch64 -I/builddir/build/BUILD/shim-16.1/gnu-efi/inc/protocol -I/builddir/build/BUILD/shim-16.1/Cryptlib/OpenSSL/crypto/asn1 -I/builddir/build/BUILD/shim-16.1/Cryptlib/OpenSSL/crypto/evp -I/builddir/build/BUILD/shim-16.1/Cryptlib/OpenSSL/crypto/modes -I/builddir/build/BUILD/shim-16.1/Cryptlib/OpenSSL/crypto/include -isystem /builddir/build/BUILD/shim-16.1/include/system -isystem /opt/rh/gcc-toolset-12/root/usr/lib/gcc/aarch64-redhat-linux/12/include -DL_ENDIAN -D_CRT_SECURE_NO_DEPRECATE -D_CRT_NONSTDC_NO_DEPRECATE -DOPENSSL_SMALL_FOOTPRINT -DPEDANTIC -DMDE_CPU_AARCH64   -c -o crypto/asn1/asn1_lib.o /builddir/build/BUILD/shim-16.1/Cryptlib/OpenSSL/crypto/asn1/asn1_lib.c
DEBUG util.py:463:  gcc -std=gnu11 -ggdb -gdwarf-4 -gstrict-dwarf -ffreestanding -fmacro-prefix-map=/builddir/build/BUILD/shim-16.1/= -fno-stack-protector -fno-strict-aliasing -fpic -fshort-wchar -nostdinc -Os -Wall -Wextra -Wno-missing-field-initializers -Wno-empty-body -Wno-implicit-fallthrough -Wno-old-style-declaration -Wno-unused-but-set-variable -Wno-unused-parameter -Werror -Wno-error=unused-but-set-variable -Wno-error=unused-parameter -I/builddir/build/BUILD/shim-16.1/Cryptlib/OpenSSL -I/builddir/build/BUILD/shim-16.1/Cryptlib -I/builddir/build/BUILD/shim-16.1/Cryptlib/OpenSSL/Include/ -I/builddir/build/BUILD/shim-16.1/Cryptlib/OpenSSL/crypto -I/builddir/build/BUILD/shim-16.1/Cryptlib/Include -I/builddir/build/BUILD/shim-16.1/gnu-efi/inc -I/builddir/build/BUILD/shim-16.1/gnu-efi/inc/aarch64 -I/builddir/build/BUILD/shim-16.1/gnu-efi/inc/protocol -I/builddir/build/BUILD/shim-16.1/Cryptlib/OpenSSL/crypto/asn1 -I/builddir/build/BUILD/shim-16.1/Cryptlib/OpenSSL/crypto/evp -I/builddir/build/BUILD/shim-16.1/Cryptlib/OpenSSL/crypto/modes -I/builddir/build/BUILD/shim-16.1/Cryptlib/OpenSSL/crypto/include -isystem /builddir/build/BUILD/shim-16.1/include/system -isystem /opt/rh/gcc-toolset-12/root/usr/lib/gcc/aarch64-redhat-linux/12/include -DL_ENDIAN -D_CRT_SECURE_NO_DEPRECATE -D_CRT_NONSTDC_NO_DEPRECATE -DOPENSSL_SMALL_FOOTPRINT -DPEDANTIC -DMDE_CPU_AARCH64   -c -o crypto/asn1/asn1_err.o /builddir/build/BUILD/shim-16.1/Cryptlib/OpenSSL/crypto/asn1/asn1_err.c
DEBUG util.py:463:  gcc -std=gnu11 -ggdb -gdwarf-4 -gstrict-dwarf -ffreestanding -fmacro-prefix-map=/builddir/build/BUILD/shim-16.1/= -fno-stack-protector -fno-strict-aliasing -fpic -fshort-wchar -nostdinc -Os -Wall -Wextra -Wno-missing-field-initializers -Wno-empty-body -Wno-implicit-fallthrough -Wno-old-style-declaration -Wno-unused-but-set-variable -Wno-unused-parameter -Werror -Wno-error=unused-but-set-variable -Wno-error=unused-parameter -I/builddir/build/BUILD/shim-16.1/Cryptlib/OpenSSL -I/builddir/build/BUILD/shim-16.1/Cryptlib -I/builddir/build/BUILD/shim-16.1/Cryptlib/OpenSSL/Include/ -I/builddir/build/BUILD/shim-16.1/Cryptlib/OpenSSL/crypto -I/builddir/build/BUILD/shim-16.1/Cryptlib/Include -I/builddir/build/BUILD/shim-16.1/gnu-efi/inc -I/builddir/build/BUILD/shim-16.1/gnu-efi/inc/aarch64 -I/builddir/build/BUILD/shim-16.1/gnu-efi/inc/protocol -I/builddir/build/BUILD/shim-16.1/Cryptlib/OpenSSL/crypto/asn1 -I/builddir/build/BUILD/shim-16.1/Cryptlib/OpenSSL/crypto/evp -I/builddir/build/BUILD/shim-16.1/Cryptlib/OpenSSL/crypto/modes -I/builddir/build/BUILD/shim-16.1/Cryptlib/OpenSSL/crypto/include -isystem /builddir/build/BUILD/shim-16.1/include/system -isystem /opt/rh/gcc-toolset-12/root/usr/lib/gcc/aarch64-redhat-linux/12/include -DL_ENDIAN -D_CRT_SECURE_NO_DEPRECATE -D_CRT_NONSTDC_NO_DEPRECATE -DOPENSSL_SMALL_FOOTPRINT -DPEDANTIC -DMDE_CPU_AARCH64   -c -o crypto/asn1/a_bytes.o /builddir/build/BUILD/shim-16.1/Cryptlib/OpenSSL/crypto/asn1/a_bytes.c
DEBUG util.py:463:  gcc -std=gnu11 -ggdb -gdwarf-4 -gstrict-dwarf -ffreestanding -fmacro-prefix-map=/builddir/build/BUILD/shim-16.1/= -fno-stack-protector -fno-strict-aliasing -fpic -fshort-wchar -nostdinc -Os -Wall -Wextra -Wno-missing-field-initializers -Wno-empty-body -Wno-implicit-fallthrough -Wno-old-style-declaration -Wno-unused-but-set-variable -Wno-unused-parameter -Werror -Wno-error=unused-but-set-variable -Wno-error=unused-parameter -I/builddir/build/BUILD/shim-16.1/Cryptlib/OpenSSL -I/builddir/build/BUILD/shim-16.1/Cryptlib -I/builddir/build/BUILD/shim-16.1/Cryptlib/OpenSSL/Include/ -I/builddir/build/BUILD/shim-16.1/Cryptlib/OpenSSL/crypto -I/builddir/build/BUILD/shim-16.1/Cryptlib/Include -I/builddir/build/BUILD/shim-16.1/gnu-efi/inc -I/builddir/build/BUILD/shim-16.1/gnu-efi/inc/aarch64 -I/builddir/build/BUILD/shim-16.1/gnu-efi/inc/protocol -I/builddir/build/BUILD/shim-16.1/Cryptlib/OpenSSL/crypto/asn1 -I/builddir/build/BUILD/shim-16.1/Cryptlib/OpenSSL/crypto/evp -I/builddir/build/BUILD/shim-16.1/Cryptlib/OpenSSL/crypto/modes -I/builddir/build/BUILD/shim-16.1/Cryptlib/OpenSSL/crypto/include -isystem /builddir/build/BUILD/shim-16.1/include/system -isystem /opt/rh/gcc-toolset-12/root/usr/lib/gcc/aarch64-redhat-linux/12/include -DL_ENDIAN -D_CRT_SECURE_NO_DEPRECATE -D_CRT_NONSTDC_NO_DEPRECATE -DOPENSSL_SMALL_FOOTPRINT -DPEDANTIC -DMDE_CPU_AARCH64   -c -o crypto/asn1/a_strnid.o /builddir/build/BUILD/shim-16.1/Cryptlib/OpenSSL/crypto/asn1/a_strnid.c
DEBUG util.py:463:  gcc -std=gnu11 -ggdb -gdwarf-4 -gstrict-dwarf -ffreestanding -fmacro-prefix-map=/builddir/build/BUILD/shim-16.1/= -fno-stack-protector -fno-strict-aliasing -fpic -fshort-wchar -nostdinc -Os -Wall -Wextra -Wno-missing-field-initializers -Wno-empty-body -Wno-implicit-fallthrough -Wno-old-style-declaration -Wno-unused-but-set-variable -Wno-unused-parameter -Werror -Wno-error=unused-but-set-variable -Wno-error=unused-parameter -I/builddir/build/BUILD/shim-16.1/Cryptlib/OpenSSL -I/builddir/build/BUILD/shim-16.1/Cryptlib -I/builddir/build/BUILD/shim-16.1/Cryptlib/OpenSSL/Include/ -I/builddir/build/BUILD/shim-16.1/Cryptlib/OpenSSL/crypto -I/builddir/build/BUILD/shim-16.1/Cryptlib/Include -I/builddir/build/BUILD/shim-16.1/gnu-efi/inc -I/builddir/build/BUILD/shim-16.1/gnu-efi/inc/aarch64 -I/builddir/build/BUILD/shim-16.1/gnu-efi/inc/protocol -I/builddir/build/BUILD/shim-16.1/Cryptlib/OpenSSL/crypto/asn1 -I/builddir/build/BUILD/shim-16.1/Cryptlib/OpenSSL/crypto/evp -I/builddir/build/BUILD/shim-16.1/Cryptlib/OpenSSL/crypto/modes -I/builddir/build/BUILD/shim-16.1/Cryptlib/OpenSSL/crypto/include -isystem /builddir/build/BUILD/shim-16.1/include/system -isystem /opt/rh/gcc-toolset-12/root/usr/lib/gcc/aarch64-redhat-linux/12/include -DL_ENDIAN -D_CRT_SECURE_NO_DEPRECATE -D_CRT_NONSTDC_NO_DEPRECATE -DOPENSSL_SMALL_FOOTPRINT -DPEDANTIC -DMDE_CPU_AARCH64   -c -o crypto/asn1/evp_asn1.o /builddir/build/BUILD/shim-16.1/Cryptlib/OpenSSL/crypto/asn1/evp_asn1.c
DEBUG util.py:463:  gcc -std=gnu11 -ggdb -gdwarf-4 -gstrict-dwarf -ffreestanding -fmacro-prefix-map=/builddir/build/BUILD/shim-16.1/= -fno-stack-protector -fno-strict-aliasing -fpic -fshort-wchar -nostdinc -Os -Wall -Wextra -Wno-missing-field-initializers -Wno-empty-body -Wno-implicit-fallthrough -Wno-old-style-declaration -Wno-unused-but-set-variable -Wno-unused-parameter -Werror -Wno-error=unused-but-set-variable -Wno-error=unused-parameter -I/builddir/build/BUILD/shim-16.1/Cryptlib/OpenSSL -I/builddir/build/BUILD/shim-16.1/Cryptlib -I/builddir/build/BUILD/shim-16.1/Cryptlib/OpenSSL/Include/ -I/builddir/build/BUILD/shim-16.1/Cryptlib/OpenSSL/crypto -I/builddir/build/BUILD/shim-16.1/Cryptlib/Include -I/builddir/build/BUILD/shim-16.1/gnu-efi/inc -I/builddir/build/BUILD/shim-16.1/gnu-efi/inc/aarch64 -I/builddir/build/BUILD/shim-16.1/gnu-efi/inc/protocol -I/builddir/build/BUILD/shim-16.1/Cryptlib/OpenSSL/crypto/asn1 -I/builddir/build/BUILD/shim-16.1/Cryptlib/OpenSSL/crypto/evp -I/builddir/build/BUILD/shim-16.1/Cryptlib/OpenSSL/crypto/modes -I/builddir/build/BUILD/shim-16.1/Cryptlib/OpenSSL/crypto/include -isystem /builddir/build/BUILD/shim-16.1/include/system -isystem /opt/rh/gcc-toolset-12/root/usr/lib/gcc/aarch64-redhat-linux/12/include -DL_ENDIAN -D_CRT_SECURE_NO_DEPRECATE -D_CRT_NONSTDC_NO_DEPRECATE -DOPENSSL_SMALL_FOOTPRINT -DPEDANTIC -DMDE_CPU_AARCH64   -c -o crypto/asn1/asn_pack.o /builddir/build/BUILD/shim-16.1/Cryptlib/OpenSSL/crypto/asn1/asn_pack.c
DEBUG util.py:463:  gcc -std=gnu11 -ggdb -gdwarf-4 -gstrict-dwarf -ffreestanding -fmacro-prefix-map=/builddir/build/BUILD/shim-16.1/= -fno-stack-protector -fno-strict-aliasing -fpic -fshort-wchar -nostdinc -Os -Wall -Wextra -Wno-missing-field-initializers -Wno-empty-body -Wno-implicit-fallthrough -Wno-old-style-declaration -Wno-unused-but-set-variable -Wno-unused-parameter -Werror -Wno-error=unused-but-set-variable -Wno-error=unused-parameter -I/builddir/build/BUILD/shim-16.1/Cryptlib/OpenSSL -I/builddir/build/BUILD/shim-16.1/Cryptlib -I/builddir/build/BUILD/shim-16.1/Cryptlib/OpenSSL/Include/ -I/builddir/build/BUILD/shim-16.1/Cryptlib/OpenSSL/crypto -I/builddir/build/BUILD/shim-16.1/Cryptlib/Include -I/builddir/build/BUILD/shim-16.1/gnu-efi/inc -I/builddir/build/BUILD/shim-16.1/gnu-efi/inc/aarch64 -I/builddir/build/BUILD/shim-16.1/gnu-efi/inc/protocol -I/builddir/build/BUILD/shim-16.1/Cryptlib/OpenSSL/crypto/asn1 -I/builddir/build/BUILD/shim-16.1/Cryptlib/OpenSSL/crypto/evp -I/builddir/build/BUILD/shim-16.1/Cryptlib/OpenSSL/crypto/modes -I/builddir/build/BUILD/shim-16.1/Cryptlib/OpenSSL/crypto/include -isystem /builddir/build/BUILD/shim-16.1/include/system -isystem /opt/rh/gcc-toolset-12/root/usr/lib/gcc/aarch64-redhat-linux/12/include -DL_ENDIAN -D_CRT_SECURE_NO_DEPRECATE -D_CRT_NONSTDC_NO_DEPRECATE -DOPENSSL_SMALL_FOOTPRINT -DPEDANTIC -DMDE_CPU_AARCH64   -c -o crypto/asn1/p5_pbe.o /builddir/build/BUILD/shim-16.1/Cryptlib/OpenSSL/crypto/asn1/p5_pbe.c
DEBUG util.py:463:  gcc -std=gnu11 -ggdb -gdwarf-4 -gstrict-dwarf -ffreestanding -fmacro-prefix-map=/builddir/build/BUILD/shim-16.1/= -fno-stack-protector -fno-strict-aliasing -fpic -fshort-wchar -nostdinc -Os -Wall -Wextra -Wno-missing-field-initializers -Wno-empty-body -Wno-implicit-fallthrough -Wno-old-style-declaration -Wno-unused-but-set-variable -Wno-unused-parameter -Werror -Wno-error=unused-but-set-variable -Wno-error=unused-parameter -I/builddir/build/BUILD/shim-16.1/Cryptlib/OpenSSL -I/builddir/build/BUILD/shim-16.1/Cryptlib -I/builddir/build/BUILD/shim-16.1/Cryptlib/OpenSSL/Include/ -I/builddir/build/BUILD/shim-16.1/Cryptlib/OpenSSL/crypto -I/builddir/build/BUILD/shim-16.1/Cryptlib/Include -I/builddir/build/BUILD/shim-16.1/gnu-efi/inc -I/builddir/build/BUILD/shim-16.1/gnu-efi/inc/aarch64 -I/builddir/build/BUILD/shim-16.1/gnu-efi/inc/protocol -I/builddir/build/BUILD/shim-16.1/Cryptlib/OpenSSL/crypto/asn1 -I/builddir/build/BUILD/shim-16.1/Cryptlib/OpenSSL/crypto/evp -I/builddir/build/BUILD/shim-16.1/Cryptlib/OpenSSL/crypto/modes -I/builddir/build/BUILD/shim-16.1/Cryptlib/OpenSSL/crypto/include -isystem /builddir/build/BUILD/shim-16.1/include/system -isystem /opt/rh/gcc-toolset-12/root/usr/lib/gcc/aarch64-redhat-linux/12/include -DL_ENDIAN -D_CRT_SECURE_NO_DEPRECATE -D_CRT_NONSTDC_NO_DEPRECATE -DOPENSSL_SMALL_FOOTPRINT -DPEDANTIC -DMDE_CPU_AARCH64   -c -o crypto/asn1/p5_pbev2.o /builddir/build/BUILD/shim-16.1/Cryptlib/OpenSSL/crypto/asn1/p5_pbev2.c
DEBUG util.py:463:  gcc -std=gnu11 -ggdb -gdwarf-4 -gstrict-dwarf -ffreestanding -fmacro-prefix-map=/builddir/build/BUILD/shim-16.1/= -fno-stack-protector -fno-strict-aliasing -fpic -fshort-wchar -nostdinc -Os -Wall -Wextra -Wno-missing-field-initializers -Wno-empty-body -Wno-implicit-fallthrough -Wno-old-style-declaration -Wno-unused-but-set-variable -Wno-unused-parameter -Werror -Wno-error=unused-but-set-variable -Wno-error=unused-parameter -I/builddir/build/BUILD/shim-16.1/Cryptlib/OpenSSL -I/builddir/build/BUILD/shim-16.1/Cryptlib -I/builddir/build/BUILD/shim-16.1/Cryptlib/OpenSSL/Include/ -I/builddir/build/BUILD/shim-16.1/Cryptlib/OpenSSL/crypto -I/builddir/build/BUILD/shim-16.1/Cryptlib/Include -I/builddir/build/BUILD/shim-16.1/gnu-efi/inc -I/builddir/build/BUILD/shim-16.1/gnu-efi/inc/aarch64 -I/builddir/build/BUILD/shim-16.1/gnu-efi/inc/protocol -I/builddir/build/BUILD/shim-16.1/Cryptlib/OpenSSL/crypto/asn1 -I/builddir/build/BUILD/shim-16.1/Cryptlib/OpenSSL/crypto/evp -I/builddir/build/BUILD/shim-16.1/Cryptlib/OpenSSL/crypto/modes -I/builddir/build/BUILD/shim-16.1/Cryptlib/OpenSSL/crypto/include -isystem /builddir/build/BUILD/shim-16.1/include/system -isystem /opt/rh/gcc-toolset-12/root/usr/lib/gcc/aarch64-redhat-linux/12/include -DL_ENDIAN -D_CRT_SECURE_NO_DEPRECATE -D_CRT_NONSTDC_NO_DEPRECATE -DOPENSSL_SMALL_FOOTPRINT -DPEDANTIC -DMDE_CPU_AARCH64   -c -o crypto/asn1/p8_pkey.o /builddir/build/BUILD/shim-16.1/Cryptlib/OpenSSL/crypto/asn1/p8_pkey.c
DEBUG util.py:463:  gcc -std=gnu11 -ggdb -gdwarf-4 -gstrict-dwarf -ffreestanding -fmacro-prefix-map=/builddir/build/BUILD/shim-16.1/= -fno-stack-protector -fno-strict-aliasing -fpic -fshort-wchar -nostdinc -Os -Wall -Wextra -Wno-missing-field-initializers -Wno-empty-body -Wno-implicit-fallthrough -Wno-old-style-declaration -Wno-unused-but-set-variable -Wno-unused-parameter -Werror -Wno-error=unused-but-set-variable -Wno-error=unused-parameter -I/builddir/build/BUILD/shim-16.1/Cryptlib/OpenSSL -I/builddir/build/BUILD/shim-16.1/Cryptlib -I/builddir/build/BUILD/shim-16.1/Cryptlib/OpenSSL/Include/ -I/builddir/build/BUILD/shim-16.1/Cryptlib/OpenSSL/crypto -I/builddir/build/BUILD/shim-16.1/Cryptlib/Include -I/builddir/build/BUILD/shim-16.1/gnu-efi/inc -I/builddir/build/BUILD/shim-16.1/gnu-efi/inc/aarch64 -I/builddir/build/BUILD/shim-16.1/gnu-efi/inc/protocol -I/builddir/build/BUILD/shim-16.1/Cryptlib/OpenSSL/crypto/asn1 -I/builddir/build/BUILD/shim-16.1/Cryptlib/OpenSSL/crypto/evp -I/builddir/build/BUILD/shim-16.1/Cryptlib/OpenSSL/crypto/modes -I/builddir/build/BUILD/shim-16.1/Cryptlib/OpenSSL/crypto/include -isystem /builddir/build/BUILD/shim-16.1/include/system -isystem /opt/rh/gcc-toolset-12/root/usr/lib/gcc/aarch64-redhat-linux/12/include -DL_ENDIAN -D_CRT_SECURE_NO_DEPRECATE -D_CRT_NONSTDC_NO_DEPRECATE -DOPENSSL_SMALL_FOOTPRINT -DPEDANTIC -DMDE_CPU_AARCH64   -c -o crypto/asn1/asn_moid.o /builddir/build/BUILD/shim-16.1/Cryptlib/OpenSSL/crypto/asn1/asn_moid.c
DEBUG util.py:463:  gcc -std=gnu11 -ggdb -gdwarf-4 -gstrict-dwarf -ffreestanding -fmacro-prefix-map=/builddir/build/BUILD/shim-16.1/= -fno-stack-protector -fno-strict-aliasing -fpic -fshort-wchar -nostdinc -Os -Wall -Wextra -Wno-missing-field-initializers -Wno-empty-body -Wno-implicit-fallthrough -Wno-old-style-declaration -Wno-unused-but-set-variable -Wno-unused-parameter -Werror -Wno-error=unused-but-set-variable -Wno-error=unused-parameter -I/builddir/build/BUILD/shim-16.1/Cryptlib/OpenSSL -I/builddir/build/BUILD/shim-16.1/Cryptlib -I/builddir/build/BUILD/shim-16.1/Cryptlib/OpenSSL/Include/ -I/builddir/build/BUILD/shim-16.1/Cryptlib/OpenSSL/crypto -I/builddir/build/BUILD/shim-16.1/Cryptlib/Include -I/builddir/build/BUILD/shim-16.1/gnu-efi/inc -I/builddir/build/BUILD/shim-16.1/gnu-efi/inc/aarch64 -I/builddir/build/BUILD/shim-16.1/gnu-efi/inc/protocol -I/builddir/build/BUILD/shim-16.1/Cryptlib/OpenSSL/crypto/asn1 -I/builddir/build/BUILD/shim-16.1/Cryptlib/OpenSSL/crypto/evp -I/builddir/build/BUILD/shim-16.1/Cryptlib/OpenSSL/crypto/modes -I/builddir/build/BUILD/shim-16.1/Cryptlib/OpenSSL/crypto/include -isystem /builddir/build/BUILD/shim-16.1/include/system -isystem /opt/rh/gcc-toolset-12/root/usr/lib/gcc/aarch64-redhat-linux/12/include -DL_ENDIAN -D_CRT_SECURE_NO_DEPRECATE -D_CRT_NONSTDC_NO_DEPRECATE -DOPENSSL_SMALL_FOOTPRINT -DPEDANTIC -DMDE_CPU_AARCH64   -c -o crypto/pem/pem_sign.o /builddir/build/BUILD/shim-16.1/Cryptlib/OpenSSL/crypto/pem/pem_sign.c
DEBUG util.py:463:  gcc -std=gnu11 -ggdb -gdwarf-4 -gstrict-dwarf -ffreestanding -fmacro-prefix-map=/builddir/build/BUILD/shim-16.1/= -fno-stack-protector -fno-strict-aliasing -fpic -fshort-wchar -nostdinc -Os -Wall -Wextra -Wno-missing-field-initializers -Wno-empty-body -Wno-implicit-fallthrough -Wno-old-style-declaration -Wno-unused-but-set-variable -Wno-unused-parameter -Werror -Wno-error=unused-but-set-variable -Wno-error=unused-parameter -I/builddir/build/BUILD/shim-16.1/Cryptlib/OpenSSL -I/builddir/build/BUILD/shim-16.1/Cryptlib -I/builddir/build/BUILD/shim-16.1/Cryptlib/OpenSSL/Include/ -I/builddir/build/BUILD/shim-16.1/Cryptlib/OpenSSL/crypto -I/builddir/build/BUILD/shim-16.1/Cryptlib/Include -I/builddir/build/BUILD/shim-16.1/gnu-efi/inc -I/builddir/build/BUILD/shim-16.1/gnu-efi/inc/aarch64 -I/builddir/build/BUILD/shim-16.1/gnu-efi/inc/protocol -I/builddir/build/BUILD/shim-16.1/Cryptlib/OpenSSL/crypto/asn1 -I/builddir/build/BUILD/shim-16.1/Cryptlib/OpenSSL/crypto/evp -I/builddir/build/BUILD/shim-16.1/Cryptlib/OpenSSL/crypto/modes -I/builddir/build/BUILD/shim-16.1/Cryptlib/OpenSSL/crypto/include -isystem /builddir/build/BUILD/shim-16.1/include/system -isystem /opt/rh/gcc-toolset-12/root/usr/lib/gcc/aarch64-redhat-linux/12/include -DL_ENDIAN -D_CRT_SECURE_NO_DEPRECATE -D_CRT_NONSTDC_NO_DEPRECATE -DOPENSSL_SMALL_FOOTPRINT -DPEDANTIC -DMDE_CPU_AARCH64   -c -o crypto/pem/pem_seal.o /builddir/build/BUILD/shim-16.1/Cryptlib/OpenSSL/crypto/pem/pem_seal.c
DEBUG util.py:463:  gcc -std=gnu11 -ggdb -gdwarf-4 -gstrict-dwarf -ffreestanding -fmacro-prefix-map=/builddir/build/BUILD/shim-16.1/= -fno-stack-protector -fno-strict-aliasing -fpic -fshort-wchar -nostdinc -Os -Wall -Wextra -Wno-missing-field-initializers -Wno-empty-body -Wno-implicit-fallthrough -Wno-old-style-declaration -Wno-unused-but-set-variable -Wno-unused-parameter -Werror -Wno-error=unused-but-set-variable -Wno-error=unused-parameter -I/builddir/build/BUILD/shim-16.1/Cryptlib/OpenSSL -I/builddir/build/BUILD/shim-16.1/Cryptlib -I/builddir/build/BUILD/shim-16.1/Cryptlib/OpenSSL/Include/ -I/builddir/build/BUILD/shim-16.1/Cryptlib/OpenSSL/crypto -I/builddir/build/BUILD/shim-16.1/Cryptlib/Include -I/builddir/build/BUILD/shim-16.1/gnu-efi/inc -I/builddir/build/BUILD/shim-16.1/gnu-efi/inc/aarch64 -I/builddir/build/BUILD/shim-16.1/gnu-efi/inc/protocol -I/builddir/build/BUILD/shim-16.1/Cryptlib/OpenSSL/crypto/asn1 -I/builddir/build/BUILD/shim-16.1/Cryptlib/OpenSSL/crypto/evp -I/builddir/build/BUILD/shim-16.1/Cryptlib/OpenSSL/crypto/modes -I/builddir/build/BUILD/shim-16.1/Cryptlib/OpenSSL/crypto/include -isystem /builddir/build/BUILD/shim-16.1/include/system -isystem /opt/rh/gcc-toolset-12/root/usr/lib/gcc/aarch64-redhat-linux/12/include -DL_ENDIAN -D_CRT_SECURE_NO_DEPRECATE -D_CRT_NONSTDC_NO_DEPRECATE -DOPENSSL_SMALL_FOOTPRINT -DPEDANTIC -DMDE_CPU_AARCH64   -c -o crypto/pem/pem_info.o /builddir/build/BUILD/shim-16.1/Cryptlib/OpenSSL/crypto/pem/pem_info.c
DEBUG util.py:463:  gcc -std=gnu11 -ggdb -gdwarf-4 -gstrict-dwarf -ffreestanding -fmacro-prefix-map=/builddir/build/BUILD/shim-16.1/= -fno-stack-protector -fno-strict-aliasing -fpic -fshort-wchar -nostdinc -Os -Wall -Wextra -Wno-missing-field-initializers -Wno-empty-body -Wno-implicit-fallthrough -Wno-old-style-declaration -Wno-unused-but-set-variable -Wno-unused-parameter -Werror -Wno-error=unused-but-set-variable -Wno-error=unused-parameter -I/builddir/build/BUILD/shim-16.1/Cryptlib/OpenSSL -I/builddir/build/BUILD/shim-16.1/Cryptlib -I/builddir/build/BUILD/shim-16.1/Cryptlib/OpenSSL/Include/ -I/builddir/build/BUILD/shim-16.1/Cryptlib/OpenSSL/crypto -I/builddir/build/BUILD/shim-16.1/Cryptlib/Include -I/builddir/build/BUILD/shim-16.1/gnu-efi/inc -I/builddir/build/BUILD/shim-16.1/gnu-efi/inc/aarch64 -I/builddir/build/BUILD/shim-16.1/gnu-efi/inc/protocol -I/builddir/build/BUILD/shim-16.1/Cryptlib/OpenSSL/crypto/asn1 -I/builddir/build/BUILD/shim-16.1/Cryptlib/OpenSSL/crypto/evp -I/builddir/build/BUILD/shim-16.1/Cryptlib/OpenSSL/crypto/modes -I/builddir/build/BUILD/shim-16.1/Cryptlib/OpenSSL/crypto/include -isystem /builddir/build/BUILD/shim-16.1/include/system -isystem /opt/rh/gcc-toolset-12/root/usr/lib/gcc/aarch64-redhat-linux/12/include -DL_ENDIAN -D_CRT_SECURE_NO_DEPRECATE -D_CRT_NONSTDC_NO_DEPRECATE -DOPENSSL_SMALL_FOOTPRINT -DPEDANTIC -DMDE_CPU_AARCH64   -c -o crypto/pem/pem_lib.o /builddir/build/BUILD/shim-16.1/Cryptlib/OpenSSL/crypto/pem/pem_lib.c
DEBUG util.py:463:  gcc -std=gnu11 -ggdb -gdwarf-4 -gstrict-dwarf -ffreestanding -fmacro-prefix-map=/builddir/build/BUILD/shim-16.1/= -fno-stack-protector -fno-strict-aliasing -fpic -fshort-wchar -nostdinc -Os -Wall -Wextra -Wno-missing-field-initializers -Wno-empty-body -Wno-implicit-fallthrough -Wno-old-style-declaration -Wno-unused-but-set-variable -Wno-unused-parameter -Werror -Wno-error=unused-but-set-variable -Wno-error=unused-parameter -I/builddir/build/BUILD/shim-16.1/Cryptlib/OpenSSL -I/builddir/build/BUILD/shim-16.1/Cryptlib -I/builddir/build/BUILD/shim-16.1/Cryptlib/OpenSSL/Include/ -I/builddir/build/BUILD/shim-16.1/Cryptlib/OpenSSL/crypto -I/builddir/build/BUILD/shim-16.1/Cryptlib/Include -I/builddir/build/BUILD/shim-16.1/gnu-efi/inc -I/builddir/build/BUILD/shim-16.1/gnu-efi/inc/aarch64 -I/builddir/build/BUILD/shim-16.1/gnu-efi/inc/protocol -I/builddir/build/BUILD/shim-16.1/Cryptlib/OpenSSL/crypto/asn1 -I/builddir/build/BUILD/shim-16.1/Cryptlib/OpenSSL/crypto/evp -I/builddir/build/BUILD/shim-16.1/Cryptlib/OpenSSL/crypto/modes -I/builddir/build/BUILD/shim-16.1/Cryptlib/OpenSSL/crypto/include -isystem /builddir/build/BUILD/shim-16.1/include/system -isystem /opt/rh/gcc-toolset-12/root/usr/lib/gcc/aarch64-redhat-linux/12/include -DL_ENDIAN -D_CRT_SECURE_NO_DEPRECATE -D_CRT_NONSTDC_NO_DEPRECATE -DOPENSSL_SMALL_FOOTPRINT -DPEDANTIC -DMDE_CPU_AARCH64   -c -o crypto/pem/pem_all.o /builddir/build/BUILD/shim-16.1/Cryptlib/OpenSSL/crypto/pem/pem_all.c
DEBUG util.py:463:  gcc -std=gnu11 -ggdb -gdwarf-4 -gstrict-dwarf -ffreestanding -fmacro-prefix-map=/builddir/build/BUILD/shim-16.1/= -fno-stack-protector -fno-strict-aliasing -fpic -fshort-wchar -nostdinc -Os -Wall -Wextra -Wno-missing-field-initializers -Wno-empty-body -Wno-implicit-fallthrough -Wno-old-style-declaration -Wno-unused-but-set-variable -Wno-unused-parameter -Werror -Wno-error=unused-but-set-variable -Wno-error=unused-parameter -I/builddir/build/BUILD/shim-16.1/Cryptlib/OpenSSL -I/builddir/build/BUILD/shim-16.1/Cryptlib -I/builddir/build/BUILD/shim-16.1/Cryptlib/OpenSSL/Include/ -I/builddir/build/BUILD/shim-16.1/Cryptlib/OpenSSL/crypto -I/builddir/build/BUILD/shim-16.1/Cryptlib/Include -I/builddir/build/BUILD/shim-16.1/gnu-efi/inc -I/builddir/build/BUILD/shim-16.1/gnu-efi/inc/aarch64 -I/builddir/build/BUILD/shim-16.1/gnu-efi/inc/protocol -I/builddir/build/BUILD/shim-16.1/Cryptlib/OpenSSL/crypto/asn1 -I/builddir/build/BUILD/shim-16.1/Cryptlib/OpenSSL/crypto/evp -I/builddir/build/BUILD/shim-16.1/Cryptlib/OpenSSL/crypto/modes -I/builddir/build/BUILD/shim-16.1/Cryptlib/OpenSSL/crypto/include -isystem /builddir/build/BUILD/shim-16.1/include/system -isystem /opt/rh/gcc-toolset-12/root/usr/lib/gcc/aarch64-redhat-linux/12/include -DL_ENDIAN -D_CRT_SECURE_NO_DEPRECATE -D_CRT_NONSTDC_NO_DEPRECATE -DOPENSSL_SMALL_FOOTPRINT -DPEDANTIC -DMDE_CPU_AARCH64   -c -o crypto/pem/pem_err.o /builddir/build/BUILD/shim-16.1/Cryptlib/OpenSSL/crypto/pem/pem_err.c
DEBUG util.py:463:  gcc -std=gnu11 -ggdb -gdwarf-4 -gstrict-dwarf -ffreestanding -fmacro-prefix-map=/builddir/build/BUILD/shim-16.1/= -fno-stack-protector -fno-strict-aliasing -fpic -fshort-wchar -nostdinc -Os -Wall -Wextra -Wno-missing-field-initializers -Wno-empty-body -Wno-implicit-fallthrough -Wno-old-style-declaration -Wno-unused-but-set-variable -Wno-unused-parameter -Werror -Wno-error=unused-but-set-variable -Wno-error=unused-parameter -I/builddir/build/BUILD/shim-16.1/Cryptlib/OpenSSL -I/builddir/build/BUILD/shim-16.1/Cryptlib -I/builddir/build/BUILD/shim-16.1/Cryptlib/OpenSSL/Include/ -I/builddir/build/BUILD/shim-16.1/Cryptlib/OpenSSL/crypto -I/builddir/build/BUILD/shim-16.1/Cryptlib/Include -I/builddir/build/BUILD/shim-16.1/gnu-efi/inc -I/builddir/build/BUILD/shim-16.1/gnu-efi/inc/aarch64 -I/builddir/build/BUILD/shim-16.1/gnu-efi/inc/protocol -I/builddir/build/BUILD/shim-16.1/Cryptlib/OpenSSL/crypto/asn1 -I/builddir/build/BUILD/shim-16.1/Cryptlib/OpenSSL/crypto/evp -I/builddir/build/BUILD/shim-16.1/Cryptlib/OpenSSL/crypto/modes -I/builddir/build/BUILD/shim-16.1/Cryptlib/OpenSSL/crypto/include -isystem /builddir/build/BUILD/shim-16.1/include/system -isystem /opt/rh/gcc-toolset-12/root/usr/lib/gcc/aarch64-redhat-linux/12/include -DL_ENDIAN -D_CRT_SECURE_NO_DEPRECATE -D_CRT_NONSTDC_NO_DEPRECATE -DOPENSSL_SMALL_FOOTPRINT -DPEDANTIC -DMDE_CPU_AARCH64   -c -o crypto/pem/pem_x509.o /builddir/build/BUILD/shim-16.1/Cryptlib/OpenSSL/crypto/pem/pem_x509.c
DEBUG util.py:463:  gcc -std=gnu11 -ggdb -gdwarf-4 -gstrict-dwarf -ffreestanding -fmacro-prefix-map=/builddir/build/BUILD/shim-16.1/= -fno-stack-protector -fno-strict-aliasing -fpic -fshort-wchar -nostdinc -Os -Wall -Wextra -Wno-missing-field-initializers -Wno-empty-body -Wno-implicit-fallthrough -Wno-old-style-declaration -Wno-unused-but-set-variable -Wno-unused-parameter -Werror -Wno-error=unused-but-set-variable -Wno-error=unused-parameter -I/builddir/build/BUILD/shim-16.1/Cryptlib/OpenSSL -I/builddir/build/BUILD/shim-16.1/Cryptlib -I/builddir/build/BUILD/shim-16.1/Cryptlib/OpenSSL/Include/ -I/builddir/build/BUILD/shim-16.1/Cryptlib/OpenSSL/crypto -I/builddir/build/BUILD/shim-16.1/Cryptlib/Include -I/builddir/build/BUILD/shim-16.1/gnu-efi/inc -I/builddir/build/BUILD/shim-16.1/gnu-efi/inc/aarch64 -I/builddir/build/BUILD/shim-16.1/gnu-efi/inc/protocol -I/builddir/build/BUILD/shim-16.1/Cryptlib/OpenSSL/crypto/asn1 -I/builddir/build/BUILD/shim-16.1/Cryptlib/OpenSSL/crypto/evp -I/builddir/build/BUILD/shim-16.1/Cryptlib/OpenSSL/crypto/modes -I/builddir/build/BUILD/shim-16.1/Cryptlib/OpenSSL/crypto/include -isystem /builddir/build/BUILD/shim-16.1/include/system -isystem /opt/rh/gcc-toolset-12/root/usr/lib/gcc/aarch64-redhat-linux/12/include -DL_ENDIAN -D_CRT_SECURE_NO_DEPRECATE -D_CRT_NONSTDC_NO_DEPRECATE -DOPENSSL_SMALL_FOOTPRINT -DPEDANTIC -DMDE_CPU_AARCH64   -c -o crypto/pem/pem_xaux.o /builddir/build/BUILD/shim-16.1/Cryptlib/OpenSSL/crypto/pem/pem_xaux.c
DEBUG util.py:463:  gcc -std=gnu11 -ggdb -gdwarf-4 -gstrict-dwarf -ffreestanding -fmacro-prefix-map=/builddir/build/BUILD/shim-16.1/= -fno-stack-protector -fno-strict-aliasing -fpic -fshort-wchar -nostdinc -Os -Wall -Wextra -Wno-missing-field-initializers -Wno-empty-body -Wno-implicit-fallthrough -Wno-old-style-declaration -Wno-unused-but-set-variable -Wno-unused-parameter -Werror -Wno-error=unused-but-set-variable -Wno-error=unused-parameter -I/builddir/build/BUILD/shim-16.1/Cryptlib/OpenSSL -I/builddir/build/BUILD/shim-16.1/Cryptlib -I/builddir/build/BUILD/shim-16.1/Cryptlib/OpenSSL/Include/ -I/builddir/build/BUILD/shim-16.1/Cryptlib/OpenSSL/crypto -I/builddir/build/BUILD/shim-16.1/Cryptlib/Include -I/builddir/build/BUILD/shim-16.1/gnu-efi/inc -I/builddir/build/BUILD/shim-16.1/gnu-efi/inc/aarch64 -I/builddir/build/BUILD/shim-16.1/gnu-efi/inc/protocol -I/builddir/build/BUILD/shim-16.1/Cryptlib/OpenSSL/crypto/asn1 -I/builddir/build/BUILD/shim-16.1/Cryptlib/OpenSSL/crypto/evp -I/builddir/build/BUILD/shim-16.1/Cryptlib/OpenSSL/crypto/modes -I/builddir/build/BUILD/shim-16.1/Cryptlib/OpenSSL/crypto/include -isystem /builddir/build/BUILD/shim-16.1/include/system -isystem /opt/rh/gcc-toolset-12/root/usr/lib/gcc/aarch64-redhat-linux/12/include -DL_ENDIAN -D_CRT_SECURE_NO_DEPRECATE -D_CRT_NONSTDC_NO_DEPRECATE -DOPENSSL_SMALL_FOOTPRINT -DPEDANTIC -DMDE_CPU_AARCH64   -c -o crypto/pem/pem_oth.o /builddir/build/BUILD/shim-16.1/Cryptlib/OpenSSL/crypto/pem/pem_oth.c
DEBUG util.py:463:  gcc -std=gnu11 -ggdb -gdwarf-4 -gstrict-dwarf -ffreestanding -fmacro-prefix-map=/builddir/build/BUILD/shim-16.1/= -fno-stack-protector -fno-strict-aliasing -fpic -fshort-wchar -nostdinc -Os -Wall -Wextra -Wno-missing-field-initializers -Wno-empty-body -Wno-implicit-fallthrough -Wno-old-style-declaration -Wno-unused-but-set-variable -Wno-unused-parameter -Werror -Wno-error=unused-but-set-variable -Wno-error=unused-parameter -I/builddir/build/BUILD/shim-16.1/Cryptlib/OpenSSL -I/builddir/build/BUILD/shim-16.1/Cryptlib -I/builddir/build/BUILD/shim-16.1/Cryptlib/OpenSSL/Include/ -I/builddir/build/BUILD/shim-16.1/Cryptlib/OpenSSL/crypto -I/builddir/build/BUILD/shim-16.1/Cryptlib/Include -I/builddir/build/BUILD/shim-16.1/gnu-efi/inc -I/builddir/build/BUILD/shim-16.1/gnu-efi/inc/aarch64 -I/builddir/build/BUILD/shim-16.1/gnu-efi/inc/protocol -I/builddir/build/BUILD/shim-16.1/Cryptlib/OpenSSL/crypto/asn1 -I/builddir/build/BUILD/shim-16.1/Cryptlib/OpenSSL/crypto/evp -I/builddir/build/BUILD/shim-16.1/Cryptlib/OpenSSL/crypto/modes -I/builddir/build/BUILD/shim-16.1/Cryptlib/OpenSSL/crypto/include -isystem /builddir/build/BUILD/shim-16.1/include/system -isystem /opt/rh/gcc-toolset-12/root/usr/lib/gcc/aarch64-redhat-linux/12/include -DL_ENDIAN -D_CRT_SECURE_NO_DEPRECATE -D_CRT_NONSTDC_NO_DEPRECATE -DOPENSSL_SMALL_FOOTPRINT -DPEDANTIC -DMDE_CPU_AARCH64   -c -o crypto/pem/pem_pk8.o /builddir/build/BUILD/shim-16.1/Cryptlib/OpenSSL/crypto/pem/pem_pk8.c
DEBUG util.py:463:  gcc -std=gnu11 -ggdb -gdwarf-4 -gstrict-dwarf -ffreestanding -fmacro-prefix-map=/builddir/build/BUILD/shim-16.1/= -fno-stack-protector -fno-strict-aliasing -fpic -fshort-wchar -nostdinc -Os -Wall -Wextra -Wno-missing-field-initializers -Wno-empty-body -Wno-implicit-fallthrough -Wno-old-style-declaration -Wno-unused-but-set-variable -Wno-unused-parameter -Werror -Wno-error=unused-but-set-variable -Wno-error=unused-parameter -I/builddir/build/BUILD/shim-16.1/Cryptlib/OpenSSL -I/builddir/build/BUILD/shim-16.1/Cryptlib -I/builddir/build/BUILD/shim-16.1/Cryptlib/OpenSSL/Include/ -I/builddir/build/BUILD/shim-16.1/Cryptlib/OpenSSL/crypto -I/builddir/build/BUILD/shim-16.1/Cryptlib/Include -I/builddir/build/BUILD/shim-16.1/gnu-efi/inc -I/builddir/build/BUILD/shim-16.1/gnu-efi/inc/aarch64 -I/builddir/build/BUILD/shim-16.1/gnu-efi/inc/protocol -I/builddir/build/BUILD/shim-16.1/Cryptlib/OpenSSL/crypto/asn1 -I/builddir/build/BUILD/shim-16.1/Cryptlib/OpenSSL/crypto/evp -I/builddir/build/BUILD/shim-16.1/Cryptlib/OpenSSL/crypto/modes -I/builddir/build/BUILD/shim-16.1/Cryptlib/OpenSSL/crypto/include -isystem /builddir/build/BUILD/shim-16.1/include/system -isystem /opt/rh/gcc-toolset-12/root/usr/lib/gcc/aarch64-redhat-linux/12/include -DL_ENDIAN -D_CRT_SECURE_NO_DEPRECATE -D_CRT_NONSTDC_NO_DEPRECATE -DOPENSSL_SMALL_FOOTPRINT -DPEDANTIC -DMDE_CPU_AARCH64   -c -o crypto/pem/pem_pkey.o /builddir/build/BUILD/shim-16.1/Cryptlib/OpenSSL/crypto/pem/pem_pkey.c
DEBUG util.py:463:  gcc -std=gnu11 -ggdb -gdwarf-4 -gstrict-dwarf -ffreestanding -fmacro-prefix-map=/builddir/build/BUILD/shim-16.1/= -fno-stack-protector -fno-strict-aliasing -fpic -fshort-wchar -nostdinc -Os -Wall -Wextra -Wno-missing-field-initializers -Wno-empty-body -Wno-implicit-fallthrough -Wno-old-style-declaration -Wno-unused-but-set-variable -Wno-unused-parameter -Werror -Wno-error=unused-but-set-variable -Wno-error=unused-parameter -I/builddir/build/BUILD/shim-16.1/Cryptlib/OpenSSL -I/builddir/build/BUILD/shim-16.1/Cryptlib -I/builddir/build/BUILD/shim-16.1/Cryptlib/OpenSSL/Include/ -I/builddir/build/BUILD/shim-16.1/Cryptlib/OpenSSL/crypto -I/builddir/build/BUILD/shim-16.1/Cryptlib/Include -I/builddir/build/BUILD/shim-16.1/gnu-efi/inc -I/builddir/build/BUILD/shim-16.1/gnu-efi/inc/aarch64 -I/builddir/build/BUILD/shim-16.1/gnu-efi/inc/protocol -I/builddir/build/BUILD/shim-16.1/Cryptlib/OpenSSL/crypto/asn1 -I/builddir/build/BUILD/shim-16.1/Cryptlib/OpenSSL/crypto/evp -I/builddir/build/BUILD/shim-16.1/Cryptlib/OpenSSL/crypto/modes -I/builddir/build/BUILD/shim-16.1/Cryptlib/OpenSSL/crypto/include -isystem /builddir/build/BUILD/shim-16.1/include/system -isystem /opt/rh/gcc-toolset-12/root/usr/lib/gcc/aarch64-redhat-linux/12/include -DL_ENDIAN -D_CRT_SECURE_NO_DEPRECATE -D_CRT_NONSTDC_NO_DEPRECATE -DOPENSSL_SMALL_FOOTPRINT -DPEDANTIC -DMDE_CPU_AARCH64   -c -o crypto/pem/pvkfmt.o /builddir/build/BUILD/shim-16.1/Cryptlib/OpenSSL/crypto/pem/pvkfmt.c
DEBUG util.py:463:  gcc -std=gnu11 -ggdb -gdwarf-4 -gstrict-dwarf -ffreestanding -fmacro-prefix-map=/builddir/build/BUILD/shim-16.1/= -fno-stack-protector -fno-strict-aliasing -fpic -fshort-wchar -nostdinc -Os -Wall -Wextra -Wno-missing-field-initializers -Wno-empty-body -Wno-implicit-fallthrough -Wno-old-style-declaration -Wno-unused-but-set-variable -Wno-unused-parameter -Werror -Wno-error=unused-but-set-variable -Wno-error=unused-parameter -I/builddir/build/BUILD/shim-16.1/Cryptlib/OpenSSL -I/builddir/build/BUILD/shim-16.1/Cryptlib -I/builddir/build/BUILD/shim-16.1/Cryptlib/OpenSSL/Include/ -I/builddir/build/BUILD/shim-16.1/Cryptlib/OpenSSL/crypto -I/builddir/build/BUILD/shim-16.1/Cryptlib/Include -I/builddir/build/BUILD/shim-16.1/gnu-efi/inc -I/builddir/build/BUILD/shim-16.1/gnu-efi/inc/aarch64 -I/builddir/build/BUILD/shim-16.1/gnu-efi/inc/protocol -I/builddir/build/BUILD/shim-16.1/Cryptlib/OpenSSL/crypto/asn1 -I/builddir/build/BUILD/shim-16.1/Cryptlib/OpenSSL/crypto/evp -I/builddir/build/BUILD/shim-16.1/Cryptlib/OpenSSL/crypto/modes -I/builddir/build/BUILD/shim-16.1/Cryptlib/OpenSSL/crypto/include -isystem /builddir/build/BUILD/shim-16.1/include/system -isystem /opt/rh/gcc-toolset-12/root/usr/lib/gcc/aarch64-redhat-linux/12/include -DL_ENDIAN -D_CRT_SECURE_NO_DEPRECATE -D_CRT_NONSTDC_NO_DEPRECATE -DOPENSSL_SMALL_FOOTPRINT -DPEDANTIC -DMDE_CPU_AARCH64   -c -o crypto/x509/x509_def.o /builddir/build/BUILD/shim-16.1/Cryptlib/OpenSSL/crypto/x509/x509_def.c
DEBUG util.py:463:  gcc -std=gnu11 -ggdb -gdwarf-4 -gstrict-dwarf -ffreestanding -fmacro-prefix-map=/builddir/build/BUILD/shim-16.1/= -fno-stack-protector -fno-strict-aliasing -fpic -fshort-wchar -nostdinc -Os -Wall -Wextra -Wno-missing-field-initializers -Wno-empty-body -Wno-implicit-fallthrough -Wno-old-style-declaration -Wno-unused-but-set-variable -Wno-unused-parameter -Werror -Wno-error=unused-but-set-variable -Wno-error=unused-parameter -I/builddir/build/BUILD/shim-16.1/Cryptlib/OpenSSL -I/builddir/build/BUILD/shim-16.1/Cryptlib -I/builddir/build/BUILD/shim-16.1/Cryptlib/OpenSSL/Include/ -I/builddir/build/BUILD/shim-16.1/Cryptlib/OpenSSL/crypto -I/builddir/build/BUILD/shim-16.1/Cryptlib/Include -I/builddir/build/BUILD/shim-16.1/gnu-efi/inc -I/builddir/build/BUILD/shim-16.1/gnu-efi/inc/aarch64 -I/builddir/build/BUILD/shim-16.1/gnu-efi/inc/protocol -I/builddir/build/BUILD/shim-16.1/Cryptlib/OpenSSL/crypto/asn1 -I/builddir/build/BUILD/shim-16.1/Cryptlib/OpenSSL/crypto/evp -I/builddir/build/BUILD/shim-16.1/Cryptlib/OpenSSL/crypto/modes -I/builddir/build/BUILD/shim-16.1/Cryptlib/OpenSSL/crypto/include -isystem /builddir/build/BUILD/shim-16.1/include/system -isystem /opt/rh/gcc-toolset-12/root/usr/lib/gcc/aarch64-redhat-linux/12/include -DL_ENDIAN -D_CRT_SECURE_NO_DEPRECATE -D_CRT_NONSTDC_NO_DEPRECATE -DOPENSSL_SMALL_FOOTPRINT -DPEDANTIC -DMDE_CPU_AARCH64   -c -o crypto/x509/x509_d2.o /builddir/build/BUILD/shim-16.1/Cryptlib/OpenSSL/crypto/x509/x509_d2.c
DEBUG util.py:463:  gcc -std=gnu11 -ggdb -gdwarf-4 -gstrict-dwarf -ffreestanding -fmacro-prefix-map=/builddir/build/BUILD/shim-16.1/= -fno-stack-protector -fno-strict-aliasing -fpic -fshort-wchar -nostdinc -Os -Wall -Wextra -Wno-missing-field-initializers -Wno-empty-body -Wno-implicit-fallthrough -Wno-old-style-declaration -Wno-unused-but-set-variable -Wno-unused-parameter -Werror -Wno-error=unused-but-set-variable -Wno-error=unused-parameter -I/builddir/build/BUILD/shim-16.1/Cryptlib/OpenSSL -I/builddir/build/BUILD/shim-16.1/Cryptlib -I/builddir/build/BUILD/shim-16.1/Cryptlib/OpenSSL/Include/ -I/builddir/build/BUILD/shim-16.1/Cryptlib/OpenSSL/crypto -I/builddir/build/BUILD/shim-16.1/Cryptlib/Include -I/builddir/build/BUILD/shim-16.1/gnu-efi/inc -I/builddir/build/BUILD/shim-16.1/gnu-efi/inc/aarch64 -I/builddir/build/BUILD/shim-16.1/gnu-efi/inc/protocol -I/builddir/build/BUILD/shim-16.1/Cryptlib/OpenSSL/crypto/asn1 -I/builddir/build/BUILD/shim-16.1/Cryptlib/OpenSSL/crypto/evp -I/builddir/build/BUILD/shim-16.1/Cryptlib/OpenSSL/crypto/modes -I/builddir/build/BUILD/shim-16.1/Cryptlib/OpenSSL/crypto/include -isystem /builddir/build/BUILD/shim-16.1/include/system -isystem /opt/rh/gcc-toolset-12/root/usr/lib/gcc/aarch64-redhat-linux/12/include -DL_ENDIAN -D_CRT_SECURE_NO_DEPRECATE -D_CRT_NONSTDC_NO_DEPRECATE -DOPENSSL_SMALL_FOOTPRINT -DPEDANTIC -DMDE_CPU_AARCH64   -c -o crypto/x509/x509_r2x.o /builddir/build/BUILD/shim-16.1/Cryptlib/OpenSSL/crypto/x509/x509_r2x.c
DEBUG util.py:463:  gcc -std=gnu11 -ggdb -gdwarf-4 -gstrict-dwarf -ffreestanding -fmacro-prefix-map=/builddir/build/BUILD/shim-16.1/= -fno-stack-protector -fno-strict-aliasing -fpic -fshort-wchar -nostdinc -Os -Wall -Wextra -Wno-missing-field-initializers -Wno-empty-body -Wno-implicit-fallthrough -Wno-old-style-declaration -Wno-unused-but-set-variable -Wno-unused-parameter -Werror -Wno-error=unused-but-set-variable -Wno-error=unused-parameter -I/builddir/build/BUILD/shim-16.1/Cryptlib/OpenSSL -I/builddir/build/BUILD/shim-16.1/Cryptlib -I/builddir/build/BUILD/shim-16.1/Cryptlib/OpenSSL/Include/ -I/builddir/build/BUILD/shim-16.1/Cryptlib/OpenSSL/crypto -I/builddir/build/BUILD/shim-16.1/Cryptlib/Include -I/builddir/build/BUILD/shim-16.1/gnu-efi/inc -I/builddir/build/BUILD/shim-16.1/gnu-efi/inc/aarch64 -I/builddir/build/BUILD/shim-16.1/gnu-efi/inc/protocol -I/builddir/build/BUILD/shim-16.1/Cryptlib/OpenSSL/crypto/asn1 -I/builddir/build/BUILD/shim-16.1/Cryptlib/OpenSSL/crypto/evp -I/builddir/build/BUILD/shim-16.1/Cryptlib/OpenSSL/crypto/modes -I/builddir/build/BUILD/shim-16.1/Cryptlib/OpenSSL/crypto/include -isystem /builddir/build/BUILD/shim-16.1/include/system -isystem /opt/rh/gcc-toolset-12/root/usr/lib/gcc/aarch64-redhat-linux/12/include -DL_ENDIAN -D_CRT_SECURE_NO_DEPRECATE -D_CRT_NONSTDC_NO_DEPRECATE -DOPENSSL_SMALL_FOOTPRINT -DPEDANTIC -DMDE_CPU_AARCH64   -c -o crypto/x509/x509_cmp.o /builddir/build/BUILD/shim-16.1/Cryptlib/OpenSSL/crypto/x509/x509_cmp.c
DEBUG util.py:463:  gcc -std=gnu11 -ggdb -gdwarf-4 -gstrict-dwarf -ffreestanding -fmacro-prefix-map=/builddir/build/BUILD/shim-16.1/= -fno-stack-protector -fno-strict-aliasing -fpic -fshort-wchar -nostdinc -Os -Wall -Wextra -Wno-missing-field-initializers -Wno-empty-body -Wno-implicit-fallthrough -Wno-old-style-declaration -Wno-unused-but-set-variable -Wno-unused-parameter -Werror -Wno-error=unused-but-set-variable -Wno-error=unused-parameter -I/builddir/build/BUILD/shim-16.1/Cryptlib/OpenSSL -I/builddir/build/BUILD/shim-16.1/Cryptlib -I/builddir/build/BUILD/shim-16.1/Cryptlib/OpenSSL/Include/ -I/builddir/build/BUILD/shim-16.1/Cryptlib/OpenSSL/crypto -I/builddir/build/BUILD/shim-16.1/Cryptlib/Include -I/builddir/build/BUILD/shim-16.1/gnu-efi/inc -I/builddir/build/BUILD/shim-16.1/gnu-efi/inc/aarch64 -I/builddir/build/BUILD/shim-16.1/gnu-efi/inc/protocol -I/builddir/build/BUILD/shim-16.1/Cryptlib/OpenSSL/crypto/asn1 -I/builddir/build/BUILD/shim-16.1/Cryptlib/OpenSSL/crypto/evp -I/builddir/build/BUILD/shim-16.1/Cryptlib/OpenSSL/crypto/modes -I/builddir/build/BUILD/shim-16.1/Cryptlib/OpenSSL/crypto/include -isystem /builddir/build/BUILD/shim-16.1/include/system -isystem /opt/rh/gcc-toolset-12/root/usr/lib/gcc/aarch64-redhat-linux/12/include -DL_ENDIAN -D_CRT_SECURE_NO_DEPRECATE -D_CRT_NONSTDC_NO_DEPRECATE -DOPENSSL_SMALL_FOOTPRINT -DPEDANTIC -DMDE_CPU_AARCH64   -c -o crypto/x509/x509_obj.o /builddir/build/BUILD/shim-16.1/Cryptlib/OpenSSL/crypto/x509/x509_obj.c
DEBUG util.py:463:  gcc -std=gnu11 -ggdb -gdwarf-4 -gstrict-dwarf -ffreestanding -fmacro-prefix-map=/builddir/build/BUILD/shim-16.1/= -fno-stack-protector -fno-strict-aliasing -fpic -fshort-wchar -nostdinc -Os -Wall -Wextra -Wno-missing-field-initializers -Wno-empty-body -Wno-implicit-fallthrough -Wno-old-style-declaration -Wno-unused-but-set-variable -Wno-unused-parameter -Werror -Wno-error=unused-but-set-variable -Wno-error=unused-parameter -I/builddir/build/BUILD/shim-16.1/Cryptlib/OpenSSL -I/builddir/build/BUILD/shim-16.1/Cryptlib -I/builddir/build/BUILD/shim-16.1/Cryptlib/OpenSSL/Include/ -I/builddir/build/BUILD/shim-16.1/Cryptlib/OpenSSL/crypto -I/builddir/build/BUILD/shim-16.1/Cryptlib/Include -I/builddir/build/BUILD/shim-16.1/gnu-efi/inc -I/builddir/build/BUILD/shim-16.1/gnu-efi/inc/aarch64 -I/builddir/build/BUILD/shim-16.1/gnu-efi/inc/protocol -I/builddir/build/BUILD/shim-16.1/Cryptlib/OpenSSL/crypto/asn1 -I/builddir/build/BUILD/shim-16.1/Cryptlib/OpenSSL/crypto/evp -I/builddir/build/BUILD/shim-16.1/Cryptlib/OpenSSL/crypto/modes -I/builddir/build/BUILD/shim-16.1/Cryptlib/OpenSSL/crypto/include -isystem /builddir/build/BUILD/shim-16.1/include/system -isystem /opt/rh/gcc-toolset-12/root/usr/lib/gcc/aarch64-redhat-linux/12/include -DL_ENDIAN -D_CRT_SECURE_NO_DEPRECATE -D_CRT_NONSTDC_NO_DEPRECATE -DOPENSSL_SMALL_FOOTPRINT -DPEDANTIC -DMDE_CPU_AARCH64   -c -o crypto/x509/x509_req.o /builddir/build/BUILD/shim-16.1/Cryptlib/OpenSSL/crypto/x509/x509_req.c
DEBUG util.py:463:  gcc -std=gnu11 -ggdb -gdwarf-4 -gstrict-dwarf -ffreestanding -fmacro-prefix-map=/builddir/build/BUILD/shim-16.1/= -fno-stack-protector -fno-strict-aliasing -fpic -fshort-wchar -nostdinc -Os -Wall -Wextra -Wno-missing-field-initializers -Wno-empty-body -Wno-implicit-fallthrough -Wno-old-style-declaration -Wno-unused-but-set-variable -Wno-unused-parameter -Werror -Wno-error=unused-but-set-variable -Wno-error=unused-parameter -I/builddir/build/BUILD/shim-16.1/Cryptlib/OpenSSL -I/builddir/build/BUILD/shim-16.1/Cryptlib -I/builddir/build/BUILD/shim-16.1/Cryptlib/OpenSSL/Include/ -I/builddir/build/BUILD/shim-16.1/Cryptlib/OpenSSL/crypto -I/builddir/build/BUILD/shim-16.1/Cryptlib/Include -I/builddir/build/BUILD/shim-16.1/gnu-efi/inc -I/builddir/build/BUILD/shim-16.1/gnu-efi/inc/aarch64 -I/builddir/build/BUILD/shim-16.1/gnu-efi/inc/protocol -I/builddir/build/BUILD/shim-16.1/Cryptlib/OpenSSL/crypto/asn1 -I/builddir/build/BUILD/shim-16.1/Cryptlib/OpenSSL/crypto/evp -I/builddir/build/BUILD/shim-16.1/Cryptlib/OpenSSL/crypto/modes -I/builddir/build/BUILD/shim-16.1/Cryptlib/OpenSSL/crypto/include -isystem /builddir/build/BUILD/shim-16.1/include/system -isystem /opt/rh/gcc-toolset-12/root/usr/lib/gcc/aarch64-redhat-linux/12/include -DL_ENDIAN -D_CRT_SECURE_NO_DEPRECATE -D_CRT_NONSTDC_NO_DEPRECATE -DOPENSSL_SMALL_FOOTPRINT -DPEDANTIC -DMDE_CPU_AARCH64   -c -o crypto/x509/x509spki.o /builddir/build/BUILD/shim-16.1/Cryptlib/OpenSSL/crypto/x509/x509spki.c
DEBUG util.py:463:  gcc -std=gnu11 -ggdb -gdwarf-4 -gstrict-dwarf -ffreestanding -fmacro-prefix-map=/builddir/build/BUILD/shim-16.1/= -fno-stack-protector -fno-strict-aliasing -fpic -fshort-wchar -nostdinc -Os -Wall -Wextra -Wno-missing-field-initializers -Wno-empty-body -Wno-implicit-fallthrough -Wno-old-style-declaration -Wno-unused-but-set-variable -Wno-unused-parameter -Werror -Wno-error=unused-but-set-variable -Wno-error=unused-parameter -I/builddir/build/BUILD/shim-16.1/Cryptlib/OpenSSL -I/builddir/build/BUILD/shim-16.1/Cryptlib -I/builddir/build/BUILD/shim-16.1/Cryptlib/OpenSSL/Include/ -I/builddir/build/BUILD/shim-16.1/Cryptlib/OpenSSL/crypto -I/builddir/build/BUILD/shim-16.1/Cryptlib/Include -I/builddir/build/BUILD/shim-16.1/gnu-efi/inc -I/builddir/build/BUILD/shim-16.1/gnu-efi/inc/aarch64 -I/builddir/build/BUILD/shim-16.1/gnu-efi/inc/protocol -I/builddir/build/BUILD/shim-16.1/Cryptlib/OpenSSL/crypto/asn1 -I/builddir/build/BUILD/shim-16.1/Cryptlib/OpenSSL/crypto/evp -I/builddir/build/BUILD/shim-16.1/Cryptlib/OpenSSL/crypto/modes -I/builddir/build/BUILD/shim-16.1/Cryptlib/OpenSSL/crypto/include -isystem /builddir/build/BUILD/shim-16.1/include/system -isystem /opt/rh/gcc-toolset-12/root/usr/lib/gcc/aarch64-redhat-linux/12/include -DL_ENDIAN -D_CRT_SECURE_NO_DEPRECATE -D_CRT_NONSTDC_NO_DEPRECATE -DOPENSSL_SMALL_FOOTPRINT -DPEDANTIC -DMDE_CPU_AARCH64   -c -o crypto/x509/x509_vfy.o /builddir/build/BUILD/shim-16.1/Cryptlib/OpenSSL/crypto/x509/x509_vfy.c
DEBUG util.py:463:  gcc -std=gnu11 -ggdb -gdwarf-4 -gstrict-dwarf -ffreestanding -fmacro-prefix-map=/builddir/build/BUILD/shim-16.1/= -fno-stack-protector -fno-strict-aliasing -fpic -fshort-wchar -nostdinc -Os -Wall -Wextra -Wno-missing-field-initializers -Wno-empty-body -Wno-implicit-fallthrough -Wno-old-style-declaration -Wno-unused-but-set-variable -Wno-unused-parameter -Werror -Wno-error=unused-but-set-variable -Wno-error=unused-parameter -I/builddir/build/BUILD/shim-16.1/Cryptlib/OpenSSL -I/builddir/build/BUILD/shim-16.1/Cryptlib -I/builddir/build/BUILD/shim-16.1/Cryptlib/OpenSSL/Include/ -I/builddir/build/BUILD/shim-16.1/Cryptlib/OpenSSL/crypto -I/builddir/build/BUILD/shim-16.1/Cryptlib/Include -I/builddir/build/BUILD/shim-16.1/gnu-efi/inc -I/builddir/build/BUILD/shim-16.1/gnu-efi/inc/aarch64 -I/builddir/build/BUILD/shim-16.1/gnu-efi/inc/protocol -I/builddir/build/BUILD/shim-16.1/Cryptlib/OpenSSL/crypto/asn1 -I/builddir/build/BUILD/shim-16.1/Cryptlib/OpenSSL/crypto/evp -I/builddir/build/BUILD/shim-16.1/Cryptlib/OpenSSL/crypto/modes -I/builddir/build/BUILD/shim-16.1/Cryptlib/OpenSSL/crypto/include -isystem /builddir/build/BUILD/shim-16.1/include/system -isystem /opt/rh/gcc-toolset-12/root/usr/lib/gcc/aarch64-redhat-linux/12/include -DL_ENDIAN -D_CRT_SECURE_NO_DEPRECATE -D_CRT_NONSTDC_NO_DEPRECATE -DOPENSSL_SMALL_FOOTPRINT -DPEDANTIC -DMDE_CPU_AARCH64   -c -o crypto/x509/x509_set.o /builddir/build/BUILD/shim-16.1/Cryptlib/OpenSSL/crypto/x509/x509_set.c
DEBUG util.py:463:  gcc -std=gnu11 -ggdb -gdwarf-4 -gstrict-dwarf -ffreestanding -fmacro-prefix-map=/builddir/build/BUILD/shim-16.1/= -fno-stack-protector -fno-strict-aliasing -fpic -fshort-wchar -nostdinc -Os -Wall -Wextra -Wno-missing-field-initializers -Wno-empty-body -Wno-implicit-fallthrough -Wno-old-style-declaration -Wno-unused-but-set-variable -Wno-unused-parameter -Werror -Wno-error=unused-but-set-variable -Wno-error=unused-parameter -I/builddir/build/BUILD/shim-16.1/Cryptlib/OpenSSL -I/builddir/build/BUILD/shim-16.1/Cryptlib -I/builddir/build/BUILD/shim-16.1/Cryptlib/OpenSSL/Include/ -I/builddir/build/BUILD/shim-16.1/Cryptlib/OpenSSL/crypto -I/builddir/build/BUILD/shim-16.1/Cryptlib/Include -I/builddir/build/BUILD/shim-16.1/gnu-efi/inc -I/builddir/build/BUILD/shim-16.1/gnu-efi/inc/aarch64 -I/builddir/build/BUILD/shim-16.1/gnu-efi/inc/protocol -I/builddir/build/BUILD/shim-16.1/Cryptlib/OpenSSL/crypto/asn1 -I/builddir/build/BUILD/shim-16.1/Cryptlib/OpenSSL/crypto/evp -I/builddir/build/BUILD/shim-16.1/Cryptlib/OpenSSL/crypto/modes -I/builddir/build/BUILD/shim-16.1/Cryptlib/OpenSSL/crypto/include -isystem /builddir/build/BUILD/shim-16.1/include/system -isystem /opt/rh/gcc-toolset-12/root/usr/lib/gcc/aarch64-redhat-linux/12/include -DL_ENDIAN -D_CRT_SECURE_NO_DEPRECATE -D_CRT_NONSTDC_NO_DEPRECATE -DOPENSSL_SMALL_FOOTPRINT -DPEDANTIC -DMDE_CPU_AARCH64   -c -o crypto/x509/x509cset.o /builddir/build/BUILD/shim-16.1/Cryptlib/OpenSSL/crypto/x509/x509cset.c
DEBUG util.py:463:  gcc -std=gnu11 -ggdb -gdwarf-4 -gstrict-dwarf -ffreestanding -fmacro-prefix-map=/builddir/build/BUILD/shim-16.1/= -fno-stack-protector -fno-strict-aliasing -fpic -fshort-wchar -nostdinc -Os -Wall -Wextra -Wno-missing-field-initializers -Wno-empty-body -Wno-implicit-fallthrough -Wno-old-style-declaration -Wno-unused-but-set-variable -Wno-unused-parameter -Werror -Wno-error=unused-but-set-variable -Wno-error=unused-parameter -I/builddir/build/BUILD/shim-16.1/Cryptlib/OpenSSL -I/builddir/build/BUILD/shim-16.1/Cryptlib -I/builddir/build/BUILD/shim-16.1/Cryptlib/OpenSSL/Include/ -I/builddir/build/BUILD/shim-16.1/Cryptlib/OpenSSL/crypto -I/builddir/build/BUILD/shim-16.1/Cryptlib/Include -I/builddir/build/BUILD/shim-16.1/gnu-efi/inc -I/builddir/build/BUILD/shim-16.1/gnu-efi/inc/aarch64 -I/builddir/build/BUILD/shim-16.1/gnu-efi/inc/protocol -I/builddir/build/BUILD/shim-16.1/Cryptlib/OpenSSL/crypto/asn1 -I/builddir/build/BUILD/shim-16.1/Cryptlib/OpenSSL/crypto/evp -I/builddir/build/BUILD/shim-16.1/Cryptlib/OpenSSL/crypto/modes -I/builddir/build/BUILD/shim-16.1/Cryptlib/OpenSSL/crypto/include -isystem /builddir/build/BUILD/shim-16.1/include/system -isystem /opt/rh/gcc-toolset-12/root/usr/lib/gcc/aarch64-redhat-linux/12/include -DL_ENDIAN -D_CRT_SECURE_NO_DEPRECATE -D_CRT_NONSTDC_NO_DEPRECATE -DOPENSSL_SMALL_FOOTPRINT -DPEDANTIC -DMDE_CPU_AARCH64   -c -o crypto/x509/x509rset.o /builddir/build/BUILD/shim-16.1/Cryptlib/OpenSSL/crypto/x509/x509rset.c
DEBUG util.py:463:  gcc -std=gnu11 -ggdb -gdwarf-4 -gstrict-dwarf -ffreestanding -fmacro-prefix-map=/builddir/build/BUILD/shim-16.1/= -fno-stack-protector -fno-strict-aliasing -fpic -fshort-wchar -nostdinc -Os -Wall -Wextra -Wno-missing-field-initializers -Wno-empty-body -Wno-implicit-fallthrough -Wno-old-style-declaration -Wno-unused-but-set-variable -Wno-unused-parameter -Werror -Wno-error=unused-but-set-variable -Wno-error=unused-parameter -I/builddir/build/BUILD/shim-16.1/Cryptlib/OpenSSL -I/builddir/build/BUILD/shim-16.1/Cryptlib -I/builddir/build/BUILD/shim-16.1/Cryptlib/OpenSSL/Include/ -I/builddir/build/BUILD/shim-16.1/Cryptlib/OpenSSL/crypto -I/builddir/build/BUILD/shim-16.1/Cryptlib/Include -I/builddir/build/BUILD/shim-16.1/gnu-efi/inc -I/builddir/build/BUILD/shim-16.1/gnu-efi/inc/aarch64 -I/builddir/build/BUILD/shim-16.1/gnu-efi/inc/protocol -I/builddir/build/BUILD/shim-16.1/Cryptlib/OpenSSL/crypto/asn1 -I/builddir/build/BUILD/shim-16.1/Cryptlib/OpenSSL/crypto/evp -I/builddir/build/BUILD/shim-16.1/Cryptlib/OpenSSL/crypto/modes -I/builddir/build/BUILD/shim-16.1/Cryptlib/OpenSSL/crypto/include -isystem /builddir/build/BUILD/shim-16.1/include/system -isystem /opt/rh/gcc-toolset-12/root/usr/lib/gcc/aarch64-redhat-linux/12/include -DL_ENDIAN -D_CRT_SECURE_NO_DEPRECATE -D_CRT_NONSTDC_NO_DEPRECATE -DOPENSSL_SMALL_FOOTPRINT -DPEDANTIC -DMDE_CPU_AARCH64   -c -o crypto/x509/x509_err.o /builddir/build/BUILD/shim-16.1/Cryptlib/OpenSSL/crypto/x509/x509_err.c
DEBUG util.py:463:  gcc -std=gnu11 -ggdb -gdwarf-4 -gstrict-dwarf -ffreestanding -fmacro-prefix-map=/builddir/build/BUILD/shim-16.1/= -fno-stack-protector -fno-strict-aliasing -fpic -fshort-wchar -nostdinc -Os -Wall -Wextra -Wno-missing-field-initializers -Wno-empty-body -Wno-implicit-fallthrough -Wno-old-style-declaration -Wno-unused-but-set-variable -Wno-unused-parameter -Werror -Wno-error=unused-but-set-variable -Wno-error=unused-parameter -I/builddir/build/BUILD/shim-16.1/Cryptlib/OpenSSL -I/builddir/build/BUILD/shim-16.1/Cryptlib -I/builddir/build/BUILD/shim-16.1/Cryptlib/OpenSSL/Include/ -I/builddir/build/BUILD/shim-16.1/Cryptlib/OpenSSL/crypto -I/builddir/build/BUILD/shim-16.1/Cryptlib/Include -I/builddir/build/BUILD/shim-16.1/gnu-efi/inc -I/builddir/build/BUILD/shim-16.1/gnu-efi/inc/aarch64 -I/builddir/build/BUILD/shim-16.1/gnu-efi/inc/protocol -I/builddir/build/BUILD/shim-16.1/Cryptlib/OpenSSL/crypto/asn1 -I/builddir/build/BUILD/shim-16.1/Cryptlib/OpenSSL/crypto/evp -I/builddir/build/BUILD/shim-16.1/Cryptlib/OpenSSL/crypto/modes -I/builddir/build/BUILD/shim-16.1/Cryptlib/OpenSSL/crypto/include -isystem /builddir/build/BUILD/shim-16.1/include/system -isystem /opt/rh/gcc-toolset-12/root/usr/lib/gcc/aarch64-redhat-linux/12/include -DL_ENDIAN -D_CRT_SECURE_NO_DEPRECATE -D_CRT_NONSTDC_NO_DEPRECATE -DOPENSSL_SMALL_FOOTPRINT -DPEDANTIC -DMDE_CPU_AARCH64   -c -o crypto/x509/x509name.o /builddir/build/BUILD/shim-16.1/Cryptlib/OpenSSL/crypto/x509/x509name.c
DEBUG util.py:463:  gcc -std=gnu11 -ggdb -gdwarf-4 -gstrict-dwarf -ffreestanding -fmacro-prefix-map=/builddir/build/BUILD/shim-16.1/= -fno-stack-protector -fno-strict-aliasing -fpic -fshort-wchar -nostdinc -Os -Wall -Wextra -Wno-missing-field-initializers -Wno-empty-body -Wno-implicit-fallthrough -Wno-old-style-declaration -Wno-unused-but-set-variable -Wno-unused-parameter -Werror -Wno-error=unused-but-set-variable -Wno-error=unused-parameter -I/builddir/build/BUILD/shim-16.1/Cryptlib/OpenSSL -I/builddir/build/BUILD/shim-16.1/Cryptlib -I/builddir/build/BUILD/shim-16.1/Cryptlib/OpenSSL/Include/ -I/builddir/build/BUILD/shim-16.1/Cryptlib/OpenSSL/crypto -I/builddir/build/BUILD/shim-16.1/Cryptlib/Include -I/builddir/build/BUILD/shim-16.1/gnu-efi/inc -I/builddir/build/BUILD/shim-16.1/gnu-efi/inc/aarch64 -I/builddir/build/BUILD/shim-16.1/gnu-efi/inc/protocol -I/builddir/build/BUILD/shim-16.1/Cryptlib/OpenSSL/crypto/asn1 -I/builddir/build/BUILD/shim-16.1/Cryptlib/OpenSSL/crypto/evp -I/builddir/build/BUILD/shim-16.1/Cryptlib/OpenSSL/crypto/modes -I/builddir/build/BUILD/shim-16.1/Cryptlib/OpenSSL/crypto/include -isystem /builddir/build/BUILD/shim-16.1/include/system -isystem /opt/rh/gcc-toolset-12/root/usr/lib/gcc/aarch64-redhat-linux/12/include -DL_ENDIAN -D_CRT_SECURE_NO_DEPRECATE -D_CRT_NONSTDC_NO_DEPRECATE -DOPENSSL_SMALL_FOOTPRINT -DPEDANTIC -DMDE_CPU_AARCH64   -c -o crypto/x509/x509_v3.o /builddir/build/BUILD/shim-16.1/Cryptlib/OpenSSL/crypto/x509/x509_v3.c
DEBUG util.py:463:  gcc -std=gnu11 -ggdb -gdwarf-4 -gstrict-dwarf -ffreestanding -fmacro-prefix-map=/builddir/build/BUILD/shim-16.1/= -fno-stack-protector -fno-strict-aliasing -fpic -fshort-wchar -nostdinc -Os -Wall -Wextra -Wno-missing-field-initializers -Wno-empty-body -Wno-implicit-fallthrough -Wno-old-style-declaration -Wno-unused-but-set-variable -Wno-unused-parameter -Werror -Wno-error=unused-but-set-variable -Wno-error=unused-parameter -I/builddir/build/BUILD/shim-16.1/Cryptlib/OpenSSL -I/builddir/build/BUILD/shim-16.1/Cryptlib -I/builddir/build/BUILD/shim-16.1/Cryptlib/OpenSSL/Include/ -I/builddir/build/BUILD/shim-16.1/Cryptlib/OpenSSL/crypto -I/builddir/build/BUILD/shim-16.1/Cryptlib/Include -I/builddir/build/BUILD/shim-16.1/gnu-efi/inc -I/builddir/build/BUILD/shim-16.1/gnu-efi/inc/aarch64 -I/builddir/build/BUILD/shim-16.1/gnu-efi/inc/protocol -I/builddir/build/BUILD/shim-16.1/Cryptlib/OpenSSL/crypto/asn1 -I/builddir/build/BUILD/shim-16.1/Cryptlib/OpenSSL/crypto/evp -I/builddir/build/BUILD/shim-16.1/Cryptlib/OpenSSL/crypto/modes -I/builddir/build/BUILD/shim-16.1/Cryptlib/OpenSSL/crypto/include -isystem /builddir/build/BUILD/shim-16.1/include/system -isystem /opt/rh/gcc-toolset-12/root/usr/lib/gcc/aarch64-redhat-linux/12/include -DL_ENDIAN -D_CRT_SECURE_NO_DEPRECATE -D_CRT_NONSTDC_NO_DEPRECATE -DOPENSSL_SMALL_FOOTPRINT -DPEDANTIC -DMDE_CPU_AARCH64   -c -o crypto/x509/x509_ext.o /builddir/build/BUILD/shim-16.1/Cryptlib/OpenSSL/crypto/x509/x509_ext.c
DEBUG util.py:463:  gcc -std=gnu11 -ggdb -gdwarf-4 -gstrict-dwarf -ffreestanding -fmacro-prefix-map=/builddir/build/BUILD/shim-16.1/= -fno-stack-protector -fno-strict-aliasing -fpic -fshort-wchar -nostdinc -Os -Wall -Wextra -Wno-missing-field-initializers -Wno-empty-body -Wno-implicit-fallthrough -Wno-old-style-declaration -Wno-unused-but-set-variable -Wno-unused-parameter -Werror -Wno-error=unused-but-set-variable -Wno-error=unused-parameter -I/builddir/build/BUILD/shim-16.1/Cryptlib/OpenSSL -I/builddir/build/BUILD/shim-16.1/Cryptlib -I/builddir/build/BUILD/shim-16.1/Cryptlib/OpenSSL/Include/ -I/builddir/build/BUILD/shim-16.1/Cryptlib/OpenSSL/crypto -I/builddir/build/BUILD/shim-16.1/Cryptlib/Include -I/builddir/build/BUILD/shim-16.1/gnu-efi/inc -I/builddir/build/BUILD/shim-16.1/gnu-efi/inc/aarch64 -I/builddir/build/BUILD/shim-16.1/gnu-efi/inc/protocol -I/builddir/build/BUILD/shim-16.1/Cryptlib/OpenSSL/crypto/asn1 -I/builddir/build/BUILD/shim-16.1/Cryptlib/OpenSSL/crypto/evp -I/builddir/build/BUILD/shim-16.1/Cryptlib/OpenSSL/crypto/modes -I/builddir/build/BUILD/shim-16.1/Cryptlib/OpenSSL/crypto/include -isystem /builddir/build/BUILD/shim-16.1/include/system -isystem /opt/rh/gcc-toolset-12/root/usr/lib/gcc/aarch64-redhat-linux/12/include -DL_ENDIAN -D_CRT_SECURE_NO_DEPRECATE -D_CRT_NONSTDC_NO_DEPRECATE -DOPENSSL_SMALL_FOOTPRINT -DPEDANTIC -DMDE_CPU_AARCH64   -c -o crypto/x509/x509_att.o /builddir/build/BUILD/shim-16.1/Cryptlib/OpenSSL/crypto/x509/x509_att.c
DEBUG util.py:463:  gcc -std=gnu11 -ggdb -gdwarf-4 -gstrict-dwarf -ffreestanding -fmacro-prefix-map=/builddir/build/BUILD/shim-16.1/= -fno-stack-protector -fno-strict-aliasing -fpic -fshort-wchar -nostdinc -Os -Wall -Wextra -Wno-missing-field-initializers -Wno-empty-body -Wno-implicit-fallthrough -Wno-old-style-declaration -Wno-unused-but-set-variable -Wno-unused-parameter -Werror -Wno-error=unused-but-set-variable -Wno-error=unused-parameter -I/builddir/build/BUILD/shim-16.1/Cryptlib/OpenSSL -I/builddir/build/BUILD/shim-16.1/Cryptlib -I/builddir/build/BUILD/shim-16.1/Cryptlib/OpenSSL/Include/ -I/builddir/build/BUILD/shim-16.1/Cryptlib/OpenSSL/crypto -I/builddir/build/BUILD/shim-16.1/Cryptlib/Include -I/builddir/build/BUILD/shim-16.1/gnu-efi/inc -I/builddir/build/BUILD/shim-16.1/gnu-efi/inc/aarch64 -I/builddir/build/BUILD/shim-16.1/gnu-efi/inc/protocol -I/builddir/build/BUILD/shim-16.1/Cryptlib/OpenSSL/crypto/asn1 -I/builddir/build/BUILD/shim-16.1/Cryptlib/OpenSSL/crypto/evp -I/builddir/build/BUILD/shim-16.1/Cryptlib/OpenSSL/crypto/modes -I/builddir/build/BUILD/shim-16.1/Cryptlib/OpenSSL/crypto/include -isystem /builddir/build/BUILD/shim-16.1/include/system -isystem /opt/rh/gcc-toolset-12/root/usr/lib/gcc/aarch64-redhat-linux/12/include -DL_ENDIAN -D_CRT_SECURE_NO_DEPRECATE -D_CRT_NONSTDC_NO_DEPRECATE -DOPENSSL_SMALL_FOOTPRINT -DPEDANTIC -DMDE_CPU_AARCH64   -c -o crypto/x509/x509type.o /builddir/build/BUILD/shim-16.1/Cryptlib/OpenSSL/crypto/x509/x509type.c
DEBUG util.py:463:  gcc -std=gnu11 -ggdb -gdwarf-4 -gstrict-dwarf -ffreestanding -fmacro-prefix-map=/builddir/build/BUILD/shim-16.1/= -fno-stack-protector -fno-strict-aliasing -fpic -fshort-wchar -nostdinc -Os -Wall -Wextra -Wno-missing-field-initializers -Wno-empty-body -Wno-implicit-fallthrough -Wno-old-style-declaration -Wno-unused-but-set-variable -Wno-unused-parameter -Werror -Wno-error=unused-but-set-variable -Wno-error=unused-parameter -I/builddir/build/BUILD/shim-16.1/Cryptlib/OpenSSL -I/builddir/build/BUILD/shim-16.1/Cryptlib -I/builddir/build/BUILD/shim-16.1/Cryptlib/OpenSSL/Include/ -I/builddir/build/BUILD/shim-16.1/Cryptlib/OpenSSL/crypto -I/builddir/build/BUILD/shim-16.1/Cryptlib/Include -I/builddir/build/BUILD/shim-16.1/gnu-efi/inc -I/builddir/build/BUILD/shim-16.1/gnu-efi/inc/aarch64 -I/builddir/build/BUILD/shim-16.1/gnu-efi/inc/protocol -I/builddir/build/BUILD/shim-16.1/Cryptlib/OpenSSL/crypto/asn1 -I/builddir/build/BUILD/shim-16.1/Cryptlib/OpenSSL/crypto/evp -I/builddir/build/BUILD/shim-16.1/Cryptlib/OpenSSL/crypto/modes -I/builddir/build/BUILD/shim-16.1/Cryptlib/OpenSSL/crypto/include -isystem /builddir/build/BUILD/shim-16.1/include/system -isystem /opt/rh/gcc-toolset-12/root/usr/lib/gcc/aarch64-redhat-linux/12/include -DL_ENDIAN -D_CRT_SECURE_NO_DEPRECATE -D_CRT_NONSTDC_NO_DEPRECATE -DOPENSSL_SMALL_FOOTPRINT -DPEDANTIC -DMDE_CPU_AARCH64   -c -o crypto/x509/x509_lu.o /builddir/build/BUILD/shim-16.1/Cryptlib/OpenSSL/crypto/x509/x509_lu.c
DEBUG util.py:463:  gcc -std=gnu11 -ggdb -gdwarf-4 -gstrict-dwarf -ffreestanding -fmacro-prefix-map=/builddir/build/BUILD/shim-16.1/= -fno-stack-protector -fno-strict-aliasing -fpic -fshort-wchar -nostdinc -Os -Wall -Wextra -Wno-missing-field-initializers -Wno-empty-body -Wno-implicit-fallthrough -Wno-old-style-declaration -Wno-unused-but-set-variable -Wno-unused-parameter -Werror -Wno-error=unused-but-set-variable -Wno-error=unused-parameter -I/builddir/build/BUILD/shim-16.1/Cryptlib/OpenSSL -I/builddir/build/BUILD/shim-16.1/Cryptlib -I/builddir/build/BUILD/shim-16.1/Cryptlib/OpenSSL/Include/ -I/builddir/build/BUILD/shim-16.1/Cryptlib/OpenSSL/crypto -I/builddir/build/BUILD/shim-16.1/Cryptlib/Include -I/builddir/build/BUILD/shim-16.1/gnu-efi/inc -I/builddir/build/BUILD/shim-16.1/gnu-efi/inc/aarch64 -I/builddir/build/BUILD/shim-16.1/gnu-efi/inc/protocol -I/builddir/build/BUILD/shim-16.1/Cryptlib/OpenSSL/crypto/asn1 -I/builddir/build/BUILD/shim-16.1/Cryptlib/OpenSSL/crypto/evp -I/builddir/build/BUILD/shim-16.1/Cryptlib/OpenSSL/crypto/modes -I/builddir/build/BUILD/shim-16.1/Cryptlib/OpenSSL/crypto/include -isystem /builddir/build/BUILD/shim-16.1/include/system -isystem /opt/rh/gcc-toolset-12/root/usr/lib/gcc/aarch64-redhat-linux/12/include -DL_ENDIAN -D_CRT_SECURE_NO_DEPRECATE -D_CRT_NONSTDC_NO_DEPRECATE -DOPENSSL_SMALL_FOOTPRINT -DPEDANTIC -DMDE_CPU_AARCH64   -c -o crypto/x509/x_all.o /builddir/build/BUILD/shim-16.1/Cryptlib/OpenSSL/crypto/x509/x_all.c
DEBUG util.py:463:  gcc -std=gnu11 -ggdb -gdwarf-4 -gstrict-dwarf -ffreestanding -fmacro-prefix-map=/builddir/build/BUILD/shim-16.1/= -fno-stack-protector -fno-strict-aliasing -fpic -fshort-wchar -nostdinc -Os -Wall -Wextra -Wno-missing-field-initializers -Wno-empty-body -Wno-implicit-fallthrough -Wno-old-style-declaration -Wno-unused-but-set-variable -Wno-unused-parameter -Werror -Wno-error=unused-but-set-variable -Wno-error=unused-parameter -I/builddir/build/BUILD/shim-16.1/Cryptlib/OpenSSL -I/builddir/build/BUILD/shim-16.1/Cryptlib -I/builddir/build/BUILD/shim-16.1/Cryptlib/OpenSSL/Include/ -I/builddir/build/BUILD/shim-16.1/Cryptlib/OpenSSL/crypto -I/builddir/build/BUILD/shim-16.1/Cryptlib/Include -I/builddir/build/BUILD/shim-16.1/gnu-efi/inc -I/builddir/build/BUILD/shim-16.1/gnu-efi/inc/aarch64 -I/builddir/build/BUILD/shim-16.1/gnu-efi/inc/protocol -I/builddir/build/BUILD/shim-16.1/Cryptlib/OpenSSL/crypto/asn1 -I/builddir/build/BUILD/shim-16.1/Cryptlib/OpenSSL/crypto/evp -I/builddir/build/BUILD/shim-16.1/Cryptlib/OpenSSL/crypto/modes -I/builddir/build/BUILD/shim-16.1/Cryptlib/OpenSSL/crypto/include -isystem /builddir/build/BUILD/shim-16.1/include/system -isystem /opt/rh/gcc-toolset-12/root/usr/lib/gcc/aarch64-redhat-linux/12/include -DL_ENDIAN -D_CRT_SECURE_NO_DEPRECATE -D_CRT_NONSTDC_NO_DEPRECATE -DOPENSSL_SMALL_FOOTPRINT -DPEDANTIC -DMDE_CPU_AARCH64   -c -o crypto/x509/x509_txt.o /builddir/build/BUILD/shim-16.1/Cryptlib/OpenSSL/crypto/x509/x509_txt.c
DEBUG util.py:463:  gcc -std=gnu11 -ggdb -gdwarf-4 -gstrict-dwarf -ffreestanding -fmacro-prefix-map=/builddir/build/BUILD/shim-16.1/= -fno-stack-protector -fno-strict-aliasing -fpic -fshort-wchar -nostdinc -Os -Wall -Wextra -Wno-missing-field-initializers -Wno-empty-body -Wno-implicit-fallthrough -Wno-old-style-declaration -Wno-unused-but-set-variable -Wno-unused-parameter -Werror -Wno-error=unused-but-set-variable -Wno-error=unused-parameter -I/builddir/build/BUILD/shim-16.1/Cryptlib/OpenSSL -I/builddir/build/BUILD/shim-16.1/Cryptlib -I/builddir/build/BUILD/shim-16.1/Cryptlib/OpenSSL/Include/ -I/builddir/build/BUILD/shim-16.1/Cryptlib/OpenSSL/crypto -I/builddir/build/BUILD/shim-16.1/Cryptlib/Include -I/builddir/build/BUILD/shim-16.1/gnu-efi/inc -I/builddir/build/BUILD/shim-16.1/gnu-efi/inc/aarch64 -I/builddir/build/BUILD/shim-16.1/gnu-efi/inc/protocol -I/builddir/build/BUILD/shim-16.1/Cryptlib/OpenSSL/crypto/asn1 -I/builddir/build/BUILD/shim-16.1/Cryptlib/OpenSSL/crypto/evp -I/builddir/build/BUILD/shim-16.1/Cryptlib/OpenSSL/crypto/modes -I/builddir/build/BUILD/shim-16.1/Cryptlib/OpenSSL/crypto/include -isystem /builddir/build/BUILD/shim-16.1/include/system -isystem /opt/rh/gcc-toolset-12/root/usr/lib/gcc/aarch64-redhat-linux/12/include -DL_ENDIAN -D_CRT_SECURE_NO_DEPRECATE -D_CRT_NONSTDC_NO_DEPRECATE -DOPENSSL_SMALL_FOOTPRINT -DPEDANTIC -DMDE_CPU_AARCH64   -c -o crypto/x509/x509_trs.o /builddir/build/BUILD/shim-16.1/Cryptlib/OpenSSL/crypto/x509/x509_trs.c
DEBUG util.py:463:  gcc -std=gnu11 -ggdb -gdwarf-4 -gstrict-dwarf -ffreestanding -fmacro-prefix-map=/builddir/build/BUILD/shim-16.1/= -fno-stack-protector -fno-strict-aliasing -fpic -fshort-wchar -nostdinc -Os -Wall -Wextra -Wno-missing-field-initializers -Wno-empty-body -Wno-implicit-fallthrough -Wno-old-style-declaration -Wno-unused-but-set-variable -Wno-unused-parameter -Werror -Wno-error=unused-but-set-variable -Wno-error=unused-parameter -I/builddir/build/BUILD/shim-16.1/Cryptlib/OpenSSL -I/builddir/build/BUILD/shim-16.1/Cryptlib -I/builddir/build/BUILD/shim-16.1/Cryptlib/OpenSSL/Include/ -I/builddir/build/BUILD/shim-16.1/Cryptlib/OpenSSL/crypto -I/builddir/build/BUILD/shim-16.1/Cryptlib/Include -I/builddir/build/BUILD/shim-16.1/gnu-efi/inc -I/builddir/build/BUILD/shim-16.1/gnu-efi/inc/aarch64 -I/builddir/build/BUILD/shim-16.1/gnu-efi/inc/protocol -I/builddir/build/BUILD/shim-16.1/Cryptlib/OpenSSL/crypto/asn1 -I/builddir/build/BUILD/shim-16.1/Cryptlib/OpenSSL/crypto/evp -I/builddir/build/BUILD/shim-16.1/Cryptlib/OpenSSL/crypto/modes -I/builddir/build/BUILD/shim-16.1/Cryptlib/OpenSSL/crypto/include -isystem /builddir/build/BUILD/shim-16.1/include/system -isystem /opt/rh/gcc-toolset-12/root/usr/lib/gcc/aarch64-redhat-linux/12/include -DL_ENDIAN -D_CRT_SECURE_NO_DEPRECATE -D_CRT_NONSTDC_NO_DEPRECATE -DOPENSSL_SMALL_FOOTPRINT -DPEDANTIC -DMDE_CPU_AARCH64   -c -o crypto/x509/x509_vpm.o /builddir/build/BUILD/shim-16.1/Cryptlib/OpenSSL/crypto/x509/x509_vpm.c
DEBUG util.py:463:  gcc -std=gnu11 -ggdb -gdwarf-4 -gstrict-dwarf -ffreestanding -fmacro-prefix-map=/builddir/build/BUILD/shim-16.1/= -fno-stack-protector -fno-strict-aliasing -fpic -fshort-wchar -nostdinc -Os -Wall -Wextra -Wno-missing-field-initializers -Wno-empty-body -Wno-implicit-fallthrough -Wno-old-style-declaration -Wno-unused-but-set-variable -Wno-unused-parameter -Werror -Wno-error=unused-but-set-variable -Wno-error=unused-parameter -I/builddir/build/BUILD/shim-16.1/Cryptlib/OpenSSL -I/builddir/build/BUILD/shim-16.1/Cryptlib -I/builddir/build/BUILD/shim-16.1/Cryptlib/OpenSSL/Include/ -I/builddir/build/BUILD/shim-16.1/Cryptlib/OpenSSL/crypto -I/builddir/build/BUILD/shim-16.1/Cryptlib/Include -I/builddir/build/BUILD/shim-16.1/gnu-efi/inc -I/builddir/build/BUILD/shim-16.1/gnu-efi/inc/aarch64 -I/builddir/build/BUILD/shim-16.1/gnu-efi/inc/protocol -I/builddir/build/BUILD/shim-16.1/Cryptlib/OpenSSL/crypto/asn1 -I/builddir/build/BUILD/shim-16.1/Cryptlib/OpenSSL/crypto/evp -I/builddir/build/BUILD/shim-16.1/Cryptlib/OpenSSL/crypto/modes -I/builddir/build/BUILD/shim-16.1/Cryptlib/OpenSSL/crypto/include -isystem /builddir/build/BUILD/shim-16.1/include/system -isystem /opt/rh/gcc-toolset-12/root/usr/lib/gcc/aarch64-redhat-linux/12/include -DL_ENDIAN -D_CRT_SECURE_NO_DEPRECATE -D_CRT_NONSTDC_NO_DEPRECATE -DOPENSSL_SMALL_FOOTPRINT -DPEDANTIC -DMDE_CPU_AARCH64   -c -o crypto/x509v3/v3_bcons.o /builddir/build/BUILD/shim-16.1/Cryptlib/OpenSSL/crypto/x509v3/v3_bcons.c
DEBUG util.py:463:  gcc -std=gnu11 -ggdb -gdwarf-4 -gstrict-dwarf -ffreestanding -fmacro-prefix-map=/builddir/build/BUILD/shim-16.1/= -fno-stack-protector -fno-strict-aliasing -fpic -fshort-wchar -nostdinc -Os -Wall -Wextra -Wno-missing-field-initializers -Wno-empty-body -Wno-implicit-fallthrough -Wno-old-style-declaration -Wno-unused-but-set-variable -Wno-unused-parameter -Werror -Wno-error=unused-but-set-variable -Wno-error=unused-parameter -I/builddir/build/BUILD/shim-16.1/Cryptlib/OpenSSL -I/builddir/build/BUILD/shim-16.1/Cryptlib -I/builddir/build/BUILD/shim-16.1/Cryptlib/OpenSSL/Include/ -I/builddir/build/BUILD/shim-16.1/Cryptlib/OpenSSL/crypto -I/builddir/build/BUILD/shim-16.1/Cryptlib/Include -I/builddir/build/BUILD/shim-16.1/gnu-efi/inc -I/builddir/build/BUILD/shim-16.1/gnu-efi/inc/aarch64 -I/builddir/build/BUILD/shim-16.1/gnu-efi/inc/protocol -I/builddir/build/BUILD/shim-16.1/Cryptlib/OpenSSL/crypto/asn1 -I/builddir/build/BUILD/shim-16.1/Cryptlib/OpenSSL/crypto/evp -I/builddir/build/BUILD/shim-16.1/Cryptlib/OpenSSL/crypto/modes -I/builddir/build/BUILD/shim-16.1/Cryptlib/OpenSSL/crypto/include -isystem /builddir/build/BUILD/shim-16.1/include/system -isystem /opt/rh/gcc-toolset-12/root/usr/lib/gcc/aarch64-redhat-linux/12/include -DL_ENDIAN -D_CRT_SECURE_NO_DEPRECATE -D_CRT_NONSTDC_NO_DEPRECATE -DOPENSSL_SMALL_FOOTPRINT -DPEDANTIC -DMDE_CPU_AARCH64   -c -o crypto/x509v3/v3_bitst.o /builddir/build/BUILD/shim-16.1/Cryptlib/OpenSSL/crypto/x509v3/v3_bitst.c
DEBUG util.py:463:  gcc -std=gnu11 -ggdb -gdwarf-4 -gstrict-dwarf -ffreestanding -fmacro-prefix-map=/builddir/build/BUILD/shim-16.1/= -fno-stack-protector -fno-strict-aliasing -fpic -fshort-wchar -nostdinc -Os -Wall -Wextra -Wno-missing-field-initializers -Wno-empty-body -Wno-implicit-fallthrough -Wno-old-style-declaration -Wno-unused-but-set-variable -Wno-unused-parameter -Werror -Wno-error=unused-but-set-variable -Wno-error=unused-parameter -I/builddir/build/BUILD/shim-16.1/Cryptlib/OpenSSL -I/builddir/build/BUILD/shim-16.1/Cryptlib -I/builddir/build/BUILD/shim-16.1/Cryptlib/OpenSSL/Include/ -I/builddir/build/BUILD/shim-16.1/Cryptlib/OpenSSL/crypto -I/builddir/build/BUILD/shim-16.1/Cryptlib/Include -I/builddir/build/BUILD/shim-16.1/gnu-efi/inc -I/builddir/build/BUILD/shim-16.1/gnu-efi/inc/aarch64 -I/builddir/build/BUILD/shim-16.1/gnu-efi/inc/protocol -I/builddir/build/BUILD/shim-16.1/Cryptlib/OpenSSL/crypto/asn1 -I/builddir/build/BUILD/shim-16.1/Cryptlib/OpenSSL/crypto/evp -I/builddir/build/BUILD/shim-16.1/Cryptlib/OpenSSL/crypto/modes -I/builddir/build/BUILD/shim-16.1/Cryptlib/OpenSSL/crypto/include -isystem /builddir/build/BUILD/shim-16.1/include/system -isystem /opt/rh/gcc-toolset-12/root/usr/lib/gcc/aarch64-redhat-linux/12/include -DL_ENDIAN -D_CRT_SECURE_NO_DEPRECATE -D_CRT_NONSTDC_NO_DEPRECATE -DOPENSSL_SMALL_FOOTPRINT -DPEDANTIC -DMDE_CPU_AARCH64   -c -o crypto/x509v3/v3_conf.o /builddir/build/BUILD/shim-16.1/Cryptlib/OpenSSL/crypto/x509v3/v3_conf.c
DEBUG util.py:463:  gcc -std=gnu11 -ggdb -gdwarf-4 -gstrict-dwarf -ffreestanding -fmacro-prefix-map=/builddir/build/BUILD/shim-16.1/= -fno-stack-protector -fno-strict-aliasing -fpic -fshort-wchar -nostdinc -Os -Wall -Wextra -Wno-missing-field-initializers -Wno-empty-body -Wno-implicit-fallthrough -Wno-old-style-declaration -Wno-unused-but-set-variable -Wno-unused-parameter -Werror -Wno-error=unused-but-set-variable -Wno-error=unused-parameter -I/builddir/build/BUILD/shim-16.1/Cryptlib/OpenSSL -I/builddir/build/BUILD/shim-16.1/Cryptlib -I/builddir/build/BUILD/shim-16.1/Cryptlib/OpenSSL/Include/ -I/builddir/build/BUILD/shim-16.1/Cryptlib/OpenSSL/crypto -I/builddir/build/BUILD/shim-16.1/Cryptlib/Include -I/builddir/build/BUILD/shim-16.1/gnu-efi/inc -I/builddir/build/BUILD/shim-16.1/gnu-efi/inc/aarch64 -I/builddir/build/BUILD/shim-16.1/gnu-efi/inc/protocol -I/builddir/build/BUILD/shim-16.1/Cryptlib/OpenSSL/crypto/asn1 -I/builddir/build/BUILD/shim-16.1/Cryptlib/OpenSSL/crypto/evp -I/builddir/build/BUILD/shim-16.1/Cryptlib/OpenSSL/crypto/modes -I/builddir/build/BUILD/shim-16.1/Cryptlib/OpenSSL/crypto/include -isystem /builddir/build/BUILD/shim-16.1/include/system -isystem /opt/rh/gcc-toolset-12/root/usr/lib/gcc/aarch64-redhat-linux/12/include -DL_ENDIAN -D_CRT_SECURE_NO_DEPRECATE -D_CRT_NONSTDC_NO_DEPRECATE -DOPENSSL_SMALL_FOOTPRINT -DPEDANTIC -DMDE_CPU_AARCH64   -c -o crypto/x509v3/v3_extku.o /builddir/build/BUILD/shim-16.1/Cryptlib/OpenSSL/crypto/x509v3/v3_extku.c
DEBUG util.py:463:  gcc -std=gnu11 -ggdb -gdwarf-4 -gstrict-dwarf -ffreestanding -fmacro-prefix-map=/builddir/build/BUILD/shim-16.1/= -fno-stack-protector -fno-strict-aliasing -fpic -fshort-wchar -nostdinc -Os -Wall -Wextra -Wno-missing-field-initializers -Wno-empty-body -Wno-implicit-fallthrough -Wno-old-style-declaration -Wno-unused-but-set-variable -Wno-unused-parameter -Werror -Wno-error=unused-but-set-variable -Wno-error=unused-parameter -I/builddir/build/BUILD/shim-16.1/Cryptlib/OpenSSL -I/builddir/build/BUILD/shim-16.1/Cryptlib -I/builddir/build/BUILD/shim-16.1/Cryptlib/OpenSSL/Include/ -I/builddir/build/BUILD/shim-16.1/Cryptlib/OpenSSL/crypto -I/builddir/build/BUILD/shim-16.1/Cryptlib/Include -I/builddir/build/BUILD/shim-16.1/gnu-efi/inc -I/builddir/build/BUILD/shim-16.1/gnu-efi/inc/aarch64 -I/builddir/build/BUILD/shim-16.1/gnu-efi/inc/protocol -I/builddir/build/BUILD/shim-16.1/Cryptlib/OpenSSL/crypto/asn1 -I/builddir/build/BUILD/shim-16.1/Cryptlib/OpenSSL/crypto/evp -I/builddir/build/BUILD/shim-16.1/Cryptlib/OpenSSL/crypto/modes -I/builddir/build/BUILD/shim-16.1/Cryptlib/OpenSSL/crypto/include -isystem /builddir/build/BUILD/shim-16.1/include/system -isystem /opt/rh/gcc-toolset-12/root/usr/lib/gcc/aarch64-redhat-linux/12/include -DL_ENDIAN -D_CRT_SECURE_NO_DEPRECATE -D_CRT_NONSTDC_NO_DEPRECATE -DOPENSSL_SMALL_FOOTPRINT -DPEDANTIC -DMDE_CPU_AARCH64   -c -o crypto/x509v3/v3_ia5.o /builddir/build/BUILD/shim-16.1/Cryptlib/OpenSSL/crypto/x509v3/v3_ia5.c
DEBUG util.py:463:  gcc -std=gnu11 -ggdb -gdwarf-4 -gstrict-dwarf -ffreestanding -fmacro-prefix-map=/builddir/build/BUILD/shim-16.1/= -fno-stack-protector -fno-strict-aliasing -fpic -fshort-wchar -nostdinc -Os -Wall -Wextra -Wno-missing-field-initializers -Wno-empty-body -Wno-implicit-fallthrough -Wno-old-style-declaration -Wno-unused-but-set-variable -Wno-unused-parameter -Werror -Wno-error=unused-but-set-variable -Wno-error=unused-parameter -I/builddir/build/BUILD/shim-16.1/Cryptlib/OpenSSL -I/builddir/build/BUILD/shim-16.1/Cryptlib -I/builddir/build/BUILD/shim-16.1/Cryptlib/OpenSSL/Include/ -I/builddir/build/BUILD/shim-16.1/Cryptlib/OpenSSL/crypto -I/builddir/build/BUILD/shim-16.1/Cryptlib/Include -I/builddir/build/BUILD/shim-16.1/gnu-efi/inc -I/builddir/build/BUILD/shim-16.1/gnu-efi/inc/aarch64 -I/builddir/build/BUILD/shim-16.1/gnu-efi/inc/protocol -I/builddir/build/BUILD/shim-16.1/Cryptlib/OpenSSL/crypto/asn1 -I/builddir/build/BUILD/shim-16.1/Cryptlib/OpenSSL/crypto/evp -I/builddir/build/BUILD/shim-16.1/Cryptlib/OpenSSL/crypto/modes -I/builddir/build/BUILD/shim-16.1/Cryptlib/OpenSSL/crypto/include -isystem /builddir/build/BUILD/shim-16.1/include/system -isystem /opt/rh/gcc-toolset-12/root/usr/lib/gcc/aarch64-redhat-linux/12/include -DL_ENDIAN -D_CRT_SECURE_NO_DEPRECATE -D_CRT_NONSTDC_NO_DEPRECATE -DOPENSSL_SMALL_FOOTPRINT -DPEDANTIC -DMDE_CPU_AARCH64   -c -o crypto/x509v3/v3_lib.o /builddir/build/BUILD/shim-16.1/Cryptlib/OpenSSL/crypto/x509v3/v3_lib.c
DEBUG util.py:463:  gcc -std=gnu11 -ggdb -gdwarf-4 -gstrict-dwarf -ffreestanding -fmacro-prefix-map=/builddir/build/BUILD/shim-16.1/= -fno-stack-protector -fno-strict-aliasing -fpic -fshort-wchar -nostdinc -Os -Wall -Wextra -Wno-missing-field-initializers -Wno-empty-body -Wno-implicit-fallthrough -Wno-old-style-declaration -Wno-unused-but-set-variable -Wno-unused-parameter -Werror -Wno-error=unused-but-set-variable -Wno-error=unused-parameter -I/builddir/build/BUILD/shim-16.1/Cryptlib/OpenSSL -I/builddir/build/BUILD/shim-16.1/Cryptlib -I/builddir/build/BUILD/shim-16.1/Cryptlib/OpenSSL/Include/ -I/builddir/build/BUILD/shim-16.1/Cryptlib/OpenSSL/crypto -I/builddir/build/BUILD/shim-16.1/Cryptlib/Include -I/builddir/build/BUILD/shim-16.1/gnu-efi/inc -I/builddir/build/BUILD/shim-16.1/gnu-efi/inc/aarch64 -I/builddir/build/BUILD/shim-16.1/gnu-efi/inc/protocol -I/builddir/build/BUILD/shim-16.1/Cryptlib/OpenSSL/crypto/asn1 -I/builddir/build/BUILD/shim-16.1/Cryptlib/OpenSSL/crypto/evp -I/builddir/build/BUILD/shim-16.1/Cryptlib/OpenSSL/crypto/modes -I/builddir/build/BUILD/shim-16.1/Cryptlib/OpenSSL/crypto/include -isystem /builddir/build/BUILD/shim-16.1/include/system -isystem /opt/rh/gcc-toolset-12/root/usr/lib/gcc/aarch64-redhat-linux/12/include -DL_ENDIAN -D_CRT_SECURE_NO_DEPRECATE -D_CRT_NONSTDC_NO_DEPRECATE -DOPENSSL_SMALL_FOOTPRINT -DPEDANTIC -DMDE_CPU_AARCH64   -c -o crypto/x509v3/v3_prn.o /builddir/build/BUILD/shim-16.1/Cryptlib/OpenSSL/crypto/x509v3/v3_prn.c
DEBUG util.py:463:  gcc -std=gnu11 -ggdb -gdwarf-4 -gstrict-dwarf -ffreestanding -fmacro-prefix-map=/builddir/build/BUILD/shim-16.1/= -fno-stack-protector -fno-strict-aliasing -fpic -fshort-wchar -nostdinc -Os -Wall -Wextra -Wno-missing-field-initializers -Wno-empty-body -Wno-implicit-fallthrough -Wno-old-style-declaration -Wno-unused-but-set-variable -Wno-unused-parameter -Werror -Wno-error=unused-but-set-variable -Wno-error=unused-parameter -I/builddir/build/BUILD/shim-16.1/Cryptlib/OpenSSL -I/builddir/build/BUILD/shim-16.1/Cryptlib -I/builddir/build/BUILD/shim-16.1/Cryptlib/OpenSSL/Include/ -I/builddir/build/BUILD/shim-16.1/Cryptlib/OpenSSL/crypto -I/builddir/build/BUILD/shim-16.1/Cryptlib/Include -I/builddir/build/BUILD/shim-16.1/gnu-efi/inc -I/builddir/build/BUILD/shim-16.1/gnu-efi/inc/aarch64 -I/builddir/build/BUILD/shim-16.1/gnu-efi/inc/protocol -I/builddir/build/BUILD/shim-16.1/Cryptlib/OpenSSL/crypto/asn1 -I/builddir/build/BUILD/shim-16.1/Cryptlib/OpenSSL/crypto/evp -I/builddir/build/BUILD/shim-16.1/Cryptlib/OpenSSL/crypto/modes -I/builddir/build/BUILD/shim-16.1/Cryptlib/OpenSSL/crypto/include -isystem /builddir/build/BUILD/shim-16.1/include/system -isystem /opt/rh/gcc-toolset-12/root/usr/lib/gcc/aarch64-redhat-linux/12/include -DL_ENDIAN -D_CRT_SECURE_NO_DEPRECATE -D_CRT_NONSTDC_NO_DEPRECATE -DOPENSSL_SMALL_FOOTPRINT -DPEDANTIC -DMDE_CPU_AARCH64   -c -o crypto/x509v3/v3_utl.o /builddir/build/BUILD/shim-16.1/Cryptlib/OpenSSL/crypto/x509v3/v3_utl.c
DEBUG util.py:463:  gcc -std=gnu11 -ggdb -gdwarf-4 -gstrict-dwarf -ffreestanding -fmacro-prefix-map=/builddir/build/BUILD/shim-16.1/= -fno-stack-protector -fno-strict-aliasing -fpic -fshort-wchar -nostdinc -Os -Wall -Wextra -Wno-missing-field-initializers -Wno-empty-body -Wno-implicit-fallthrough -Wno-old-style-declaration -Wno-unused-but-set-variable -Wno-unused-parameter -Werror -Wno-error=unused-but-set-variable -Wno-error=unused-parameter -I/builddir/build/BUILD/shim-16.1/Cryptlib/OpenSSL -I/builddir/build/BUILD/shim-16.1/Cryptlib -I/builddir/build/BUILD/shim-16.1/Cryptlib/OpenSSL/Include/ -I/builddir/build/BUILD/shim-16.1/Cryptlib/OpenSSL/crypto -I/builddir/build/BUILD/shim-16.1/Cryptlib/Include -I/builddir/build/BUILD/shim-16.1/gnu-efi/inc -I/builddir/build/BUILD/shim-16.1/gnu-efi/inc/aarch64 -I/builddir/build/BUILD/shim-16.1/gnu-efi/inc/protocol -I/builddir/build/BUILD/shim-16.1/Cryptlib/OpenSSL/crypto/asn1 -I/builddir/build/BUILD/shim-16.1/Cryptlib/OpenSSL/crypto/evp -I/builddir/build/BUILD/shim-16.1/Cryptlib/OpenSSL/crypto/modes -I/builddir/build/BUILD/shim-16.1/Cryptlib/OpenSSL/crypto/include -isystem /builddir/build/BUILD/shim-16.1/include/system -isystem /opt/rh/gcc-toolset-12/root/usr/lib/gcc/aarch64-redhat-linux/12/include -DL_ENDIAN -D_CRT_SECURE_NO_DEPRECATE -D_CRT_NONSTDC_NO_DEPRECATE -DOPENSSL_SMALL_FOOTPRINT -DPEDANTIC -DMDE_CPU_AARCH64   -c -o crypto/x509v3/v3err.o /builddir/build/BUILD/shim-16.1/Cryptlib/OpenSSL/crypto/x509v3/v3err.c
DEBUG util.py:463:  gcc -std=gnu11 -ggdb -gdwarf-4 -gstrict-dwarf -ffreestanding -fmacro-prefix-map=/builddir/build/BUILD/shim-16.1/= -fno-stack-protector -fno-strict-aliasing -fpic -fshort-wchar -nostdinc -Os -Wall -Wextra -Wno-missing-field-initializers -Wno-empty-body -Wno-implicit-fallthrough -Wno-old-style-declaration -Wno-unused-but-set-variable -Wno-unused-parameter -Werror -Wno-error=unused-but-set-variable -Wno-error=unused-parameter -I/builddir/build/BUILD/shim-16.1/Cryptlib/OpenSSL -I/builddir/build/BUILD/shim-16.1/Cryptlib -I/builddir/build/BUILD/shim-16.1/Cryptlib/OpenSSL/Include/ -I/builddir/build/BUILD/shim-16.1/Cryptlib/OpenSSL/crypto -I/builddir/build/BUILD/shim-16.1/Cryptlib/Include -I/builddir/build/BUILD/shim-16.1/gnu-efi/inc -I/builddir/build/BUILD/shim-16.1/gnu-efi/inc/aarch64 -I/builddir/build/BUILD/shim-16.1/gnu-efi/inc/protocol -I/builddir/build/BUILD/shim-16.1/Cryptlib/OpenSSL/crypto/asn1 -I/builddir/build/BUILD/shim-16.1/Cryptlib/OpenSSL/crypto/evp -I/builddir/build/BUILD/shim-16.1/Cryptlib/OpenSSL/crypto/modes -I/builddir/build/BUILD/shim-16.1/Cryptlib/OpenSSL/crypto/include -isystem /builddir/build/BUILD/shim-16.1/include/system -isystem /opt/rh/gcc-toolset-12/root/usr/lib/gcc/aarch64-redhat-linux/12/include -DL_ENDIAN -D_CRT_SECURE_NO_DEPRECATE -D_CRT_NONSTDC_NO_DEPRECATE -DOPENSSL_SMALL_FOOTPRINT -DPEDANTIC -DMDE_CPU_AARCH64   -c -o crypto/x509v3/v3_genn.o /builddir/build/BUILD/shim-16.1/Cryptlib/OpenSSL/crypto/x509v3/v3_genn.c
DEBUG util.py:463:  gcc -std=gnu11 -ggdb -gdwarf-4 -gstrict-dwarf -ffreestanding -fmacro-prefix-map=/builddir/build/BUILD/shim-16.1/= -fno-stack-protector -fno-strict-aliasing -fpic -fshort-wchar -nostdinc -Os -Wall -Wextra -Wno-missing-field-initializers -Wno-empty-body -Wno-implicit-fallthrough -Wno-old-style-declaration -Wno-unused-but-set-variable -Wno-unused-parameter -Werror -Wno-error=unused-but-set-variable -Wno-error=unused-parameter -I/builddir/build/BUILD/shim-16.1/Cryptlib/OpenSSL -I/builddir/build/BUILD/shim-16.1/Cryptlib -I/builddir/build/BUILD/shim-16.1/Cryptlib/OpenSSL/Include/ -I/builddir/build/BUILD/shim-16.1/Cryptlib/OpenSSL/crypto -I/builddir/build/BUILD/shim-16.1/Cryptlib/Include -I/builddir/build/BUILD/shim-16.1/gnu-efi/inc -I/builddir/build/BUILD/shim-16.1/gnu-efi/inc/aarch64 -I/builddir/build/BUILD/shim-16.1/gnu-efi/inc/protocol -I/builddir/build/BUILD/shim-16.1/Cryptlib/OpenSSL/crypto/asn1 -I/builddir/build/BUILD/shim-16.1/Cryptlib/OpenSSL/crypto/evp -I/builddir/build/BUILD/shim-16.1/Cryptlib/OpenSSL/crypto/modes -I/builddir/build/BUILD/shim-16.1/Cryptlib/OpenSSL/crypto/include -isystem /builddir/build/BUILD/shim-16.1/include/system -isystem /opt/rh/gcc-toolset-12/root/usr/lib/gcc/aarch64-redhat-linux/12/include -DL_ENDIAN -D_CRT_SECURE_NO_DEPRECATE -D_CRT_NONSTDC_NO_DEPRECATE -DOPENSSL_SMALL_FOOTPRINT -DPEDANTIC -DMDE_CPU_AARCH64   -c -o crypto/x509v3/v3_alt.o /builddir/build/BUILD/shim-16.1/Cryptlib/OpenSSL/crypto/x509v3/v3_alt.c
DEBUG util.py:463:  gcc -std=gnu11 -ggdb -gdwarf-4 -gstrict-dwarf -ffreestanding -fmacro-prefix-map=/builddir/build/BUILD/shim-16.1/= -fno-stack-protector -fno-strict-aliasing -fpic -fshort-wchar -nostdinc -Os -Wall -Wextra -Wno-missing-field-initializers -Wno-empty-body -Wno-implicit-fallthrough -Wno-old-style-declaration -Wno-unused-but-set-variable -Wno-unused-parameter -Werror -Wno-error=unused-but-set-variable -Wno-error=unused-parameter -I/builddir/build/BUILD/shim-16.1/Cryptlib/OpenSSL -I/builddir/build/BUILD/shim-16.1/Cryptlib -I/builddir/build/BUILD/shim-16.1/Cryptlib/OpenSSL/Include/ -I/builddir/build/BUILD/shim-16.1/Cryptlib/OpenSSL/crypto -I/builddir/build/BUILD/shim-16.1/Cryptlib/Include -I/builddir/build/BUILD/shim-16.1/gnu-efi/inc -I/builddir/build/BUILD/shim-16.1/gnu-efi/inc/aarch64 -I/builddir/build/BUILD/shim-16.1/gnu-efi/inc/protocol -I/builddir/build/BUILD/shim-16.1/Cryptlib/OpenSSL/crypto/asn1 -I/builddir/build/BUILD/shim-16.1/Cryptlib/OpenSSL/crypto/evp -I/builddir/build/BUILD/shim-16.1/Cryptlib/OpenSSL/crypto/modes -I/builddir/build/BUILD/shim-16.1/Cryptlib/OpenSSL/crypto/include -isystem /builddir/build/BUILD/shim-16.1/include/system -isystem /opt/rh/gcc-toolset-12/root/usr/lib/gcc/aarch64-redhat-linux/12/include -DL_ENDIAN -D_CRT_SECURE_NO_DEPRECATE -D_CRT_NONSTDC_NO_DEPRECATE -DOPENSSL_SMALL_FOOTPRINT -DPEDANTIC -DMDE_CPU_AARCH64   -c -o crypto/x509v3/v3_skey.o /builddir/build/BUILD/shim-16.1/Cryptlib/OpenSSL/crypto/x509v3/v3_skey.c
DEBUG util.py:463:  gcc -std=gnu11 -ggdb -gdwarf-4 -gstrict-dwarf -ffreestanding -fmacro-prefix-map=/builddir/build/BUILD/shim-16.1/= -fno-stack-protector -fno-strict-aliasing -fpic -fshort-wchar -nostdinc -Os -Wall -Wextra -Wno-missing-field-initializers -Wno-empty-body -Wno-implicit-fallthrough -Wno-old-style-declaration -Wno-unused-but-set-variable -Wno-unused-parameter -Werror -Wno-error=unused-but-set-variable -Wno-error=unused-parameter -I/builddir/build/BUILD/shim-16.1/Cryptlib/OpenSSL -I/builddir/build/BUILD/shim-16.1/Cryptlib -I/builddir/build/BUILD/shim-16.1/Cryptlib/OpenSSL/Include/ -I/builddir/build/BUILD/shim-16.1/Cryptlib/OpenSSL/crypto -I/builddir/build/BUILD/shim-16.1/Cryptlib/Include -I/builddir/build/BUILD/shim-16.1/gnu-efi/inc -I/builddir/build/BUILD/shim-16.1/gnu-efi/inc/aarch64 -I/builddir/build/BUILD/shim-16.1/gnu-efi/inc/protocol -I/builddir/build/BUILD/shim-16.1/Cryptlib/OpenSSL/crypto/asn1 -I/builddir/build/BUILD/shim-16.1/Cryptlib/OpenSSL/crypto/evp -I/builddir/build/BUILD/shim-16.1/Cryptlib/OpenSSL/crypto/modes -I/builddir/build/BUILD/shim-16.1/Cryptlib/OpenSSL/crypto/include -isystem /builddir/build/BUILD/shim-16.1/include/system -isystem /opt/rh/gcc-toolset-12/root/usr/lib/gcc/aarch64-redhat-linux/12/include -DL_ENDIAN -D_CRT_SECURE_NO_DEPRECATE -D_CRT_NONSTDC_NO_DEPRECATE -DOPENSSL_SMALL_FOOTPRINT -DPEDANTIC -DMDE_CPU_AARCH64   -c -o crypto/x509v3/v3_akey.o /builddir/build/BUILD/shim-16.1/Cryptlib/OpenSSL/crypto/x509v3/v3_akey.c
DEBUG util.py:463:  gcc -std=gnu11 -ggdb -gdwarf-4 -gstrict-dwarf -ffreestanding -fmacro-prefix-map=/builddir/build/BUILD/shim-16.1/= -fno-stack-protector -fno-strict-aliasing -fpic -fshort-wchar -nostdinc -Os -Wall -Wextra -Wno-missing-field-initializers -Wno-empty-body -Wno-implicit-fallthrough -Wno-old-style-declaration -Wno-unused-but-set-variable -Wno-unused-parameter -Werror -Wno-error=unused-but-set-variable -Wno-error=unused-parameter -I/builddir/build/BUILD/shim-16.1/Cryptlib/OpenSSL -I/builddir/build/BUILD/shim-16.1/Cryptlib -I/builddir/build/BUILD/shim-16.1/Cryptlib/OpenSSL/Include/ -I/builddir/build/BUILD/shim-16.1/Cryptlib/OpenSSL/crypto -I/builddir/build/BUILD/shim-16.1/Cryptlib/Include -I/builddir/build/BUILD/shim-16.1/gnu-efi/inc -I/builddir/build/BUILD/shim-16.1/gnu-efi/inc/aarch64 -I/builddir/build/BUILD/shim-16.1/gnu-efi/inc/protocol -I/builddir/build/BUILD/shim-16.1/Cryptlib/OpenSSL/crypto/asn1 -I/builddir/build/BUILD/shim-16.1/Cryptlib/OpenSSL/crypto/evp -I/builddir/build/BUILD/shim-16.1/Cryptlib/OpenSSL/crypto/modes -I/builddir/build/BUILD/shim-16.1/Cryptlib/OpenSSL/crypto/include -isystem /builddir/build/BUILD/shim-16.1/include/system -isystem /opt/rh/gcc-toolset-12/root/usr/lib/gcc/aarch64-redhat-linux/12/include -DL_ENDIAN -D_CRT_SECURE_NO_DEPRECATE -D_CRT_NONSTDC_NO_DEPRECATE -DOPENSSL_SMALL_FOOTPRINT -DPEDANTIC -DMDE_CPU_AARCH64   -c -o crypto/x509v3/v3_pku.o /builddir/build/BUILD/shim-16.1/Cryptlib/OpenSSL/crypto/x509v3/v3_pku.c
DEBUG util.py:463:  gcc -std=gnu11 -ggdb -gdwarf-4 -gstrict-dwarf -ffreestanding -fmacro-prefix-map=/builddir/build/BUILD/shim-16.1/= -fno-stack-protector -fno-strict-aliasing -fpic -fshort-wchar -nostdinc -Os -Wall -Wextra -Wno-missing-field-initializers -Wno-empty-body -Wno-implicit-fallthrough -Wno-old-style-declaration -Wno-unused-but-set-variable -Wno-unused-parameter -Werror -Wno-error=unused-but-set-variable -Wno-error=unused-parameter -I/builddir/build/BUILD/shim-16.1/Cryptlib/OpenSSL -I/builddir/build/BUILD/shim-16.1/Cryptlib -I/builddir/build/BUILD/shim-16.1/Cryptlib/OpenSSL/Include/ -I/builddir/build/BUILD/shim-16.1/Cryptlib/OpenSSL/crypto -I/builddir/build/BUILD/shim-16.1/Cryptlib/Include -I/builddir/build/BUILD/shim-16.1/gnu-efi/inc -I/builddir/build/BUILD/shim-16.1/gnu-efi/inc/aarch64 -I/builddir/build/BUILD/shim-16.1/gnu-efi/inc/protocol -I/builddir/build/BUILD/shim-16.1/Cryptlib/OpenSSL/crypto/asn1 -I/builddir/build/BUILD/shim-16.1/Cryptlib/OpenSSL/crypto/evp -I/builddir/build/BUILD/shim-16.1/Cryptlib/OpenSSL/crypto/modes -I/builddir/build/BUILD/shim-16.1/Cryptlib/OpenSSL/crypto/include -isystem /builddir/build/BUILD/shim-16.1/include/system -isystem /opt/rh/gcc-toolset-12/root/usr/lib/gcc/aarch64-redhat-linux/12/include -DL_ENDIAN -D_CRT_SECURE_NO_DEPRECATE -D_CRT_NONSTDC_NO_DEPRECATE -DOPENSSL_SMALL_FOOTPRINT -DPEDANTIC -DMDE_CPU_AARCH64   -c -o crypto/x509v3/v3_int.o /builddir/build/BUILD/shim-16.1/Cryptlib/OpenSSL/crypto/x509v3/v3_int.c
DEBUG util.py:463:  gcc -std=gnu11 -ggdb -gdwarf-4 -gstrict-dwarf -ffreestanding -fmacro-prefix-map=/builddir/build/BUILD/shim-16.1/= -fno-stack-protector -fno-strict-aliasing -fpic -fshort-wchar -nostdinc -Os -Wall -Wextra -Wno-missing-field-initializers -Wno-empty-body -Wno-implicit-fallthrough -Wno-old-style-declaration -Wno-unused-but-set-variable -Wno-unused-parameter -Werror -Wno-error=unused-but-set-variable -Wno-error=unused-parameter -I/builddir/build/BUILD/shim-16.1/Cryptlib/OpenSSL -I/builddir/build/BUILD/shim-16.1/Cryptlib -I/builddir/build/BUILD/shim-16.1/Cryptlib/OpenSSL/Include/ -I/builddir/build/BUILD/shim-16.1/Cryptlib/OpenSSL/crypto -I/builddir/build/BUILD/shim-16.1/Cryptlib/Include -I/builddir/build/BUILD/shim-16.1/gnu-efi/inc -I/builddir/build/BUILD/shim-16.1/gnu-efi/inc/aarch64 -I/builddir/build/BUILD/shim-16.1/gnu-efi/inc/protocol -I/builddir/build/BUILD/shim-16.1/Cryptlib/OpenSSL/crypto/asn1 -I/builddir/build/BUILD/shim-16.1/Cryptlib/OpenSSL/crypto/evp -I/builddir/build/BUILD/shim-16.1/Cryptlib/OpenSSL/crypto/modes -I/builddir/build/BUILD/shim-16.1/Cryptlib/OpenSSL/crypto/include -isystem /builddir/build/BUILD/shim-16.1/include/system -isystem /opt/rh/gcc-toolset-12/root/usr/lib/gcc/aarch64-redhat-linux/12/include -DL_ENDIAN -D_CRT_SECURE_NO_DEPRECATE -D_CRT_NONSTDC_NO_DEPRECATE -DOPENSSL_SMALL_FOOTPRINT -DPEDANTIC -DMDE_CPU_AARCH64   -c -o crypto/x509v3/v3_enum.o /builddir/build/BUILD/shim-16.1/Cryptlib/OpenSSL/crypto/x509v3/v3_enum.c
DEBUG util.py:463:  gcc -std=gnu11 -ggdb -gdwarf-4 -gstrict-dwarf -ffreestanding -fmacro-prefix-map=/builddir/build/BUILD/shim-16.1/= -fno-stack-protector -fno-strict-aliasing -fpic -fshort-wchar -nostdinc -Os -Wall -Wextra -Wno-missing-field-initializers -Wno-empty-body -Wno-implicit-fallthrough -Wno-old-style-declaration -Wno-unused-but-set-variable -Wno-unused-parameter -Werror -Wno-error=unused-but-set-variable -Wno-error=unused-parameter -I/builddir/build/BUILD/shim-16.1/Cryptlib/OpenSSL -I/builddir/build/BUILD/shim-16.1/Cryptlib -I/builddir/build/BUILD/shim-16.1/Cryptlib/OpenSSL/Include/ -I/builddir/build/BUILD/shim-16.1/Cryptlib/OpenSSL/crypto -I/builddir/build/BUILD/shim-16.1/Cryptlib/Include -I/builddir/build/BUILD/shim-16.1/gnu-efi/inc -I/builddir/build/BUILD/shim-16.1/gnu-efi/inc/aarch64 -I/builddir/build/BUILD/shim-16.1/gnu-efi/inc/protocol -I/builddir/build/BUILD/shim-16.1/Cryptlib/OpenSSL/crypto/asn1 -I/builddir/build/BUILD/shim-16.1/Cryptlib/OpenSSL/crypto/evp -I/builddir/build/BUILD/shim-16.1/Cryptlib/OpenSSL/crypto/modes -I/builddir/build/BUILD/shim-16.1/Cryptlib/OpenSSL/crypto/include -isystem /builddir/build/BUILD/shim-16.1/include/system -isystem /opt/rh/gcc-toolset-12/root/usr/lib/gcc/aarch64-redhat-linux/12/include -DL_ENDIAN -D_CRT_SECURE_NO_DEPRECATE -D_CRT_NONSTDC_NO_DEPRECATE -DOPENSSL_SMALL_FOOTPRINT -DPEDANTIC -DMDE_CPU_AARCH64   -c -o crypto/x509v3/v3_sxnet.o /builddir/build/BUILD/shim-16.1/Cryptlib/OpenSSL/crypto/x509v3/v3_sxnet.c
DEBUG util.py:463:  gcc -std=gnu11 -ggdb -gdwarf-4 -gstrict-dwarf -ffreestanding -fmacro-prefix-map=/builddir/build/BUILD/shim-16.1/= -fno-stack-protector -fno-strict-aliasing -fpic -fshort-wchar -nostdinc -Os -Wall -Wextra -Wno-missing-field-initializers -Wno-empty-body -Wno-implicit-fallthrough -Wno-old-style-declaration -Wno-unused-but-set-variable -Wno-unused-parameter -Werror -Wno-error=unused-but-set-variable -Wno-error=unused-parameter -I/builddir/build/BUILD/shim-16.1/Cryptlib/OpenSSL -I/builddir/build/BUILD/shim-16.1/Cryptlib -I/builddir/build/BUILD/shim-16.1/Cryptlib/OpenSSL/Include/ -I/builddir/build/BUILD/shim-16.1/Cryptlib/OpenSSL/crypto -I/builddir/build/BUILD/shim-16.1/Cryptlib/Include -I/builddir/build/BUILD/shim-16.1/gnu-efi/inc -I/builddir/build/BUILD/shim-16.1/gnu-efi/inc/aarch64 -I/builddir/build/BUILD/shim-16.1/gnu-efi/inc/protocol -I/builddir/build/BUILD/shim-16.1/Cryptlib/OpenSSL/crypto/asn1 -I/builddir/build/BUILD/shim-16.1/Cryptlib/OpenSSL/crypto/evp -I/builddir/build/BUILD/shim-16.1/Cryptlib/OpenSSL/crypto/modes -I/builddir/build/BUILD/shim-16.1/Cryptlib/OpenSSL/crypto/include -isystem /builddir/build/BUILD/shim-16.1/include/system -isystem /opt/rh/gcc-toolset-12/root/usr/lib/gcc/aarch64-redhat-linux/12/include -DL_ENDIAN -D_CRT_SECURE_NO_DEPRECATE -D_CRT_NONSTDC_NO_DEPRECATE -DOPENSSL_SMALL_FOOTPRINT -DPEDANTIC -DMDE_CPU_AARCH64   -c -o crypto/x509v3/v3_cpols.o /builddir/build/BUILD/shim-16.1/Cryptlib/OpenSSL/crypto/x509v3/v3_cpols.c
DEBUG util.py:463:  gcc -std=gnu11 -ggdb -gdwarf-4 -gstrict-dwarf -ffreestanding -fmacro-prefix-map=/builddir/build/BUILD/shim-16.1/= -fno-stack-protector -fno-strict-aliasing -fpic -fshort-wchar -nostdinc -Os -Wall -Wextra -Wno-missing-field-initializers -Wno-empty-body -Wno-implicit-fallthrough -Wno-old-style-declaration -Wno-unused-but-set-variable -Wno-unused-parameter -Werror -Wno-error=unused-but-set-variable -Wno-error=unused-parameter -I/builddir/build/BUILD/shim-16.1/Cryptlib/OpenSSL -I/builddir/build/BUILD/shim-16.1/Cryptlib -I/builddir/build/BUILD/shim-16.1/Cryptlib/OpenSSL/Include/ -I/builddir/build/BUILD/shim-16.1/Cryptlib/OpenSSL/crypto -I/builddir/build/BUILD/shim-16.1/Cryptlib/Include -I/builddir/build/BUILD/shim-16.1/gnu-efi/inc -I/builddir/build/BUILD/shim-16.1/gnu-efi/inc/aarch64 -I/builddir/build/BUILD/shim-16.1/gnu-efi/inc/protocol -I/builddir/build/BUILD/shim-16.1/Cryptlib/OpenSSL/crypto/asn1 -I/builddir/build/BUILD/shim-16.1/Cryptlib/OpenSSL/crypto/evp -I/builddir/build/BUILD/shim-16.1/Cryptlib/OpenSSL/crypto/modes -I/builddir/build/BUILD/shim-16.1/Cryptlib/OpenSSL/crypto/include -isystem /builddir/build/BUILD/shim-16.1/include/system -isystem /opt/rh/gcc-toolset-12/root/usr/lib/gcc/aarch64-redhat-linux/12/include -DL_ENDIAN -D_CRT_SECURE_NO_DEPRECATE -D_CRT_NONSTDC_NO_DEPRECATE -DOPENSSL_SMALL_FOOTPRINT -DPEDANTIC -DMDE_CPU_AARCH64   -c -o crypto/x509v3/v3_crld.o /builddir/build/BUILD/shim-16.1/Cryptlib/OpenSSL/crypto/x509v3/v3_crld.c
DEBUG util.py:463:  gcc -std=gnu11 -ggdb -gdwarf-4 -gstrict-dwarf -ffreestanding -fmacro-prefix-map=/builddir/build/BUILD/shim-16.1/= -fno-stack-protector -fno-strict-aliasing -fpic -fshort-wchar -nostdinc -Os -Wall -Wextra -Wno-missing-field-initializers -Wno-empty-body -Wno-implicit-fallthrough -Wno-old-style-declaration -Wno-unused-but-set-variable -Wno-unused-parameter -Werror -Wno-error=unused-but-set-variable -Wno-error=unused-parameter -I/builddir/build/BUILD/shim-16.1/Cryptlib/OpenSSL -I/builddir/build/BUILD/shim-16.1/Cryptlib -I/builddir/build/BUILD/shim-16.1/Cryptlib/OpenSSL/Include/ -I/builddir/build/BUILD/shim-16.1/Cryptlib/OpenSSL/crypto -I/builddir/build/BUILD/shim-16.1/Cryptlib/Include -I/builddir/build/BUILD/shim-16.1/gnu-efi/inc -I/builddir/build/BUILD/shim-16.1/gnu-efi/inc/aarch64 -I/builddir/build/BUILD/shim-16.1/gnu-efi/inc/protocol -I/builddir/build/BUILD/shim-16.1/Cryptlib/OpenSSL/crypto/asn1 -I/builddir/build/BUILD/shim-16.1/Cryptlib/OpenSSL/crypto/evp -I/builddir/build/BUILD/shim-16.1/Cryptlib/OpenSSL/crypto/modes -I/builddir/build/BUILD/shim-16.1/Cryptlib/OpenSSL/crypto/include -isystem /builddir/build/BUILD/shim-16.1/include/system -isystem /opt/rh/gcc-toolset-12/root/usr/lib/gcc/aarch64-redhat-linux/12/include -DL_ENDIAN -D_CRT_SECURE_NO_DEPRECATE -D_CRT_NONSTDC_NO_DEPRECATE -DOPENSSL_SMALL_FOOTPRINT -DPEDANTIC -DMDE_CPU_AARCH64   -c -o crypto/x509v3/v3_purp.o /builddir/build/BUILD/shim-16.1/Cryptlib/OpenSSL/crypto/x509v3/v3_purp.c
DEBUG util.py:463:  gcc -std=gnu11 -ggdb -gdwarf-4 -gstrict-dwarf -ffreestanding -fmacro-prefix-map=/builddir/build/BUILD/shim-16.1/= -fno-stack-protector -fno-strict-aliasing -fpic -fshort-wchar -nostdinc -Os -Wall -Wextra -Wno-missing-field-initializers -Wno-empty-body -Wno-implicit-fallthrough -Wno-old-style-declaration -Wno-unused-but-set-variable -Wno-unused-parameter -Werror -Wno-error=unused-but-set-variable -Wno-error=unused-parameter -I/builddir/build/BUILD/shim-16.1/Cryptlib/OpenSSL -I/builddir/build/BUILD/shim-16.1/Cryptlib -I/builddir/build/BUILD/shim-16.1/Cryptlib/OpenSSL/Include/ -I/builddir/build/BUILD/shim-16.1/Cryptlib/OpenSSL/crypto -I/builddir/build/BUILD/shim-16.1/Cryptlib/Include -I/builddir/build/BUILD/shim-16.1/gnu-efi/inc -I/builddir/build/BUILD/shim-16.1/gnu-efi/inc/aarch64 -I/builddir/build/BUILD/shim-16.1/gnu-efi/inc/protocol -I/builddir/build/BUILD/shim-16.1/Cryptlib/OpenSSL/crypto/asn1 -I/builddir/build/BUILD/shim-16.1/Cryptlib/OpenSSL/crypto/evp -I/builddir/build/BUILD/shim-16.1/Cryptlib/OpenSSL/crypto/modes -I/builddir/build/BUILD/shim-16.1/Cryptlib/OpenSSL/crypto/include -isystem /builddir/build/BUILD/shim-16.1/include/system -isystem /opt/rh/gcc-toolset-12/root/usr/lib/gcc/aarch64-redhat-linux/12/include -DL_ENDIAN -D_CRT_SECURE_NO_DEPRECATE -D_CRT_NONSTDC_NO_DEPRECATE -DOPENSSL_SMALL_FOOTPRINT -DPEDANTIC -DMDE_CPU_AARCH64   -c -o crypto/x509v3/v3_info.o /builddir/build/BUILD/shim-16.1/Cryptlib/OpenSSL/crypto/x509v3/v3_info.c
DEBUG util.py:463:  gcc -std=gnu11 -ggdb -gdwarf-4 -gstrict-dwarf -ffreestanding -fmacro-prefix-map=/builddir/build/BUILD/shim-16.1/= -fno-stack-protector -fno-strict-aliasing -fpic -fshort-wchar -nostdinc -Os -Wall -Wextra -Wno-missing-field-initializers -Wno-empty-body -Wno-implicit-fallthrough -Wno-old-style-declaration -Wno-unused-but-set-variable -Wno-unused-parameter -Werror -Wno-error=unused-but-set-variable -Wno-error=unused-parameter -I/builddir/build/BUILD/shim-16.1/Cryptlib/OpenSSL -I/builddir/build/BUILD/shim-16.1/Cryptlib -I/builddir/build/BUILD/shim-16.1/Cryptlib/OpenSSL/Include/ -I/builddir/build/BUILD/shim-16.1/Cryptlib/OpenSSL/crypto -I/builddir/build/BUILD/shim-16.1/Cryptlib/Include -I/builddir/build/BUILD/shim-16.1/gnu-efi/inc -I/builddir/build/BUILD/shim-16.1/gnu-efi/inc/aarch64 -I/builddir/build/BUILD/shim-16.1/gnu-efi/inc/protocol -I/builddir/build/BUILD/shim-16.1/Cryptlib/OpenSSL/crypto/asn1 -I/builddir/build/BUILD/shim-16.1/Cryptlib/OpenSSL/crypto/evp -I/builddir/build/BUILD/shim-16.1/Cryptlib/OpenSSL/crypto/modes -I/builddir/build/BUILD/shim-16.1/Cryptlib/OpenSSL/crypto/include -isystem /builddir/build/BUILD/shim-16.1/include/system -isystem /opt/rh/gcc-toolset-12/root/usr/lib/gcc/aarch64-redhat-linux/12/include -DL_ENDIAN -D_CRT_SECURE_NO_DEPRECATE -D_CRT_NONSTDC_NO_DEPRECATE -DOPENSSL_SMALL_FOOTPRINT -DPEDANTIC -DMDE_CPU_AARCH64   -c -o crypto/x509v3/v3_ocsp.o /builddir/build/BUILD/shim-16.1/Cryptlib/OpenSSL/crypto/x509v3/v3_ocsp.c
DEBUG util.py:463:  gcc -std=gnu11 -ggdb -gdwarf-4 -gstrict-dwarf -ffreestanding -fmacro-prefix-map=/builddir/build/BUILD/shim-16.1/= -fno-stack-protector -fno-strict-aliasing -fpic -fshort-wchar -nostdinc -Os -Wall -Wextra -Wno-missing-field-initializers -Wno-empty-body -Wno-implicit-fallthrough -Wno-old-style-declaration -Wno-unused-but-set-variable -Wno-unused-parameter -Werror -Wno-error=unused-but-set-variable -Wno-error=unused-parameter -I/builddir/build/BUILD/shim-16.1/Cryptlib/OpenSSL -I/builddir/build/BUILD/shim-16.1/Cryptlib -I/builddir/build/BUILD/shim-16.1/Cryptlib/OpenSSL/Include/ -I/builddir/build/BUILD/shim-16.1/Cryptlib/OpenSSL/crypto -I/builddir/build/BUILD/shim-16.1/Cryptlib/Include -I/builddir/build/BUILD/shim-16.1/gnu-efi/inc -I/builddir/build/BUILD/shim-16.1/gnu-efi/inc/aarch64 -I/builddir/build/BUILD/shim-16.1/gnu-efi/inc/protocol -I/builddir/build/BUILD/shim-16.1/Cryptlib/OpenSSL/crypto/asn1 -I/builddir/build/BUILD/shim-16.1/Cryptlib/OpenSSL/crypto/evp -I/builddir/build/BUILD/shim-16.1/Cryptlib/OpenSSL/crypto/modes -I/builddir/build/BUILD/shim-16.1/Cryptlib/OpenSSL/crypto/include -isystem /builddir/build/BUILD/shim-16.1/include/system -isystem /opt/rh/gcc-toolset-12/root/usr/lib/gcc/aarch64-redhat-linux/12/include -DL_ENDIAN -D_CRT_SECURE_NO_DEPRECATE -D_CRT_NONSTDC_NO_DEPRECATE -DOPENSSL_SMALL_FOOTPRINT -DPEDANTIC -DMDE_CPU_AARCH64   -c -o crypto/x509v3/v3_akeya.o /builddir/build/BUILD/shim-16.1/Cryptlib/OpenSSL/crypto/x509v3/v3_akeya.c
DEBUG util.py:463:  gcc -std=gnu11 -ggdb -gdwarf-4 -gstrict-dwarf -ffreestanding -fmacro-prefix-map=/builddir/build/BUILD/shim-16.1/= -fno-stack-protector -fno-strict-aliasing -fpic -fshort-wchar -nostdinc -Os -Wall -Wextra -Wno-missing-field-initializers -Wno-empty-body -Wno-implicit-fallthrough -Wno-old-style-declaration -Wno-unused-but-set-variable -Wno-unused-parameter -Werror -Wno-error=unused-but-set-variable -Wno-error=unused-parameter -I/builddir/build/BUILD/shim-16.1/Cryptlib/OpenSSL -I/builddir/build/BUILD/shim-16.1/Cryptlib -I/builddir/build/BUILD/shim-16.1/Cryptlib/OpenSSL/Include/ -I/builddir/build/BUILD/shim-16.1/Cryptlib/OpenSSL/crypto -I/builddir/build/BUILD/shim-16.1/Cryptlib/Include -I/builddir/build/BUILD/shim-16.1/gnu-efi/inc -I/builddir/build/BUILD/shim-16.1/gnu-efi/inc/aarch64 -I/builddir/build/BUILD/shim-16.1/gnu-efi/inc/protocol -I/builddir/build/BUILD/shim-16.1/Cryptlib/OpenSSL/crypto/asn1 -I/builddir/build/BUILD/shim-16.1/Cryptlib/OpenSSL/crypto/evp -I/builddir/build/BUILD/shim-16.1/Cryptlib/OpenSSL/crypto/modes -I/builddir/build/BUILD/shim-16.1/Cryptlib/OpenSSL/crypto/include -isystem /builddir/build/BUILD/shim-16.1/include/system -isystem /opt/rh/gcc-toolset-12/root/usr/lib/gcc/aarch64-redhat-linux/12/include -DL_ENDIAN -D_CRT_SECURE_NO_DEPRECATE -D_CRT_NONSTDC_NO_DEPRECATE -DOPENSSL_SMALL_FOOTPRINT -DPEDANTIC -DMDE_CPU_AARCH64   -c -o crypto/x509v3/v3_pmaps.o /builddir/build/BUILD/shim-16.1/Cryptlib/OpenSSL/crypto/x509v3/v3_pmaps.c
DEBUG util.py:463:  gcc -std=gnu11 -ggdb -gdwarf-4 -gstrict-dwarf -ffreestanding -fmacro-prefix-map=/builddir/build/BUILD/shim-16.1/= -fno-stack-protector -fno-strict-aliasing -fpic -fshort-wchar -nostdinc -Os -Wall -Wextra -Wno-missing-field-initializers -Wno-empty-body -Wno-implicit-fallthrough -Wno-old-style-declaration -Wno-unused-but-set-variable -Wno-unused-parameter -Werror -Wno-error=unused-but-set-variable -Wno-error=unused-parameter -I/builddir/build/BUILD/shim-16.1/Cryptlib/OpenSSL -I/builddir/build/BUILD/shim-16.1/Cryptlib -I/builddir/build/BUILD/shim-16.1/Cryptlib/OpenSSL/Include/ -I/builddir/build/BUILD/shim-16.1/Cryptlib/OpenSSL/crypto -I/builddir/build/BUILD/shim-16.1/Cryptlib/Include -I/builddir/build/BUILD/shim-16.1/gnu-efi/inc -I/builddir/build/BUILD/shim-16.1/gnu-efi/inc/aarch64 -I/builddir/build/BUILD/shim-16.1/gnu-efi/inc/protocol -I/builddir/build/BUILD/shim-16.1/Cryptlib/OpenSSL/crypto/asn1 -I/builddir/build/BUILD/shim-16.1/Cryptlib/OpenSSL/crypto/evp -I/builddir/build/BUILD/shim-16.1/Cryptlib/OpenSSL/crypto/modes -I/builddir/build/BUILD/shim-16.1/Cryptlib/OpenSSL/crypto/include -isystem /builddir/build/BUILD/shim-16.1/include/system -isystem /opt/rh/gcc-toolset-12/root/usr/lib/gcc/aarch64-redhat-linux/12/include -DL_ENDIAN -D_CRT_SECURE_NO_DEPRECATE -D_CRT_NONSTDC_NO_DEPRECATE -DOPENSSL_SMALL_FOOTPRINT -DPEDANTIC -DMDE_CPU_AARCH64   -c -o crypto/x509v3/v3_pcons.o /builddir/build/BUILD/shim-16.1/Cryptlib/OpenSSL/crypto/x509v3/v3_pcons.c
DEBUG util.py:463:  gcc -std=gnu11 -ggdb -gdwarf-4 -gstrict-dwarf -ffreestanding -fmacro-prefix-map=/builddir/build/BUILD/shim-16.1/= -fno-stack-protector -fno-strict-aliasing -fpic -fshort-wchar -nostdinc -Os -Wall -Wextra -Wno-missing-field-initializers -Wno-empty-body -Wno-implicit-fallthrough -Wno-old-style-declaration -Wno-unused-but-set-variable -Wno-unused-parameter -Werror -Wno-error=unused-but-set-variable -Wno-error=unused-parameter -I/builddir/build/BUILD/shim-16.1/Cryptlib/OpenSSL -I/builddir/build/BUILD/shim-16.1/Cryptlib -I/builddir/build/BUILD/shim-16.1/Cryptlib/OpenSSL/Include/ -I/builddir/build/BUILD/shim-16.1/Cryptlib/OpenSSL/crypto -I/builddir/build/BUILD/shim-16.1/Cryptlib/Include -I/builddir/build/BUILD/shim-16.1/gnu-efi/inc -I/builddir/build/BUILD/shim-16.1/gnu-efi/inc/aarch64 -I/builddir/build/BUILD/shim-16.1/gnu-efi/inc/protocol -I/builddir/build/BUILD/shim-16.1/Cryptlib/OpenSSL/crypto/asn1 -I/builddir/build/BUILD/shim-16.1/Cryptlib/OpenSSL/crypto/evp -I/builddir/build/BUILD/shim-16.1/Cryptlib/OpenSSL/crypto/modes -I/builddir/build/BUILD/shim-16.1/Cryptlib/OpenSSL/crypto/include -isystem /builddir/build/BUILD/shim-16.1/include/system -isystem /opt/rh/gcc-toolset-12/root/usr/lib/gcc/aarch64-redhat-linux/12/include -DL_ENDIAN -D_CRT_SECURE_NO_DEPRECATE -D_CRT_NONSTDC_NO_DEPRECATE -DOPENSSL_SMALL_FOOTPRINT -DPEDANTIC -DMDE_CPU_AARCH64   -c -o crypto/x509v3/v3_ncons.o /builddir/build/BUILD/shim-16.1/Cryptlib/OpenSSL/crypto/x509v3/v3_ncons.c
DEBUG util.py:463:  gcc -std=gnu11 -ggdb -gdwarf-4 -gstrict-dwarf -ffreestanding -fmacro-prefix-map=/builddir/build/BUILD/shim-16.1/= -fno-stack-protector -fno-strict-aliasing -fpic -fshort-wchar -nostdinc -Os -Wall -Wextra -Wno-missing-field-initializers -Wno-empty-body -Wno-implicit-fallthrough -Wno-old-style-declaration -Wno-unused-but-set-variable -Wno-unused-parameter -Werror -Wno-error=unused-but-set-variable -Wno-error=unused-parameter -I/builddir/build/BUILD/shim-16.1/Cryptlib/OpenSSL -I/builddir/build/BUILD/shim-16.1/Cryptlib -I/builddir/build/BUILD/shim-16.1/Cryptlib/OpenSSL/Include/ -I/builddir/build/BUILD/shim-16.1/Cryptlib/OpenSSL/crypto -I/builddir/build/BUILD/shim-16.1/Cryptlib/Include -I/builddir/build/BUILD/shim-16.1/gnu-efi/inc -I/builddir/build/BUILD/shim-16.1/gnu-efi/inc/aarch64 -I/builddir/build/BUILD/shim-16.1/gnu-efi/inc/protocol -I/builddir/build/BUILD/shim-16.1/Cryptlib/OpenSSL/crypto/asn1 -I/builddir/build/BUILD/shim-16.1/Cryptlib/OpenSSL/crypto/evp -I/builddir/build/BUILD/shim-16.1/Cryptlib/OpenSSL/crypto/modes -I/builddir/build/BUILD/shim-16.1/Cryptlib/OpenSSL/crypto/include -isystem /builddir/build/BUILD/shim-16.1/include/system -isystem /opt/rh/gcc-toolset-12/root/usr/lib/gcc/aarch64-redhat-linux/12/include -DL_ENDIAN -D_CRT_SECURE_NO_DEPRECATE -D_CRT_NONSTDC_NO_DEPRECATE -DOPENSSL_SMALL_FOOTPRINT -DPEDANTIC -DMDE_CPU_AARCH64   -c -o crypto/x509v3/v3_pcia.o /builddir/build/BUILD/shim-16.1/Cryptlib/OpenSSL/crypto/x509v3/v3_pcia.c
DEBUG util.py:463:  gcc -std=gnu11 -ggdb -gdwarf-4 -gstrict-dwarf -ffreestanding -fmacro-prefix-map=/builddir/build/BUILD/shim-16.1/= -fno-stack-protector -fno-strict-aliasing -fpic -fshort-wchar -nostdinc -Os -Wall -Wextra -Wno-missing-field-initializers -Wno-empty-body -Wno-implicit-fallthrough -Wno-old-style-declaration -Wno-unused-but-set-variable -Wno-unused-parameter -Werror -Wno-error=unused-but-set-variable -Wno-error=unused-parameter -I/builddir/build/BUILD/shim-16.1/Cryptlib/OpenSSL -I/builddir/build/BUILD/shim-16.1/Cryptlib -I/builddir/build/BUILD/shim-16.1/Cryptlib/OpenSSL/Include/ -I/builddir/build/BUILD/shim-16.1/Cryptlib/OpenSSL/crypto -I/builddir/build/BUILD/shim-16.1/Cryptlib/Include -I/builddir/build/BUILD/shim-16.1/gnu-efi/inc -I/builddir/build/BUILD/shim-16.1/gnu-efi/inc/aarch64 -I/builddir/build/BUILD/shim-16.1/gnu-efi/inc/protocol -I/builddir/build/BUILD/shim-16.1/Cryptlib/OpenSSL/crypto/asn1 -I/builddir/build/BUILD/shim-16.1/Cryptlib/OpenSSL/crypto/evp -I/builddir/build/BUILD/shim-16.1/Cryptlib/OpenSSL/crypto/modes -I/builddir/build/BUILD/shim-16.1/Cryptlib/OpenSSL/crypto/include -isystem /builddir/build/BUILD/shim-16.1/include/system -isystem /opt/rh/gcc-toolset-12/root/usr/lib/gcc/aarch64-redhat-linux/12/include -DL_ENDIAN -D_CRT_SECURE_NO_DEPRECATE -D_CRT_NONSTDC_NO_DEPRECATE -DOPENSSL_SMALL_FOOTPRINT -DPEDANTIC -DMDE_CPU_AARCH64   -c -o crypto/x509v3/v3_pci.o /builddir/build/BUILD/shim-16.1/Cryptlib/OpenSSL/crypto/x509v3/v3_pci.c
DEBUG util.py:463:  gcc -std=gnu11 -ggdb -gdwarf-4 -gstrict-dwarf -ffreestanding -fmacro-prefix-map=/builddir/build/BUILD/shim-16.1/= -fno-stack-protector -fno-strict-aliasing -fpic -fshort-wchar -nostdinc -Os -Wall -Wextra -Wno-missing-field-initializers -Wno-empty-body -Wno-implicit-fallthrough -Wno-old-style-declaration -Wno-unused-but-set-variable -Wno-unused-parameter -Werror -Wno-error=unused-but-set-variable -Wno-error=unused-parameter -I/builddir/build/BUILD/shim-16.1/Cryptlib/OpenSSL -I/builddir/build/BUILD/shim-16.1/Cryptlib -I/builddir/build/BUILD/shim-16.1/Cryptlib/OpenSSL/Include/ -I/builddir/build/BUILD/shim-16.1/Cryptlib/OpenSSL/crypto -I/builddir/build/BUILD/shim-16.1/Cryptlib/Include -I/builddir/build/BUILD/shim-16.1/gnu-efi/inc -I/builddir/build/BUILD/shim-16.1/gnu-efi/inc/aarch64 -I/builddir/build/BUILD/shim-16.1/gnu-efi/inc/protocol -I/builddir/build/BUILD/shim-16.1/Cryptlib/OpenSSL/crypto/asn1 -I/builddir/build/BUILD/shim-16.1/Cryptlib/OpenSSL/crypto/evp -I/builddir/build/BUILD/shim-16.1/Cryptlib/OpenSSL/crypto/modes -I/builddir/build/BUILD/shim-16.1/Cryptlib/OpenSSL/crypto/include -isystem /builddir/build/BUILD/shim-16.1/include/system -isystem /opt/rh/gcc-toolset-12/root/usr/lib/gcc/aarch64-redhat-linux/12/include -DL_ENDIAN -D_CRT_SECURE_NO_DEPRECATE -D_CRT_NONSTDC_NO_DEPRECATE -DOPENSSL_SMALL_FOOTPRINT -DPEDANTIC -DMDE_CPU_AARCH64   -c -o crypto/x509v3/pcy_cache.o /builddir/build/BUILD/shim-16.1/Cryptlib/OpenSSL/crypto/x509v3/pcy_cache.c
DEBUG util.py:463:  gcc -std=gnu11 -ggdb -gdwarf-4 -gstrict-dwarf -ffreestanding -fmacro-prefix-map=/builddir/build/BUILD/shim-16.1/= -fno-stack-protector -fno-strict-aliasing -fpic -fshort-wchar -nostdinc -Os -Wall -Wextra -Wno-missing-field-initializers -Wno-empty-body -Wno-implicit-fallthrough -Wno-old-style-declaration -Wno-unused-but-set-variable -Wno-unused-parameter -Werror -Wno-error=unused-but-set-variable -Wno-error=unused-parameter -I/builddir/build/BUILD/shim-16.1/Cryptlib/OpenSSL -I/builddir/build/BUILD/shim-16.1/Cryptlib -I/builddir/build/BUILD/shim-16.1/Cryptlib/OpenSSL/Include/ -I/builddir/build/BUILD/shim-16.1/Cryptlib/OpenSSL/crypto -I/builddir/build/BUILD/shim-16.1/Cryptlib/Include -I/builddir/build/BUILD/shim-16.1/gnu-efi/inc -I/builddir/build/BUILD/shim-16.1/gnu-efi/inc/aarch64 -I/builddir/build/BUILD/shim-16.1/gnu-efi/inc/protocol -I/builddir/build/BUILD/shim-16.1/Cryptlib/OpenSSL/crypto/asn1 -I/builddir/build/BUILD/shim-16.1/Cryptlib/OpenSSL/crypto/evp -I/builddir/build/BUILD/shim-16.1/Cryptlib/OpenSSL/crypto/modes -I/builddir/build/BUILD/shim-16.1/Cryptlib/OpenSSL/crypto/include -isystem /builddir/build/BUILD/shim-16.1/include/system -isystem /opt/rh/gcc-toolset-12/root/usr/lib/gcc/aarch64-redhat-linux/12/include -DL_ENDIAN -D_CRT_SECURE_NO_DEPRECATE -D_CRT_NONSTDC_NO_DEPRECATE -DOPENSSL_SMALL_FOOTPRINT -DPEDANTIC -DMDE_CPU_AARCH64   -c -o crypto/x509v3/pcy_node.o /builddir/build/BUILD/shim-16.1/Cryptlib/OpenSSL/crypto/x509v3/pcy_node.c
DEBUG util.py:463:  gcc -std=gnu11 -ggdb -gdwarf-4 -gstrict-dwarf -ffreestanding -fmacro-prefix-map=/builddir/build/BUILD/shim-16.1/= -fno-stack-protector -fno-strict-aliasing -fpic -fshort-wchar -nostdinc -Os -Wall -Wextra -Wno-missing-field-initializers -Wno-empty-body -Wno-implicit-fallthrough -Wno-old-style-declaration -Wno-unused-but-set-variable -Wno-unused-parameter -Werror -Wno-error=unused-but-set-variable -Wno-error=unused-parameter -I/builddir/build/BUILD/shim-16.1/Cryptlib/OpenSSL -I/builddir/build/BUILD/shim-16.1/Cryptlib -I/builddir/build/BUILD/shim-16.1/Cryptlib/OpenSSL/Include/ -I/builddir/build/BUILD/shim-16.1/Cryptlib/OpenSSL/crypto -I/builddir/build/BUILD/shim-16.1/Cryptlib/Include -I/builddir/build/BUILD/shim-16.1/gnu-efi/inc -I/builddir/build/BUILD/shim-16.1/gnu-efi/inc/aarch64 -I/builddir/build/BUILD/shim-16.1/gnu-efi/inc/protocol -I/builddir/build/BUILD/shim-16.1/Cryptlib/OpenSSL/crypto/asn1 -I/builddir/build/BUILD/shim-16.1/Cryptlib/OpenSSL/crypto/evp -I/builddir/build/BUILD/shim-16.1/Cryptlib/OpenSSL/crypto/modes -I/builddir/build/BUILD/shim-16.1/Cryptlib/OpenSSL/crypto/include -isystem /builddir/build/BUILD/shim-16.1/include/system -isystem /opt/rh/gcc-toolset-12/root/usr/lib/gcc/aarch64-redhat-linux/12/include -DL_ENDIAN -D_CRT_SECURE_NO_DEPRECATE -D_CRT_NONSTDC_NO_DEPRECATE -DOPENSSL_SMALL_FOOTPRINT -DPEDANTIC -DMDE_CPU_AARCH64   -c -o crypto/x509v3/pcy_data.o /builddir/build/BUILD/shim-16.1/Cryptlib/OpenSSL/crypto/x509v3/pcy_data.c
DEBUG util.py:463:  gcc -std=gnu11 -ggdb -gdwarf-4 -gstrict-dwarf -ffreestanding -fmacro-prefix-map=/builddir/build/BUILD/shim-16.1/= -fno-stack-protector -fno-strict-aliasing -fpic -fshort-wchar -nostdinc -Os -Wall -Wextra -Wno-missing-field-initializers -Wno-empty-body -Wno-implicit-fallthrough -Wno-old-style-declaration -Wno-unused-but-set-variable -Wno-unused-parameter -Werror -Wno-error=unused-but-set-variable -Wno-error=unused-parameter -I/builddir/build/BUILD/shim-16.1/Cryptlib/OpenSSL -I/builddir/build/BUILD/shim-16.1/Cryptlib -I/builddir/build/BUILD/shim-16.1/Cryptlib/OpenSSL/Include/ -I/builddir/build/BUILD/shim-16.1/Cryptlib/OpenSSL/crypto -I/builddir/build/BUILD/shim-16.1/Cryptlib/Include -I/builddir/build/BUILD/shim-16.1/gnu-efi/inc -I/builddir/build/BUILD/shim-16.1/gnu-efi/inc/aarch64 -I/builddir/build/BUILD/shim-16.1/gnu-efi/inc/protocol -I/builddir/build/BUILD/shim-16.1/Cryptlib/OpenSSL/crypto/asn1 -I/builddir/build/BUILD/shim-16.1/Cryptlib/OpenSSL/crypto/evp -I/builddir/build/BUILD/shim-16.1/Cryptlib/OpenSSL/crypto/modes -I/builddir/build/BUILD/shim-16.1/Cryptlib/OpenSSL/crypto/include -isystem /builddir/build/BUILD/shim-16.1/include/system -isystem /opt/rh/gcc-toolset-12/root/usr/lib/gcc/aarch64-redhat-linux/12/include -DL_ENDIAN -D_CRT_SECURE_NO_DEPRECATE -D_CRT_NONSTDC_NO_DEPRECATE -DOPENSSL_SMALL_FOOTPRINT -DPEDANTIC -DMDE_CPU_AARCH64   -c -o crypto/x509v3/pcy_map.o /builddir/build/BUILD/shim-16.1/Cryptlib/OpenSSL/crypto/x509v3/pcy_map.c
DEBUG util.py:463:  gcc -std=gnu11 -ggdb -gdwarf-4 -gstrict-dwarf -ffreestanding -fmacro-prefix-map=/builddir/build/BUILD/shim-16.1/= -fno-stack-protector -fno-strict-aliasing -fpic -fshort-wchar -nostdinc -Os -Wall -Wextra -Wno-missing-field-initializers -Wno-empty-body -Wno-implicit-fallthrough -Wno-old-style-declaration -Wno-unused-but-set-variable -Wno-unused-parameter -Werror -Wno-error=unused-but-set-variable -Wno-error=unused-parameter -I/builddir/build/BUILD/shim-16.1/Cryptlib/OpenSSL -I/builddir/build/BUILD/shim-16.1/Cryptlib -I/builddir/build/BUILD/shim-16.1/Cryptlib/OpenSSL/Include/ -I/builddir/build/BUILD/shim-16.1/Cryptlib/OpenSSL/crypto -I/builddir/build/BUILD/shim-16.1/Cryptlib/Include -I/builddir/build/BUILD/shim-16.1/gnu-efi/inc -I/builddir/build/BUILD/shim-16.1/gnu-efi/inc/aarch64 -I/builddir/build/BUILD/shim-16.1/gnu-efi/inc/protocol -I/builddir/build/BUILD/shim-16.1/Cryptlib/OpenSSL/crypto/asn1 -I/builddir/build/BUILD/shim-16.1/Cryptlib/OpenSSL/crypto/evp -I/builddir/build/BUILD/shim-16.1/Cryptlib/OpenSSL/crypto/modes -I/builddir/build/BUILD/shim-16.1/Cryptlib/OpenSSL/crypto/include -isystem /builddir/build/BUILD/shim-16.1/include/system -isystem /opt/rh/gcc-toolset-12/root/usr/lib/gcc/aarch64-redhat-linux/12/include -DL_ENDIAN -D_CRT_SECURE_NO_DEPRECATE -D_CRT_NONSTDC_NO_DEPRECATE -DOPENSSL_SMALL_FOOTPRINT -DPEDANTIC -DMDE_CPU_AARCH64   -c -o crypto/x509v3/pcy_tree.o /builddir/build/BUILD/shim-16.1/Cryptlib/OpenSSL/crypto/x509v3/pcy_tree.c
DEBUG util.py:463:  gcc -std=gnu11 -ggdb -gdwarf-4 -gstrict-dwarf -ffreestanding -fmacro-prefix-map=/builddir/build/BUILD/shim-16.1/= -fno-stack-protector -fno-strict-aliasing -fpic -fshort-wchar -nostdinc -Os -Wall -Wextra -Wno-missing-field-initializers -Wno-empty-body -Wno-implicit-fallthrough -Wno-old-style-declaration -Wno-unused-but-set-variable -Wno-unused-parameter -Werror -Wno-error=unused-but-set-variable -Wno-error=unused-parameter -I/builddir/build/BUILD/shim-16.1/Cryptlib/OpenSSL -I/builddir/build/BUILD/shim-16.1/Cryptlib -I/builddir/build/BUILD/shim-16.1/Cryptlib/OpenSSL/Include/ -I/builddir/build/BUILD/shim-16.1/Cryptlib/OpenSSL/crypto -I/builddir/build/BUILD/shim-16.1/Cryptlib/Include -I/builddir/build/BUILD/shim-16.1/gnu-efi/inc -I/builddir/build/BUILD/shim-16.1/gnu-efi/inc/aarch64 -I/builddir/build/BUILD/shim-16.1/gnu-efi/inc/protocol -I/builddir/build/BUILD/shim-16.1/Cryptlib/OpenSSL/crypto/asn1 -I/builddir/build/BUILD/shim-16.1/Cryptlib/OpenSSL/crypto/evp -I/builddir/build/BUILD/shim-16.1/Cryptlib/OpenSSL/crypto/modes -I/builddir/build/BUILD/shim-16.1/Cryptlib/OpenSSL/crypto/include -isystem /builddir/build/BUILD/shim-16.1/include/system -isystem /opt/rh/gcc-toolset-12/root/usr/lib/gcc/aarch64-redhat-linux/12/include -DL_ENDIAN -D_CRT_SECURE_NO_DEPRECATE -D_CRT_NONSTDC_NO_DEPRECATE -DOPENSSL_SMALL_FOOTPRINT -DPEDANTIC -DMDE_CPU_AARCH64   -c -o crypto/x509v3/pcy_lib.o /builddir/build/BUILD/shim-16.1/Cryptlib/OpenSSL/crypto/x509v3/pcy_lib.c
DEBUG util.py:463:  gcc -std=gnu11 -ggdb -gdwarf-4 -gstrict-dwarf -ffreestanding -fmacro-prefix-map=/builddir/build/BUILD/shim-16.1/= -fno-stack-protector -fno-strict-aliasing -fpic -fshort-wchar -nostdinc -Os -Wall -Wextra -Wno-missing-field-initializers -Wno-empty-body -Wno-implicit-fallthrough -Wno-old-style-declaration -Wno-unused-but-set-variable -Wno-unused-parameter -Werror -Wno-error=unused-but-set-variable -Wno-error=unused-parameter -I/builddir/build/BUILD/shim-16.1/Cryptlib/OpenSSL -I/builddir/build/BUILD/shim-16.1/Cryptlib -I/builddir/build/BUILD/shim-16.1/Cryptlib/OpenSSL/Include/ -I/builddir/build/BUILD/shim-16.1/Cryptlib/OpenSSL/crypto -I/builddir/build/BUILD/shim-16.1/Cryptlib/Include -I/builddir/build/BUILD/shim-16.1/gnu-efi/inc -I/builddir/build/BUILD/shim-16.1/gnu-efi/inc/aarch64 -I/builddir/build/BUILD/shim-16.1/gnu-efi/inc/protocol -I/builddir/build/BUILD/shim-16.1/Cryptlib/OpenSSL/crypto/asn1 -I/builddir/build/BUILD/shim-16.1/Cryptlib/OpenSSL/crypto/evp -I/builddir/build/BUILD/shim-16.1/Cryptlib/OpenSSL/crypto/modes -I/builddir/build/BUILD/shim-16.1/Cryptlib/OpenSSL/crypto/include -isystem /builddir/build/BUILD/shim-16.1/include/system -isystem /opt/rh/gcc-toolset-12/root/usr/lib/gcc/aarch64-redhat-linux/12/include -DL_ENDIAN -D_CRT_SECURE_NO_DEPRECATE -D_CRT_NONSTDC_NO_DEPRECATE -DOPENSSL_SMALL_FOOTPRINT -DPEDANTIC -DMDE_CPU_AARCH64   -c -o crypto/x509v3/v3_asid.o /builddir/build/BUILD/shim-16.1/Cryptlib/OpenSSL/crypto/x509v3/v3_asid.c
DEBUG util.py:463:  gcc -std=gnu11 -ggdb -gdwarf-4 -gstrict-dwarf -ffreestanding -fmacro-prefix-map=/builddir/build/BUILD/shim-16.1/= -fno-stack-protector -fno-strict-aliasing -fpic -fshort-wchar -nostdinc -Os -Wall -Wextra -Wno-missing-field-initializers -Wno-empty-body -Wno-implicit-fallthrough -Wno-old-style-declaration -Wno-unused-but-set-variable -Wno-unused-parameter -Werror -Wno-error=unused-but-set-variable -Wno-error=unused-parameter -I/builddir/build/BUILD/shim-16.1/Cryptlib/OpenSSL -I/builddir/build/BUILD/shim-16.1/Cryptlib -I/builddir/build/BUILD/shim-16.1/Cryptlib/OpenSSL/Include/ -I/builddir/build/BUILD/shim-16.1/Cryptlib/OpenSSL/crypto -I/builddir/build/BUILD/shim-16.1/Cryptlib/Include -I/builddir/build/BUILD/shim-16.1/gnu-efi/inc -I/builddir/build/BUILD/shim-16.1/gnu-efi/inc/aarch64 -I/builddir/build/BUILD/shim-16.1/gnu-efi/inc/protocol -I/builddir/build/BUILD/shim-16.1/Cryptlib/OpenSSL/crypto/asn1 -I/builddir/build/BUILD/shim-16.1/Cryptlib/OpenSSL/crypto/evp -I/builddir/build/BUILD/shim-16.1/Cryptlib/OpenSSL/crypto/modes -I/builddir/build/BUILD/shim-16.1/Cryptlib/OpenSSL/crypto/include -isystem /builddir/build/BUILD/shim-16.1/include/system -isystem /opt/rh/gcc-toolset-12/root/usr/lib/gcc/aarch64-redhat-linux/12/include -DL_ENDIAN -D_CRT_SECURE_NO_DEPRECATE -D_CRT_NONSTDC_NO_DEPRECATE -DOPENSSL_SMALL_FOOTPRINT -DPEDANTIC -DMDE_CPU_AARCH64   -c -o crypto/x509v3/v3_addr.o /builddir/build/BUILD/shim-16.1/Cryptlib/OpenSSL/crypto/x509v3/v3_addr.c
DEBUG util.py:463:  gcc -std=gnu11 -ggdb -gdwarf-4 -gstrict-dwarf -ffreestanding -fmacro-prefix-map=/builddir/build/BUILD/shim-16.1/= -fno-stack-protector -fno-strict-aliasing -fpic -fshort-wchar -nostdinc -Os -Wall -Wextra -Wno-missing-field-initializers -Wno-empty-body -Wno-implicit-fallthrough -Wno-old-style-declaration -Wno-unused-but-set-variable -Wno-unused-parameter -Werror -Wno-error=unused-but-set-variable -Wno-error=unused-parameter -I/builddir/build/BUILD/shim-16.1/Cryptlib/OpenSSL -I/builddir/build/BUILD/shim-16.1/Cryptlib -I/builddir/build/BUILD/shim-16.1/Cryptlib/OpenSSL/Include/ -I/builddir/build/BUILD/shim-16.1/Cryptlib/OpenSSL/crypto -I/builddir/build/BUILD/shim-16.1/Cryptlib/Include -I/builddir/build/BUILD/shim-16.1/gnu-efi/inc -I/builddir/build/BUILD/shim-16.1/gnu-efi/inc/aarch64 -I/builddir/build/BUILD/shim-16.1/gnu-efi/inc/protocol -I/builddir/build/BUILD/shim-16.1/Cryptlib/OpenSSL/crypto/asn1 -I/builddir/build/BUILD/shim-16.1/Cryptlib/OpenSSL/crypto/evp -I/builddir/build/BUILD/shim-16.1/Cryptlib/OpenSSL/crypto/modes -I/builddir/build/BUILD/shim-16.1/Cryptlib/OpenSSL/crypto/include -isystem /builddir/build/BUILD/shim-16.1/include/system -isystem /opt/rh/gcc-toolset-12/root/usr/lib/gcc/aarch64-redhat-linux/12/include -DL_ENDIAN -D_CRT_SECURE_NO_DEPRECATE -D_CRT_NONSTDC_NO_DEPRECATE -DOPENSSL_SMALL_FOOTPRINT -DPEDANTIC -DMDE_CPU_AARCH64   -c -o crypto/conf/conf_err.o /builddir/build/BUILD/shim-16.1/Cryptlib/OpenSSL/crypto/conf/conf_err.c
DEBUG util.py:463:  gcc -std=gnu11 -ggdb -gdwarf-4 -gstrict-dwarf -ffreestanding -fmacro-prefix-map=/builddir/build/BUILD/shim-16.1/= -fno-stack-protector -fno-strict-aliasing -fpic -fshort-wchar -nostdinc -Os -Wall -Wextra -Wno-missing-field-initializers -Wno-empty-body -Wno-implicit-fallthrough -Wno-old-style-declaration -Wno-unused-but-set-variable -Wno-unused-parameter -Werror -Wno-error=unused-but-set-variable -Wno-error=unused-parameter -I/builddir/build/BUILD/shim-16.1/Cryptlib/OpenSSL -I/builddir/build/BUILD/shim-16.1/Cryptlib -I/builddir/build/BUILD/shim-16.1/Cryptlib/OpenSSL/Include/ -I/builddir/build/BUILD/shim-16.1/Cryptlib/OpenSSL/crypto -I/builddir/build/BUILD/shim-16.1/Cryptlib/Include -I/builddir/build/BUILD/shim-16.1/gnu-efi/inc -I/builddir/build/BUILD/shim-16.1/gnu-efi/inc/aarch64 -I/builddir/build/BUILD/shim-16.1/gnu-efi/inc/protocol -I/builddir/build/BUILD/shim-16.1/Cryptlib/OpenSSL/crypto/asn1 -I/builddir/build/BUILD/shim-16.1/Cryptlib/OpenSSL/crypto/evp -I/builddir/build/BUILD/shim-16.1/Cryptlib/OpenSSL/crypto/modes -I/builddir/build/BUILD/shim-16.1/Cryptlib/OpenSSL/crypto/include -isystem /builddir/build/BUILD/shim-16.1/include/system -isystem /opt/rh/gcc-toolset-12/root/usr/lib/gcc/aarch64-redhat-linux/12/include -DL_ENDIAN -D_CRT_SECURE_NO_DEPRECATE -D_CRT_NONSTDC_NO_DEPRECATE -DOPENSSL_SMALL_FOOTPRINT -DPEDANTIC -DMDE_CPU_AARCH64   -c -o crypto/conf/conf_lib.o /builddir/build/BUILD/shim-16.1/Cryptlib/OpenSSL/crypto/conf/conf_lib.c
DEBUG util.py:463:  gcc -std=gnu11 -ggdb -gdwarf-4 -gstrict-dwarf -ffreestanding -fmacro-prefix-map=/builddir/build/BUILD/shim-16.1/= -fno-stack-protector -fno-strict-aliasing -fpic -fshort-wchar -nostdinc -Os -Wall -Wextra -Wno-missing-field-initializers -Wno-empty-body -Wno-implicit-fallthrough -Wno-old-style-declaration -Wno-unused-but-set-variable -Wno-unused-parameter -Werror -Wno-error=unused-but-set-variable -Wno-error=unused-parameter -I/builddir/build/BUILD/shim-16.1/Cryptlib/OpenSSL -I/builddir/build/BUILD/shim-16.1/Cryptlib -I/builddir/build/BUILD/shim-16.1/Cryptlib/OpenSSL/Include/ -I/builddir/build/BUILD/shim-16.1/Cryptlib/OpenSSL/crypto -I/builddir/build/BUILD/shim-16.1/Cryptlib/Include -I/builddir/build/BUILD/shim-16.1/gnu-efi/inc -I/builddir/build/BUILD/shim-16.1/gnu-efi/inc/aarch64 -I/builddir/build/BUILD/shim-16.1/gnu-efi/inc/protocol -I/builddir/build/BUILD/shim-16.1/Cryptlib/OpenSSL/crypto/asn1 -I/builddir/build/BUILD/shim-16.1/Cryptlib/OpenSSL/crypto/evp -I/builddir/build/BUILD/shim-16.1/Cryptlib/OpenSSL/crypto/modes -I/builddir/build/BUILD/shim-16.1/Cryptlib/OpenSSL/crypto/include -isystem /builddir/build/BUILD/shim-16.1/include/system -isystem /opt/rh/gcc-toolset-12/root/usr/lib/gcc/aarch64-redhat-linux/12/include -DL_ENDIAN -D_CRT_SECURE_NO_DEPRECATE -D_CRT_NONSTDC_NO_DEPRECATE -DOPENSSL_SMALL_FOOTPRINT -DPEDANTIC -DMDE_CPU_AARCH64   -c -o crypto/conf/conf_api.o /builddir/build/BUILD/shim-16.1/Cryptlib/OpenSSL/crypto/conf/conf_api.c
DEBUG util.py:463:  gcc -std=gnu11 -ggdb -gdwarf-4 -gstrict-dwarf -ffreestanding -fmacro-prefix-map=/builddir/build/BUILD/shim-16.1/= -fno-stack-protector -fno-strict-aliasing -fpic -fshort-wchar -nostdinc -Os -Wall -Wextra -Wno-missing-field-initializers -Wno-empty-body -Wno-implicit-fallthrough -Wno-old-style-declaration -Wno-unused-but-set-variable -Wno-unused-parameter -Werror -Wno-error=unused-but-set-variable -Wno-error=unused-parameter -I/builddir/build/BUILD/shim-16.1/Cryptlib/OpenSSL -I/builddir/build/BUILD/shim-16.1/Cryptlib -I/builddir/build/BUILD/shim-16.1/Cryptlib/OpenSSL/Include/ -I/builddir/build/BUILD/shim-16.1/Cryptlib/OpenSSL/crypto -I/builddir/build/BUILD/shim-16.1/Cryptlib/Include -I/builddir/build/BUILD/shim-16.1/gnu-efi/inc -I/builddir/build/BUILD/shim-16.1/gnu-efi/inc/aarch64 -I/builddir/build/BUILD/shim-16.1/gnu-efi/inc/protocol -I/builddir/build/BUILD/shim-16.1/Cryptlib/OpenSSL/crypto/asn1 -I/builddir/build/BUILD/shim-16.1/Cryptlib/OpenSSL/crypto/evp -I/builddir/build/BUILD/shim-16.1/Cryptlib/OpenSSL/crypto/modes -I/builddir/build/BUILD/shim-16.1/Cryptlib/OpenSSL/crypto/include -isystem /builddir/build/BUILD/shim-16.1/include/system -isystem /opt/rh/gcc-toolset-12/root/usr/lib/gcc/aarch64-redhat-linux/12/include -DL_ENDIAN -D_CRT_SECURE_NO_DEPRECATE -D_CRT_NONSTDC_NO_DEPRECATE -DOPENSSL_SMALL_FOOTPRINT -DPEDANTIC -DMDE_CPU_AARCH64   -c -o crypto/conf/conf_def.o /builddir/build/BUILD/shim-16.1/Cryptlib/OpenSSL/crypto/conf/conf_def.c
DEBUG util.py:463:  gcc -std=gnu11 -ggdb -gdwarf-4 -gstrict-dwarf -ffreestanding -fmacro-prefix-map=/builddir/build/BUILD/shim-16.1/= -fno-stack-protector -fno-strict-aliasing -fpic -fshort-wchar -nostdinc -Os -Wall -Wextra -Wno-missing-field-initializers -Wno-empty-body -Wno-implicit-fallthrough -Wno-old-style-declaration -Wno-unused-but-set-variable -Wno-unused-parameter -Werror -Wno-error=unused-but-set-variable -Wno-error=unused-parameter -I/builddir/build/BUILD/shim-16.1/Cryptlib/OpenSSL -I/builddir/build/BUILD/shim-16.1/Cryptlib -I/builddir/build/BUILD/shim-16.1/Cryptlib/OpenSSL/Include/ -I/builddir/build/BUILD/shim-16.1/Cryptlib/OpenSSL/crypto -I/builddir/build/BUILD/shim-16.1/Cryptlib/Include -I/builddir/build/BUILD/shim-16.1/gnu-efi/inc -I/builddir/build/BUILD/shim-16.1/gnu-efi/inc/aarch64 -I/builddir/build/BUILD/shim-16.1/gnu-efi/inc/protocol -I/builddir/build/BUILD/shim-16.1/Cryptlib/OpenSSL/crypto/asn1 -I/builddir/build/BUILD/shim-16.1/Cryptlib/OpenSSL/crypto/evp -I/builddir/build/BUILD/shim-16.1/Cryptlib/OpenSSL/crypto/modes -I/builddir/build/BUILD/shim-16.1/Cryptlib/OpenSSL/crypto/include -isystem /builddir/build/BUILD/shim-16.1/include/system -isystem /opt/rh/gcc-toolset-12/root/usr/lib/gcc/aarch64-redhat-linux/12/include -DL_ENDIAN -D_CRT_SECURE_NO_DEPRECATE -D_CRT_NONSTDC_NO_DEPRECATE -DOPENSSL_SMALL_FOOTPRINT -DPEDANTIC -DMDE_CPU_AARCH64   -c -o crypto/conf/conf_mod.o /builddir/build/BUILD/shim-16.1/Cryptlib/OpenSSL/crypto/conf/conf_mod.c
DEBUG util.py:463:  gcc -std=gnu11 -ggdb -gdwarf-4 -gstrict-dwarf -ffreestanding -fmacro-prefix-map=/builddir/build/BUILD/shim-16.1/= -fno-stack-protector -fno-strict-aliasing -fpic -fshort-wchar -nostdinc -Os -Wall -Wextra -Wno-missing-field-initializers -Wno-empty-body -Wno-implicit-fallthrough -Wno-old-style-declaration -Wno-unused-but-set-variable -Wno-unused-parameter -Werror -Wno-error=unused-but-set-variable -Wno-error=unused-parameter -I/builddir/build/BUILD/shim-16.1/Cryptlib/OpenSSL -I/builddir/build/BUILD/shim-16.1/Cryptlib -I/builddir/build/BUILD/shim-16.1/Cryptlib/OpenSSL/Include/ -I/builddir/build/BUILD/shim-16.1/Cryptlib/OpenSSL/crypto -I/builddir/build/BUILD/shim-16.1/Cryptlib/Include -I/builddir/build/BUILD/shim-16.1/gnu-efi/inc -I/builddir/build/BUILD/shim-16.1/gnu-efi/inc/aarch64 -I/builddir/build/BUILD/shim-16.1/gnu-efi/inc/protocol -I/builddir/build/BUILD/shim-16.1/Cryptlib/OpenSSL/crypto/asn1 -I/builddir/build/BUILD/shim-16.1/Cryptlib/OpenSSL/crypto/evp -I/builddir/build/BUILD/shim-16.1/Cryptlib/OpenSSL/crypto/modes -I/builddir/build/BUILD/shim-16.1/Cryptlib/OpenSSL/crypto/include -isystem /builddir/build/BUILD/shim-16.1/include/system -isystem /opt/rh/gcc-toolset-12/root/usr/lib/gcc/aarch64-redhat-linux/12/include -DL_ENDIAN -D_CRT_SECURE_NO_DEPRECATE -D_CRT_NONSTDC_NO_DEPRECATE -DOPENSSL_SMALL_FOOTPRINT -DPEDANTIC -DMDE_CPU_AARCH64   -c -o crypto/conf/conf_mall.o /builddir/build/BUILD/shim-16.1/Cryptlib/OpenSSL/crypto/conf/conf_mall.c
DEBUG util.py:463:  gcc -std=gnu11 -ggdb -gdwarf-4 -gstrict-dwarf -ffreestanding -fmacro-prefix-map=/builddir/build/BUILD/shim-16.1/= -fno-stack-protector -fno-strict-aliasing -fpic -fshort-wchar -nostdinc -Os -Wall -Wextra -Wno-missing-field-initializers -Wno-empty-body -Wno-implicit-fallthrough -Wno-old-style-declaration -Wno-unused-but-set-variable -Wno-unused-parameter -Werror -Wno-error=unused-but-set-variable -Wno-error=unused-parameter -I/builddir/build/BUILD/shim-16.1/Cryptlib/OpenSSL -I/builddir/build/BUILD/shim-16.1/Cryptlib -I/builddir/build/BUILD/shim-16.1/Cryptlib/OpenSSL/Include/ -I/builddir/build/BUILD/shim-16.1/Cryptlib/OpenSSL/crypto -I/builddir/build/BUILD/shim-16.1/Cryptlib/Include -I/builddir/build/BUILD/shim-16.1/gnu-efi/inc -I/builddir/build/BUILD/shim-16.1/gnu-efi/inc/aarch64 -I/builddir/build/BUILD/shim-16.1/gnu-efi/inc/protocol -I/builddir/build/BUILD/shim-16.1/Cryptlib/OpenSSL/crypto/asn1 -I/builddir/build/BUILD/shim-16.1/Cryptlib/OpenSSL/crypto/evp -I/builddir/build/BUILD/shim-16.1/Cryptlib/OpenSSL/crypto/modes -I/builddir/build/BUILD/shim-16.1/Cryptlib/OpenSSL/crypto/include -isystem /builddir/build/BUILD/shim-16.1/include/system -isystem /opt/rh/gcc-toolset-12/root/usr/lib/gcc/aarch64-redhat-linux/12/include -DL_ENDIAN -D_CRT_SECURE_NO_DEPRECATE -D_CRT_NONSTDC_NO_DEPRECATE -DOPENSSL_SMALL_FOOTPRINT -DPEDANTIC -DMDE_CPU_AARCH64   -c -o crypto/conf/conf_sap.o /builddir/build/BUILD/shim-16.1/Cryptlib/OpenSSL/crypto/conf/conf_sap.c
DEBUG util.py:463:  gcc -std=gnu11 -ggdb -gdwarf-4 -gstrict-dwarf -ffreestanding -fmacro-prefix-map=/builddir/build/BUILD/shim-16.1/= -fno-stack-protector -fno-strict-aliasing -fpic -fshort-wchar -nostdinc -Os -Wall -Wextra -Wno-missing-field-initializers -Wno-empty-body -Wno-implicit-fallthrough -Wno-old-style-declaration -Wno-unused-but-set-variable -Wno-unused-parameter -Werror -Wno-error=unused-but-set-variable -Wno-error=unused-parameter -I/builddir/build/BUILD/shim-16.1/Cryptlib/OpenSSL -I/builddir/build/BUILD/shim-16.1/Cryptlib -I/builddir/build/BUILD/shim-16.1/Cryptlib/OpenSSL/Include/ -I/builddir/build/BUILD/shim-16.1/Cryptlib/OpenSSL/crypto -I/builddir/build/BUILD/shim-16.1/Cryptlib/Include -I/builddir/build/BUILD/shim-16.1/gnu-efi/inc -I/builddir/build/BUILD/shim-16.1/gnu-efi/inc/aarch64 -I/builddir/build/BUILD/shim-16.1/gnu-efi/inc/protocol -I/builddir/build/BUILD/shim-16.1/Cryptlib/OpenSSL/crypto/asn1 -I/builddir/build/BUILD/shim-16.1/Cryptlib/OpenSSL/crypto/evp -I/builddir/build/BUILD/shim-16.1/Cryptlib/OpenSSL/crypto/modes -I/builddir/build/BUILD/shim-16.1/Cryptlib/OpenSSL/crypto/include -isystem /builddir/build/BUILD/shim-16.1/include/system -isystem /opt/rh/gcc-toolset-12/root/usr/lib/gcc/aarch64-redhat-linux/12/include -DL_ENDIAN -D_CRT_SECURE_NO_DEPRECATE -D_CRT_NONSTDC_NO_DEPRECATE -DOPENSSL_SMALL_FOOTPRINT -DPEDANTIC -DMDE_CPU_AARCH64   -c -o crypto/txt_db/txt_db.o /builddir/build/BUILD/shim-16.1/Cryptlib/OpenSSL/crypto/txt_db/txt_db.c
DEBUG util.py:463:  gcc -std=gnu11 -ggdb -gdwarf-4 -gstrict-dwarf -ffreestanding -fmacro-prefix-map=/builddir/build/BUILD/shim-16.1/= -fno-stack-protector -fno-strict-aliasing -fpic -fshort-wchar -nostdinc -Os -Wall -Wextra -Wno-missing-field-initializers -Wno-empty-body -Wno-implicit-fallthrough -Wno-old-style-declaration -Wno-unused-but-set-variable -Wno-unused-parameter -Werror -Wno-error=unused-but-set-variable -Wno-error=unused-parameter -I/builddir/build/BUILD/shim-16.1/Cryptlib/OpenSSL -I/builddir/build/BUILD/shim-16.1/Cryptlib -I/builddir/build/BUILD/shim-16.1/Cryptlib/OpenSSL/Include/ -I/builddir/build/BUILD/shim-16.1/Cryptlib/OpenSSL/crypto -I/builddir/build/BUILD/shim-16.1/Cryptlib/Include -I/builddir/build/BUILD/shim-16.1/gnu-efi/inc -I/builddir/build/BUILD/shim-16.1/gnu-efi/inc/aarch64 -I/builddir/build/BUILD/shim-16.1/gnu-efi/inc/protocol -I/builddir/build/BUILD/shim-16.1/Cryptlib/OpenSSL/crypto/asn1 -I/builddir/build/BUILD/shim-16.1/Cryptlib/OpenSSL/crypto/evp -I/builddir/build/BUILD/shim-16.1/Cryptlib/OpenSSL/crypto/modes -I/builddir/build/BUILD/shim-16.1/Cryptlib/OpenSSL/crypto/include -isystem /builddir/build/BUILD/shim-16.1/include/system -isystem /opt/rh/gcc-toolset-12/root/usr/lib/gcc/aarch64-redhat-linux/12/include -DL_ENDIAN -D_CRT_SECURE_NO_DEPRECATE -D_CRT_NONSTDC_NO_DEPRECATE -DOPENSSL_SMALL_FOOTPRINT -DPEDANTIC -DMDE_CPU_AARCH64   -c -o crypto/pkcs7/pk7_asn1.o /builddir/build/BUILD/shim-16.1/Cryptlib/OpenSSL/crypto/pkcs7/pk7_asn1.c
DEBUG util.py:463:  gcc -std=gnu11 -ggdb -gdwarf-4 -gstrict-dwarf -ffreestanding -fmacro-prefix-map=/builddir/build/BUILD/shim-16.1/= -fno-stack-protector -fno-strict-aliasing -fpic -fshort-wchar -nostdinc -Os -Wall -Wextra -Wno-missing-field-initializers -Wno-empty-body -Wno-implicit-fallthrough -Wno-old-style-declaration -Wno-unused-but-set-variable -Wno-unused-parameter -Werror -Wno-error=unused-but-set-variable -Wno-error=unused-parameter -I/builddir/build/BUILD/shim-16.1/Cryptlib/OpenSSL -I/builddir/build/BUILD/shim-16.1/Cryptlib -I/builddir/build/BUILD/shim-16.1/Cryptlib/OpenSSL/Include/ -I/builddir/build/BUILD/shim-16.1/Cryptlib/OpenSSL/crypto -I/builddir/build/BUILD/shim-16.1/Cryptlib/Include -I/builddir/build/BUILD/shim-16.1/gnu-efi/inc -I/builddir/build/BUILD/shim-16.1/gnu-efi/inc/aarch64 -I/builddir/build/BUILD/shim-16.1/gnu-efi/inc/protocol -I/builddir/build/BUILD/shim-16.1/Cryptlib/OpenSSL/crypto/asn1 -I/builddir/build/BUILD/shim-16.1/Cryptlib/OpenSSL/crypto/evp -I/builddir/build/BUILD/shim-16.1/Cryptlib/OpenSSL/crypto/modes -I/builddir/build/BUILD/shim-16.1/Cryptlib/OpenSSL/crypto/include -isystem /builddir/build/BUILD/shim-16.1/include/system -isystem /opt/rh/gcc-toolset-12/root/usr/lib/gcc/aarch64-redhat-linux/12/include -DL_ENDIAN -D_CRT_SECURE_NO_DEPRECATE -D_CRT_NONSTDC_NO_DEPRECATE -DOPENSSL_SMALL_FOOTPRINT -DPEDANTIC -DMDE_CPU_AARCH64   -c -o crypto/pkcs7/pk7_lib.o /builddir/build/BUILD/shim-16.1/Cryptlib/OpenSSL/crypto/pkcs7/pk7_lib.c
DEBUG util.py:463:  gcc -std=gnu11 -ggdb -gdwarf-4 -gstrict-dwarf -ffreestanding -fmacro-prefix-map=/builddir/build/BUILD/shim-16.1/= -fno-stack-protector -fno-strict-aliasing -fpic -fshort-wchar -nostdinc -Os -Wall -Wextra -Wno-missing-field-initializers -Wno-empty-body -Wno-implicit-fallthrough -Wno-old-style-declaration -Wno-unused-but-set-variable -Wno-unused-parameter -Werror -Wno-error=unused-but-set-variable -Wno-error=unused-parameter -I/builddir/build/BUILD/shim-16.1/Cryptlib/OpenSSL -I/builddir/build/BUILD/shim-16.1/Cryptlib -I/builddir/build/BUILD/shim-16.1/Cryptlib/OpenSSL/Include/ -I/builddir/build/BUILD/shim-16.1/Cryptlib/OpenSSL/crypto -I/builddir/build/BUILD/shim-16.1/Cryptlib/Include -I/builddir/build/BUILD/shim-16.1/gnu-efi/inc -I/builddir/build/BUILD/shim-16.1/gnu-efi/inc/aarch64 -I/builddir/build/BUILD/shim-16.1/gnu-efi/inc/protocol -I/builddir/build/BUILD/shim-16.1/Cryptlib/OpenSSL/crypto/asn1 -I/builddir/build/BUILD/shim-16.1/Cryptlib/OpenSSL/crypto/evp -I/builddir/build/BUILD/shim-16.1/Cryptlib/OpenSSL/crypto/modes -I/builddir/build/BUILD/shim-16.1/Cryptlib/OpenSSL/crypto/include -isystem /builddir/build/BUILD/shim-16.1/include/system -isystem /opt/rh/gcc-toolset-12/root/usr/lib/gcc/aarch64-redhat-linux/12/include -DL_ENDIAN -D_CRT_SECURE_NO_DEPRECATE -D_CRT_NONSTDC_NO_DEPRECATE -DOPENSSL_SMALL_FOOTPRINT -DPEDANTIC -DMDE_CPU_AARCH64   -c -o crypto/pkcs7/pkcs7err.o /builddir/build/BUILD/shim-16.1/Cryptlib/OpenSSL/crypto/pkcs7/pkcs7err.c
DEBUG util.py:463:  gcc -std=gnu11 -ggdb -gdwarf-4 -gstrict-dwarf -ffreestanding -fmacro-prefix-map=/builddir/build/BUILD/shim-16.1/= -fno-stack-protector -fno-strict-aliasing -fpic -fshort-wchar -nostdinc -Os -Wall -Wextra -Wno-missing-field-initializers -Wno-empty-body -Wno-implicit-fallthrough -Wno-old-style-declaration -Wno-unused-but-set-variable -Wno-unused-parameter -Werror -Wno-error=unused-but-set-variable -Wno-error=unused-parameter -I/builddir/build/BUILD/shim-16.1/Cryptlib/OpenSSL -I/builddir/build/BUILD/shim-16.1/Cryptlib -I/builddir/build/BUILD/shim-16.1/Cryptlib/OpenSSL/Include/ -I/builddir/build/BUILD/shim-16.1/Cryptlib/OpenSSL/crypto -I/builddir/build/BUILD/shim-16.1/Cryptlib/Include -I/builddir/build/BUILD/shim-16.1/gnu-efi/inc -I/builddir/build/BUILD/shim-16.1/gnu-efi/inc/aarch64 -I/builddir/build/BUILD/shim-16.1/gnu-efi/inc/protocol -I/builddir/build/BUILD/shim-16.1/Cryptlib/OpenSSL/crypto/asn1 -I/builddir/build/BUILD/shim-16.1/Cryptlib/OpenSSL/crypto/evp -I/builddir/build/BUILD/shim-16.1/Cryptlib/OpenSSL/crypto/modes -I/builddir/build/BUILD/shim-16.1/Cryptlib/OpenSSL/crypto/include -isystem /builddir/build/BUILD/shim-16.1/include/system -isystem /opt/rh/gcc-toolset-12/root/usr/lib/gcc/aarch64-redhat-linux/12/include -DL_ENDIAN -D_CRT_SECURE_NO_DEPRECATE -D_CRT_NONSTDC_NO_DEPRECATE -DOPENSSL_SMALL_FOOTPRINT -DPEDANTIC -DMDE_CPU_AARCH64   -c -o crypto/pkcs7/pk7_doit.o /builddir/build/BUILD/shim-16.1/Cryptlib/OpenSSL/crypto/pkcs7/pk7_doit.c
DEBUG util.py:463:  gcc -std=gnu11 -ggdb -gdwarf-4 -gstrict-dwarf -ffreestanding -fmacro-prefix-map=/builddir/build/BUILD/shim-16.1/= -fno-stack-protector -fno-strict-aliasing -fpic -fshort-wchar -nostdinc -Os -Wall -Wextra -Wno-missing-field-initializers -Wno-empty-body -Wno-implicit-fallthrough -Wno-old-style-declaration -Wno-unused-but-set-variable -Wno-unused-parameter -Werror -Wno-error=unused-but-set-variable -Wno-error=unused-parameter -I/builddir/build/BUILD/shim-16.1/Cryptlib/OpenSSL -I/builddir/build/BUILD/shim-16.1/Cryptlib -I/builddir/build/BUILD/shim-16.1/Cryptlib/OpenSSL/Include/ -I/builddir/build/BUILD/shim-16.1/Cryptlib/OpenSSL/crypto -I/builddir/build/BUILD/shim-16.1/Cryptlib/Include -I/builddir/build/BUILD/shim-16.1/gnu-efi/inc -I/builddir/build/BUILD/shim-16.1/gnu-efi/inc/aarch64 -I/builddir/build/BUILD/shim-16.1/gnu-efi/inc/protocol -I/builddir/build/BUILD/shim-16.1/Cryptlib/OpenSSL/crypto/asn1 -I/builddir/build/BUILD/shim-16.1/Cryptlib/OpenSSL/crypto/evp -I/builddir/build/BUILD/shim-16.1/Cryptlib/OpenSSL/crypto/modes -I/builddir/build/BUILD/shim-16.1/Cryptlib/OpenSSL/crypto/include -isystem /builddir/build/BUILD/shim-16.1/include/system -isystem /opt/rh/gcc-toolset-12/root/usr/lib/gcc/aarch64-redhat-linux/12/include -DL_ENDIAN -D_CRT_SECURE_NO_DEPRECATE -D_CRT_NONSTDC_NO_DEPRECATE -DOPENSSL_SMALL_FOOTPRINT -DPEDANTIC -DMDE_CPU_AARCH64   -c -o crypto/pkcs7/pk7_smime.o /builddir/build/BUILD/shim-16.1/Cryptlib/OpenSSL/crypto/pkcs7/pk7_smime.c
DEBUG util.py:463:  gcc -std=gnu11 -ggdb -gdwarf-4 -gstrict-dwarf -ffreestanding -fmacro-prefix-map=/builddir/build/BUILD/shim-16.1/= -fno-stack-protector -fno-strict-aliasing -fpic -fshort-wchar -nostdinc -Os -Wall -Wextra -Wno-missing-field-initializers -Wno-empty-body -Wno-implicit-fallthrough -Wno-old-style-declaration -Wno-unused-but-set-variable -Wno-unused-parameter -Werror -Wno-error=unused-but-set-variable -Wno-error=unused-parameter -I/builddir/build/BUILD/shim-16.1/Cryptlib/OpenSSL -I/builddir/build/BUILD/shim-16.1/Cryptlib -I/builddir/build/BUILD/shim-16.1/Cryptlib/OpenSSL/Include/ -I/builddir/build/BUILD/shim-16.1/Cryptlib/OpenSSL/crypto -I/builddir/build/BUILD/shim-16.1/Cryptlib/Include -I/builddir/build/BUILD/shim-16.1/gnu-efi/inc -I/builddir/build/BUILD/shim-16.1/gnu-efi/inc/aarch64 -I/builddir/build/BUILD/shim-16.1/gnu-efi/inc/protocol -I/builddir/build/BUILD/shim-16.1/Cryptlib/OpenSSL/crypto/asn1 -I/builddir/build/BUILD/shim-16.1/Cryptlib/OpenSSL/crypto/evp -I/builddir/build/BUILD/shim-16.1/Cryptlib/OpenSSL/crypto/modes -I/builddir/build/BUILD/shim-16.1/Cryptlib/OpenSSL/crypto/include -isystem /builddir/build/BUILD/shim-16.1/include/system -isystem /opt/rh/gcc-toolset-12/root/usr/lib/gcc/aarch64-redhat-linux/12/include -DL_ENDIAN -D_CRT_SECURE_NO_DEPRECATE -D_CRT_NONSTDC_NO_DEPRECATE -DOPENSSL_SMALL_FOOTPRINT -DPEDANTIC -DMDE_CPU_AARCH64   -c -o crypto/pkcs7/pk7_attr.o /builddir/build/BUILD/shim-16.1/Cryptlib/OpenSSL/crypto/pkcs7/pk7_attr.c
DEBUG util.py:463:  gcc -std=gnu11 -ggdb -gdwarf-4 -gstrict-dwarf -ffreestanding -fmacro-prefix-map=/builddir/build/BUILD/shim-16.1/= -fno-stack-protector -fno-strict-aliasing -fpic -fshort-wchar -nostdinc -Os -Wall -Wextra -Wno-missing-field-initializers -Wno-empty-body -Wno-implicit-fallthrough -Wno-old-style-declaration -Wno-unused-but-set-variable -Wno-unused-parameter -Werror -Wno-error=unused-but-set-variable -Wno-error=unused-parameter -I/builddir/build/BUILD/shim-16.1/Cryptlib/OpenSSL -I/builddir/build/BUILD/shim-16.1/Cryptlib -I/builddir/build/BUILD/shim-16.1/Cryptlib/OpenSSL/Include/ -I/builddir/build/BUILD/shim-16.1/Cryptlib/OpenSSL/crypto -I/builddir/build/BUILD/shim-16.1/Cryptlib/Include -I/builddir/build/BUILD/shim-16.1/gnu-efi/inc -I/builddir/build/BUILD/shim-16.1/gnu-efi/inc/aarch64 -I/builddir/build/BUILD/shim-16.1/gnu-efi/inc/protocol -I/builddir/build/BUILD/shim-16.1/Cryptlib/OpenSSL/crypto/asn1 -I/builddir/build/BUILD/shim-16.1/Cryptlib/OpenSSL/crypto/evp -I/builddir/build/BUILD/shim-16.1/Cryptlib/OpenSSL/crypto/modes -I/builddir/build/BUILD/shim-16.1/Cryptlib/OpenSSL/crypto/include -isystem /builddir/build/BUILD/shim-16.1/include/system -isystem /opt/rh/gcc-toolset-12/root/usr/lib/gcc/aarch64-redhat-linux/12/include -DL_ENDIAN -D_CRT_SECURE_NO_DEPRECATE -D_CRT_NONSTDC_NO_DEPRECATE -DOPENSSL_SMALL_FOOTPRINT -DPEDANTIC -DMDE_CPU_AARCH64   -c -o crypto/pkcs7/pk7_mime.o /builddir/build/BUILD/shim-16.1/Cryptlib/OpenSSL/crypto/pkcs7/pk7_mime.c
DEBUG util.py:463:  gcc -std=gnu11 -ggdb -gdwarf-4 -gstrict-dwarf -ffreestanding -fmacro-prefix-map=/builddir/build/BUILD/shim-16.1/= -fno-stack-protector -fno-strict-aliasing -fpic -fshort-wchar -nostdinc -Os -Wall -Wextra -Wno-missing-field-initializers -Wno-empty-body -Wno-implicit-fallthrough -Wno-old-style-declaration -Wno-unused-but-set-variable -Wno-unused-parameter -Werror -Wno-error=unused-but-set-variable -Wno-error=unused-parameter -I/builddir/build/BUILD/shim-16.1/Cryptlib/OpenSSL -I/builddir/build/BUILD/shim-16.1/Cryptlib -I/builddir/build/BUILD/shim-16.1/Cryptlib/OpenSSL/Include/ -I/builddir/build/BUILD/shim-16.1/Cryptlib/OpenSSL/crypto -I/builddir/build/BUILD/shim-16.1/Cryptlib/Include -I/builddir/build/BUILD/shim-16.1/gnu-efi/inc -I/builddir/build/BUILD/shim-16.1/gnu-efi/inc/aarch64 -I/builddir/build/BUILD/shim-16.1/gnu-efi/inc/protocol -I/builddir/build/BUILD/shim-16.1/Cryptlib/OpenSSL/crypto/asn1 -I/builddir/build/BUILD/shim-16.1/Cryptlib/OpenSSL/crypto/evp -I/builddir/build/BUILD/shim-16.1/Cryptlib/OpenSSL/crypto/modes -I/builddir/build/BUILD/shim-16.1/Cryptlib/OpenSSL/crypto/include -isystem /builddir/build/BUILD/shim-16.1/include/system -isystem /opt/rh/gcc-toolset-12/root/usr/lib/gcc/aarch64-redhat-linux/12/include -DL_ENDIAN -D_CRT_SECURE_NO_DEPRECATE -D_CRT_NONSTDC_NO_DEPRECATE -DOPENSSL_SMALL_FOOTPRINT -DPEDANTIC -DMDE_CPU_AARCH64   -c -o crypto/pkcs7/bio_pk7.o /builddir/build/BUILD/shim-16.1/Cryptlib/OpenSSL/crypto/pkcs7/bio_pk7.c
DEBUG util.py:463:  gcc -std=gnu11 -ggdb -gdwarf-4 -gstrict-dwarf -ffreestanding -fmacro-prefix-map=/builddir/build/BUILD/shim-16.1/= -fno-stack-protector -fno-strict-aliasing -fpic -fshort-wchar -nostdinc -Os -Wall -Wextra -Wno-missing-field-initializers -Wno-empty-body -Wno-implicit-fallthrough -Wno-old-style-declaration -Wno-unused-but-set-variable -Wno-unused-parameter -Werror -Wno-error=unused-but-set-variable -Wno-error=unused-parameter -I/builddir/build/BUILD/shim-16.1/Cryptlib/OpenSSL -I/builddir/build/BUILD/shim-16.1/Cryptlib -I/builddir/build/BUILD/shim-16.1/Cryptlib/OpenSSL/Include/ -I/builddir/build/BUILD/shim-16.1/Cryptlib/OpenSSL/crypto -I/builddir/build/BUILD/shim-16.1/Cryptlib/Include -I/builddir/build/BUILD/shim-16.1/gnu-efi/inc -I/builddir/build/BUILD/shim-16.1/gnu-efi/inc/aarch64 -I/builddir/build/BUILD/shim-16.1/gnu-efi/inc/protocol -I/builddir/build/BUILD/shim-16.1/Cryptlib/OpenSSL/crypto/asn1 -I/builddir/build/BUILD/shim-16.1/Cryptlib/OpenSSL/crypto/evp -I/builddir/build/BUILD/shim-16.1/Cryptlib/OpenSSL/crypto/modes -I/builddir/build/BUILD/shim-16.1/Cryptlib/OpenSSL/crypto/include -isystem /builddir/build/BUILD/shim-16.1/include/system -isystem /opt/rh/gcc-toolset-12/root/usr/lib/gcc/aarch64-redhat-linux/12/include -DL_ENDIAN -D_CRT_SECURE_NO_DEPRECATE -D_CRT_NONSTDC_NO_DEPRECATE -DOPENSSL_SMALL_FOOTPRINT -DPEDANTIC -DMDE_CPU_AARCH64   -c -o crypto/pkcs12/p12_add.o /builddir/build/BUILD/shim-16.1/Cryptlib/OpenSSL/crypto/pkcs12/p12_add.c
DEBUG util.py:463:  gcc -std=gnu11 -ggdb -gdwarf-4 -gstrict-dwarf -ffreestanding -fmacro-prefix-map=/builddir/build/BUILD/shim-16.1/= -fno-stack-protector -fno-strict-aliasing -fpic -fshort-wchar -nostdinc -Os -Wall -Wextra -Wno-missing-field-initializers -Wno-empty-body -Wno-implicit-fallthrough -Wno-old-style-declaration -Wno-unused-but-set-variable -Wno-unused-parameter -Werror -Wno-error=unused-but-set-variable -Wno-error=unused-parameter -I/builddir/build/BUILD/shim-16.1/Cryptlib/OpenSSL -I/builddir/build/BUILD/shim-16.1/Cryptlib -I/builddir/build/BUILD/shim-16.1/Cryptlib/OpenSSL/Include/ -I/builddir/build/BUILD/shim-16.1/Cryptlib/OpenSSL/crypto -I/builddir/build/BUILD/shim-16.1/Cryptlib/Include -I/builddir/build/BUILD/shim-16.1/gnu-efi/inc -I/builddir/build/BUILD/shim-16.1/gnu-efi/inc/aarch64 -I/builddir/build/BUILD/shim-16.1/gnu-efi/inc/protocol -I/builddir/build/BUILD/shim-16.1/Cryptlib/OpenSSL/crypto/asn1 -I/builddir/build/BUILD/shim-16.1/Cryptlib/OpenSSL/crypto/evp -I/builddir/build/BUILD/shim-16.1/Cryptlib/OpenSSL/crypto/modes -I/builddir/build/BUILD/shim-16.1/Cryptlib/OpenSSL/crypto/include -isystem /builddir/build/BUILD/shim-16.1/include/system -isystem /opt/rh/gcc-toolset-12/root/usr/lib/gcc/aarch64-redhat-linux/12/include -DL_ENDIAN -D_CRT_SECURE_NO_DEPRECATE -D_CRT_NONSTDC_NO_DEPRECATE -DOPENSSL_SMALL_FOOTPRINT -DPEDANTIC -DMDE_CPU_AARCH64   -c -o crypto/pkcs12/p12_asn.o /builddir/build/BUILD/shim-16.1/Cryptlib/OpenSSL/crypto/pkcs12/p12_asn.c
DEBUG util.py:463:  gcc -std=gnu11 -ggdb -gdwarf-4 -gstrict-dwarf -ffreestanding -fmacro-prefix-map=/builddir/build/BUILD/shim-16.1/= -fno-stack-protector -fno-strict-aliasing -fpic -fshort-wchar -nostdinc -Os -Wall -Wextra -Wno-missing-field-initializers -Wno-empty-body -Wno-implicit-fallthrough -Wno-old-style-declaration -Wno-unused-but-set-variable -Wno-unused-parameter -Werror -Wno-error=unused-but-set-variable -Wno-error=unused-parameter -I/builddir/build/BUILD/shim-16.1/Cryptlib/OpenSSL -I/builddir/build/BUILD/shim-16.1/Cryptlib -I/builddir/build/BUILD/shim-16.1/Cryptlib/OpenSSL/Include/ -I/builddir/build/BUILD/shim-16.1/Cryptlib/OpenSSL/crypto -I/builddir/build/BUILD/shim-16.1/Cryptlib/Include -I/builddir/build/BUILD/shim-16.1/gnu-efi/inc -I/builddir/build/BUILD/shim-16.1/gnu-efi/inc/aarch64 -I/builddir/build/BUILD/shim-16.1/gnu-efi/inc/protocol -I/builddir/build/BUILD/shim-16.1/Cryptlib/OpenSSL/crypto/asn1 -I/builddir/build/BUILD/shim-16.1/Cryptlib/OpenSSL/crypto/evp -I/builddir/build/BUILD/shim-16.1/Cryptlib/OpenSSL/crypto/modes -I/builddir/build/BUILD/shim-16.1/Cryptlib/OpenSSL/crypto/include -isystem /builddir/build/BUILD/shim-16.1/include/system -isystem /opt/rh/gcc-toolset-12/root/usr/lib/gcc/aarch64-redhat-linux/12/include -DL_ENDIAN -D_CRT_SECURE_NO_DEPRECATE -D_CRT_NONSTDC_NO_DEPRECATE -DOPENSSL_SMALL_FOOTPRINT -DPEDANTIC -DMDE_CPU_AARCH64   -c -o crypto/pkcs12/p12_attr.o /builddir/build/BUILD/shim-16.1/Cryptlib/OpenSSL/crypto/pkcs12/p12_attr.c
DEBUG util.py:463:  gcc -std=gnu11 -ggdb -gdwarf-4 -gstrict-dwarf -ffreestanding -fmacro-prefix-map=/builddir/build/BUILD/shim-16.1/= -fno-stack-protector -fno-strict-aliasing -fpic -fshort-wchar -nostdinc -Os -Wall -Wextra -Wno-missing-field-initializers -Wno-empty-body -Wno-implicit-fallthrough -Wno-old-style-declaration -Wno-unused-but-set-variable -Wno-unused-parameter -Werror -Wno-error=unused-but-set-variable -Wno-error=unused-parameter -I/builddir/build/BUILD/shim-16.1/Cryptlib/OpenSSL -I/builddir/build/BUILD/shim-16.1/Cryptlib -I/builddir/build/BUILD/shim-16.1/Cryptlib/OpenSSL/Include/ -I/builddir/build/BUILD/shim-16.1/Cryptlib/OpenSSL/crypto -I/builddir/build/BUILD/shim-16.1/Cryptlib/Include -I/builddir/build/BUILD/shim-16.1/gnu-efi/inc -I/builddir/build/BUILD/shim-16.1/gnu-efi/inc/aarch64 -I/builddir/build/BUILD/shim-16.1/gnu-efi/inc/protocol -I/builddir/build/BUILD/shim-16.1/Cryptlib/OpenSSL/crypto/asn1 -I/builddir/build/BUILD/shim-16.1/Cryptlib/OpenSSL/crypto/evp -I/builddir/build/BUILD/shim-16.1/Cryptlib/OpenSSL/crypto/modes -I/builddir/build/BUILD/shim-16.1/Cryptlib/OpenSSL/crypto/include -isystem /builddir/build/BUILD/shim-16.1/include/system -isystem /opt/rh/gcc-toolset-12/root/usr/lib/gcc/aarch64-redhat-linux/12/include -DL_ENDIAN -D_CRT_SECURE_NO_DEPRECATE -D_CRT_NONSTDC_NO_DEPRECATE -DOPENSSL_SMALL_FOOTPRINT -DPEDANTIC -DMDE_CPU_AARCH64   -c -o crypto/pkcs12/p12_crpt.o /builddir/build/BUILD/shim-16.1/Cryptlib/OpenSSL/crypto/pkcs12/p12_crpt.c
DEBUG util.py:463:  gcc -std=gnu11 -ggdb -gdwarf-4 -gstrict-dwarf -ffreestanding -fmacro-prefix-map=/builddir/build/BUILD/shim-16.1/= -fno-stack-protector -fno-strict-aliasing -fpic -fshort-wchar -nostdinc -Os -Wall -Wextra -Wno-missing-field-initializers -Wno-empty-body -Wno-implicit-fallthrough -Wno-old-style-declaration -Wno-unused-but-set-variable -Wno-unused-parameter -Werror -Wno-error=unused-but-set-variable -Wno-error=unused-parameter -I/builddir/build/BUILD/shim-16.1/Cryptlib/OpenSSL -I/builddir/build/BUILD/shim-16.1/Cryptlib -I/builddir/build/BUILD/shim-16.1/Cryptlib/OpenSSL/Include/ -I/builddir/build/BUILD/shim-16.1/Cryptlib/OpenSSL/crypto -I/builddir/build/BUILD/shim-16.1/Cryptlib/Include -I/builddir/build/BUILD/shim-16.1/gnu-efi/inc -I/builddir/build/BUILD/shim-16.1/gnu-efi/inc/aarch64 -I/builddir/build/BUILD/shim-16.1/gnu-efi/inc/protocol -I/builddir/build/BUILD/shim-16.1/Cryptlib/OpenSSL/crypto/asn1 -I/builddir/build/BUILD/shim-16.1/Cryptlib/OpenSSL/crypto/evp -I/builddir/build/BUILD/shim-16.1/Cryptlib/OpenSSL/crypto/modes -I/builddir/build/BUILD/shim-16.1/Cryptlib/OpenSSL/crypto/include -isystem /builddir/build/BUILD/shim-16.1/include/system -isystem /opt/rh/gcc-toolset-12/root/usr/lib/gcc/aarch64-redhat-linux/12/include -DL_ENDIAN -D_CRT_SECURE_NO_DEPRECATE -D_CRT_NONSTDC_NO_DEPRECATE -DOPENSSL_SMALL_FOOTPRINT -DPEDANTIC -DMDE_CPU_AARCH64   -c -o crypto/pkcs12/p12_crt.o /builddir/build/BUILD/shim-16.1/Cryptlib/OpenSSL/crypto/pkcs12/p12_crt.c
DEBUG util.py:463:  gcc -std=gnu11 -ggdb -gdwarf-4 -gstrict-dwarf -ffreestanding -fmacro-prefix-map=/builddir/build/BUILD/shim-16.1/= -fno-stack-protector -fno-strict-aliasing -fpic -fshort-wchar -nostdinc -Os -Wall -Wextra -Wno-missing-field-initializers -Wno-empty-body -Wno-implicit-fallthrough -Wno-old-style-declaration -Wno-unused-but-set-variable -Wno-unused-parameter -Werror -Wno-error=unused-but-set-variable -Wno-error=unused-parameter -I/builddir/build/BUILD/shim-16.1/Cryptlib/OpenSSL -I/builddir/build/BUILD/shim-16.1/Cryptlib -I/builddir/build/BUILD/shim-16.1/Cryptlib/OpenSSL/Include/ -I/builddir/build/BUILD/shim-16.1/Cryptlib/OpenSSL/crypto -I/builddir/build/BUILD/shim-16.1/Cryptlib/Include -I/builddir/build/BUILD/shim-16.1/gnu-efi/inc -I/builddir/build/BUILD/shim-16.1/gnu-efi/inc/aarch64 -I/builddir/build/BUILD/shim-16.1/gnu-efi/inc/protocol -I/builddir/build/BUILD/shim-16.1/Cryptlib/OpenSSL/crypto/asn1 -I/builddir/build/BUILD/shim-16.1/Cryptlib/OpenSSL/crypto/evp -I/builddir/build/BUILD/shim-16.1/Cryptlib/OpenSSL/crypto/modes -I/builddir/build/BUILD/shim-16.1/Cryptlib/OpenSSL/crypto/include -isystem /builddir/build/BUILD/shim-16.1/include/system -isystem /opt/rh/gcc-toolset-12/root/usr/lib/gcc/aarch64-redhat-linux/12/include -DL_ENDIAN -D_CRT_SECURE_NO_DEPRECATE -D_CRT_NONSTDC_NO_DEPRECATE -DOPENSSL_SMALL_FOOTPRINT -DPEDANTIC -DMDE_CPU_AARCH64   -c -o crypto/pkcs12/p12_decr.o /builddir/build/BUILD/shim-16.1/Cryptlib/OpenSSL/crypto/pkcs12/p12_decr.c
DEBUG util.py:463:  gcc -std=gnu11 -ggdb -gdwarf-4 -gstrict-dwarf -ffreestanding -fmacro-prefix-map=/builddir/build/BUILD/shim-16.1/= -fno-stack-protector -fno-strict-aliasing -fpic -fshort-wchar -nostdinc -Os -Wall -Wextra -Wno-missing-field-initializers -Wno-empty-body -Wno-implicit-fallthrough -Wno-old-style-declaration -Wno-unused-but-set-variable -Wno-unused-parameter -Werror -Wno-error=unused-but-set-variable -Wno-error=unused-parameter -I/builddir/build/BUILD/shim-16.1/Cryptlib/OpenSSL -I/builddir/build/BUILD/shim-16.1/Cryptlib -I/builddir/build/BUILD/shim-16.1/Cryptlib/OpenSSL/Include/ -I/builddir/build/BUILD/shim-16.1/Cryptlib/OpenSSL/crypto -I/builddir/build/BUILD/shim-16.1/Cryptlib/Include -I/builddir/build/BUILD/shim-16.1/gnu-efi/inc -I/builddir/build/BUILD/shim-16.1/gnu-efi/inc/aarch64 -I/builddir/build/BUILD/shim-16.1/gnu-efi/inc/protocol -I/builddir/build/BUILD/shim-16.1/Cryptlib/OpenSSL/crypto/asn1 -I/builddir/build/BUILD/shim-16.1/Cryptlib/OpenSSL/crypto/evp -I/builddir/build/BUILD/shim-16.1/Cryptlib/OpenSSL/crypto/modes -I/builddir/build/BUILD/shim-16.1/Cryptlib/OpenSSL/crypto/include -isystem /builddir/build/BUILD/shim-16.1/include/system -isystem /opt/rh/gcc-toolset-12/root/usr/lib/gcc/aarch64-redhat-linux/12/include -DL_ENDIAN -D_CRT_SECURE_NO_DEPRECATE -D_CRT_NONSTDC_NO_DEPRECATE -DOPENSSL_SMALL_FOOTPRINT -DPEDANTIC -DMDE_CPU_AARCH64   -c -o crypto/pkcs12/p12_init.o /builddir/build/BUILD/shim-16.1/Cryptlib/OpenSSL/crypto/pkcs12/p12_init.c
DEBUG util.py:463:  gcc -std=gnu11 -ggdb -gdwarf-4 -gstrict-dwarf -ffreestanding -fmacro-prefix-map=/builddir/build/BUILD/shim-16.1/= -fno-stack-protector -fno-strict-aliasing -fpic -fshort-wchar -nostdinc -Os -Wall -Wextra -Wno-missing-field-initializers -Wno-empty-body -Wno-implicit-fallthrough -Wno-old-style-declaration -Wno-unused-but-set-variable -Wno-unused-parameter -Werror -Wno-error=unused-but-set-variable -Wno-error=unused-parameter -I/builddir/build/BUILD/shim-16.1/Cryptlib/OpenSSL -I/builddir/build/BUILD/shim-16.1/Cryptlib -I/builddir/build/BUILD/shim-16.1/Cryptlib/OpenSSL/Include/ -I/builddir/build/BUILD/shim-16.1/Cryptlib/OpenSSL/crypto -I/builddir/build/BUILD/shim-16.1/Cryptlib/Include -I/builddir/build/BUILD/shim-16.1/gnu-efi/inc -I/builddir/build/BUILD/shim-16.1/gnu-efi/inc/aarch64 -I/builddir/build/BUILD/shim-16.1/gnu-efi/inc/protocol -I/builddir/build/BUILD/shim-16.1/Cryptlib/OpenSSL/crypto/asn1 -I/builddir/build/BUILD/shim-16.1/Cryptlib/OpenSSL/crypto/evp -I/builddir/build/BUILD/shim-16.1/Cryptlib/OpenSSL/crypto/modes -I/builddir/build/BUILD/shim-16.1/Cryptlib/OpenSSL/crypto/include -isystem /builddir/build/BUILD/shim-16.1/include/system -isystem /opt/rh/gcc-toolset-12/root/usr/lib/gcc/aarch64-redhat-linux/12/include -DL_ENDIAN -D_CRT_SECURE_NO_DEPRECATE -D_CRT_NONSTDC_NO_DEPRECATE -DOPENSSL_SMALL_FOOTPRINT -DPEDANTIC -DMDE_CPU_AARCH64   -c -o crypto/pkcs12/p12_key.o /builddir/build/BUILD/shim-16.1/Cryptlib/OpenSSL/crypto/pkcs12/p12_key.c
DEBUG util.py:463:  gcc -std=gnu11 -ggdb -gdwarf-4 -gstrict-dwarf -ffreestanding -fmacro-prefix-map=/builddir/build/BUILD/shim-16.1/= -fno-stack-protector -fno-strict-aliasing -fpic -fshort-wchar -nostdinc -Os -Wall -Wextra -Wno-missing-field-initializers -Wno-empty-body -Wno-implicit-fallthrough -Wno-old-style-declaration -Wno-unused-but-set-variable -Wno-unused-parameter -Werror -Wno-error=unused-but-set-variable -Wno-error=unused-parameter -I/builddir/build/BUILD/shim-16.1/Cryptlib/OpenSSL -I/builddir/build/BUILD/shim-16.1/Cryptlib -I/builddir/build/BUILD/shim-16.1/Cryptlib/OpenSSL/Include/ -I/builddir/build/BUILD/shim-16.1/Cryptlib/OpenSSL/crypto -I/builddir/build/BUILD/shim-16.1/Cryptlib/Include -I/builddir/build/BUILD/shim-16.1/gnu-efi/inc -I/builddir/build/BUILD/shim-16.1/gnu-efi/inc/aarch64 -I/builddir/build/BUILD/shim-16.1/gnu-efi/inc/protocol -I/builddir/build/BUILD/shim-16.1/Cryptlib/OpenSSL/crypto/asn1 -I/builddir/build/BUILD/shim-16.1/Cryptlib/OpenSSL/crypto/evp -I/builddir/build/BUILD/shim-16.1/Cryptlib/OpenSSL/crypto/modes -I/builddir/build/BUILD/shim-16.1/Cryptlib/OpenSSL/crypto/include -isystem /builddir/build/BUILD/shim-16.1/include/system -isystem /opt/rh/gcc-toolset-12/root/usr/lib/gcc/aarch64-redhat-linux/12/include -DL_ENDIAN -D_CRT_SECURE_NO_DEPRECATE -D_CRT_NONSTDC_NO_DEPRECATE -DOPENSSL_SMALL_FOOTPRINT -DPEDANTIC -DMDE_CPU_AARCH64   -c -o crypto/pkcs12/p12_kiss.o /builddir/build/BUILD/shim-16.1/Cryptlib/OpenSSL/crypto/pkcs12/p12_kiss.c
DEBUG util.py:463:  gcc -std=gnu11 -ggdb -gdwarf-4 -gstrict-dwarf -ffreestanding -fmacro-prefix-map=/builddir/build/BUILD/shim-16.1/= -fno-stack-protector -fno-strict-aliasing -fpic -fshort-wchar -nostdinc -Os -Wall -Wextra -Wno-missing-field-initializers -Wno-empty-body -Wno-implicit-fallthrough -Wno-old-style-declaration -Wno-unused-but-set-variable -Wno-unused-parameter -Werror -Wno-error=unused-but-set-variable -Wno-error=unused-parameter -I/builddir/build/BUILD/shim-16.1/Cryptlib/OpenSSL -I/builddir/build/BUILD/shim-16.1/Cryptlib -I/builddir/build/BUILD/shim-16.1/Cryptlib/OpenSSL/Include/ -I/builddir/build/BUILD/shim-16.1/Cryptlib/OpenSSL/crypto -I/builddir/build/BUILD/shim-16.1/Cryptlib/Include -I/builddir/build/BUILD/shim-16.1/gnu-efi/inc -I/builddir/build/BUILD/shim-16.1/gnu-efi/inc/aarch64 -I/builddir/build/BUILD/shim-16.1/gnu-efi/inc/protocol -I/builddir/build/BUILD/shim-16.1/Cryptlib/OpenSSL/crypto/asn1 -I/builddir/build/BUILD/shim-16.1/Cryptlib/OpenSSL/crypto/evp -I/builddir/build/BUILD/shim-16.1/Cryptlib/OpenSSL/crypto/modes -I/builddir/build/BUILD/shim-16.1/Cryptlib/OpenSSL/crypto/include -isystem /builddir/build/BUILD/shim-16.1/include/system -isystem /opt/rh/gcc-toolset-12/root/usr/lib/gcc/aarch64-redhat-linux/12/include -DL_ENDIAN -D_CRT_SECURE_NO_DEPRECATE -D_CRT_NONSTDC_NO_DEPRECATE -DOPENSSL_SMALL_FOOTPRINT -DPEDANTIC -DMDE_CPU_AARCH64   -c -o crypto/pkcs12/p12_mutl.o /builddir/build/BUILD/shim-16.1/Cryptlib/OpenSSL/crypto/pkcs12/p12_mutl.c
DEBUG util.py:463:  gcc -std=gnu11 -ggdb -gdwarf-4 -gstrict-dwarf -ffreestanding -fmacro-prefix-map=/builddir/build/BUILD/shim-16.1/= -fno-stack-protector -fno-strict-aliasing -fpic -fshort-wchar -nostdinc -Os -Wall -Wextra -Wno-missing-field-initializers -Wno-empty-body -Wno-implicit-fallthrough -Wno-old-style-declaration -Wno-unused-but-set-variable -Wno-unused-parameter -Werror -Wno-error=unused-but-set-variable -Wno-error=unused-parameter -I/builddir/build/BUILD/shim-16.1/Cryptlib/OpenSSL -I/builddir/build/BUILD/shim-16.1/Cryptlib -I/builddir/build/BUILD/shim-16.1/Cryptlib/OpenSSL/Include/ -I/builddir/build/BUILD/shim-16.1/Cryptlib/OpenSSL/crypto -I/builddir/build/BUILD/shim-16.1/Cryptlib/Include -I/builddir/build/BUILD/shim-16.1/gnu-efi/inc -I/builddir/build/BUILD/shim-16.1/gnu-efi/inc/aarch64 -I/builddir/build/BUILD/shim-16.1/gnu-efi/inc/protocol -I/builddir/build/BUILD/shim-16.1/Cryptlib/OpenSSL/crypto/asn1 -I/builddir/build/BUILD/shim-16.1/Cryptlib/OpenSSL/crypto/evp -I/builddir/build/BUILD/shim-16.1/Cryptlib/OpenSSL/crypto/modes -I/builddir/build/BUILD/shim-16.1/Cryptlib/OpenSSL/crypto/include -isystem /builddir/build/BUILD/shim-16.1/include/system -isystem /opt/rh/gcc-toolset-12/root/usr/lib/gcc/aarch64-redhat-linux/12/include -DL_ENDIAN -D_CRT_SECURE_NO_DEPRECATE -D_CRT_NONSTDC_NO_DEPRECATE -DOPENSSL_SMALL_FOOTPRINT -DPEDANTIC -DMDE_CPU_AARCH64   -c -o crypto/pkcs12/p12_utl.o /builddir/build/BUILD/shim-16.1/Cryptlib/OpenSSL/crypto/pkcs12/p12_utl.c
DEBUG util.py:463:  gcc -std=gnu11 -ggdb -gdwarf-4 -gstrict-dwarf -ffreestanding -fmacro-prefix-map=/builddir/build/BUILD/shim-16.1/= -fno-stack-protector -fno-strict-aliasing -fpic -fshort-wchar -nostdinc -Os -Wall -Wextra -Wno-missing-field-initializers -Wno-empty-body -Wno-implicit-fallthrough -Wno-old-style-declaration -Wno-unused-but-set-variable -Wno-unused-parameter -Werror -Wno-error=unused-but-set-variable -Wno-error=unused-parameter -I/builddir/build/BUILD/shim-16.1/Cryptlib/OpenSSL -I/builddir/build/BUILD/shim-16.1/Cryptlib -I/builddir/build/BUILD/shim-16.1/Cryptlib/OpenSSL/Include/ -I/builddir/build/BUILD/shim-16.1/Cryptlib/OpenSSL/crypto -I/builddir/build/BUILD/shim-16.1/Cryptlib/Include -I/builddir/build/BUILD/shim-16.1/gnu-efi/inc -I/builddir/build/BUILD/shim-16.1/gnu-efi/inc/aarch64 -I/builddir/build/BUILD/shim-16.1/gnu-efi/inc/protocol -I/builddir/build/BUILD/shim-16.1/Cryptlib/OpenSSL/crypto/asn1 -I/builddir/build/BUILD/shim-16.1/Cryptlib/OpenSSL/crypto/evp -I/builddir/build/BUILD/shim-16.1/Cryptlib/OpenSSL/crypto/modes -I/builddir/build/BUILD/shim-16.1/Cryptlib/OpenSSL/crypto/include -isystem /builddir/build/BUILD/shim-16.1/include/system -isystem /opt/rh/gcc-toolset-12/root/usr/lib/gcc/aarch64-redhat-linux/12/include -DL_ENDIAN -D_CRT_SECURE_NO_DEPRECATE -D_CRT_NONSTDC_NO_DEPRECATE -DOPENSSL_SMALL_FOOTPRINT -DPEDANTIC -DMDE_CPU_AARCH64   -c -o crypto/pkcs12/p12_npas.o /builddir/build/BUILD/shim-16.1/Cryptlib/OpenSSL/crypto/pkcs12/p12_npas.c
DEBUG util.py:463:  gcc -std=gnu11 -ggdb -gdwarf-4 -gstrict-dwarf -ffreestanding -fmacro-prefix-map=/builddir/build/BUILD/shim-16.1/= -fno-stack-protector -fno-strict-aliasing -fpic -fshort-wchar -nostdinc -Os -Wall -Wextra -Wno-missing-field-initializers -Wno-empty-body -Wno-implicit-fallthrough -Wno-old-style-declaration -Wno-unused-but-set-variable -Wno-unused-parameter -Werror -Wno-error=unused-but-set-variable -Wno-error=unused-parameter -I/builddir/build/BUILD/shim-16.1/Cryptlib/OpenSSL -I/builddir/build/BUILD/shim-16.1/Cryptlib -I/builddir/build/BUILD/shim-16.1/Cryptlib/OpenSSL/Include/ -I/builddir/build/BUILD/shim-16.1/Cryptlib/OpenSSL/crypto -I/builddir/build/BUILD/shim-16.1/Cryptlib/Include -I/builddir/build/BUILD/shim-16.1/gnu-efi/inc -I/builddir/build/BUILD/shim-16.1/gnu-efi/inc/aarch64 -I/builddir/build/BUILD/shim-16.1/gnu-efi/inc/protocol -I/builddir/build/BUILD/shim-16.1/Cryptlib/OpenSSL/crypto/asn1 -I/builddir/build/BUILD/shim-16.1/Cryptlib/OpenSSL/crypto/evp -I/builddir/build/BUILD/shim-16.1/Cryptlib/OpenSSL/crypto/modes -I/builddir/build/BUILD/shim-16.1/Cryptlib/OpenSSL/crypto/include -isystem /builddir/build/BUILD/shim-16.1/include/system -isystem /opt/rh/gcc-toolset-12/root/usr/lib/gcc/aarch64-redhat-linux/12/include -DL_ENDIAN -D_CRT_SECURE_NO_DEPRECATE -D_CRT_NONSTDC_NO_DEPRECATE -DOPENSSL_SMALL_FOOTPRINT -DPEDANTIC -DMDE_CPU_AARCH64   -c -o crypto/pkcs12/pk12err.o /builddir/build/BUILD/shim-16.1/Cryptlib/OpenSSL/crypto/pkcs12/pk12err.c
DEBUG util.py:463:  gcc -std=gnu11 -ggdb -gdwarf-4 -gstrict-dwarf -ffreestanding -fmacro-prefix-map=/builddir/build/BUILD/shim-16.1/= -fno-stack-protector -fno-strict-aliasing -fpic -fshort-wchar -nostdinc -Os -Wall -Wextra -Wno-missing-field-initializers -Wno-empty-body -Wno-implicit-fallthrough -Wno-old-style-declaration -Wno-unused-but-set-variable -Wno-unused-parameter -Werror -Wno-error=unused-but-set-variable -Wno-error=unused-parameter -I/builddir/build/BUILD/shim-16.1/Cryptlib/OpenSSL -I/builddir/build/BUILD/shim-16.1/Cryptlib -I/builddir/build/BUILD/shim-16.1/Cryptlib/OpenSSL/Include/ -I/builddir/build/BUILD/shim-16.1/Cryptlib/OpenSSL/crypto -I/builddir/build/BUILD/shim-16.1/Cryptlib/Include -I/builddir/build/BUILD/shim-16.1/gnu-efi/inc -I/builddir/build/BUILD/shim-16.1/gnu-efi/inc/aarch64 -I/builddir/build/BUILD/shim-16.1/gnu-efi/inc/protocol -I/builddir/build/BUILD/shim-16.1/Cryptlib/OpenSSL/crypto/asn1 -I/builddir/build/BUILD/shim-16.1/Cryptlib/OpenSSL/crypto/evp -I/builddir/build/BUILD/shim-16.1/Cryptlib/OpenSSL/crypto/modes -I/builddir/build/BUILD/shim-16.1/Cryptlib/OpenSSL/crypto/include -isystem /builddir/build/BUILD/shim-16.1/include/system -isystem /opt/rh/gcc-toolset-12/root/usr/lib/gcc/aarch64-redhat-linux/12/include -DL_ENDIAN -D_CRT_SECURE_NO_DEPRECATE -D_CRT_NONSTDC_NO_DEPRECATE -DOPENSSL_SMALL_FOOTPRINT -DPEDANTIC -DMDE_CPU_AARCH64   -c -o crypto/pkcs12/p12_p8d.o /builddir/build/BUILD/shim-16.1/Cryptlib/OpenSSL/crypto/pkcs12/p12_p8d.c
DEBUG util.py:463:  gcc -std=gnu11 -ggdb -gdwarf-4 -gstrict-dwarf -ffreestanding -fmacro-prefix-map=/builddir/build/BUILD/shim-16.1/= -fno-stack-protector -fno-strict-aliasing -fpic -fshort-wchar -nostdinc -Os -Wall -Wextra -Wno-missing-field-initializers -Wno-empty-body -Wno-implicit-fallthrough -Wno-old-style-declaration -Wno-unused-but-set-variable -Wno-unused-parameter -Werror -Wno-error=unused-but-set-variable -Wno-error=unused-parameter -I/builddir/build/BUILD/shim-16.1/Cryptlib/OpenSSL -I/builddir/build/BUILD/shim-16.1/Cryptlib -I/builddir/build/BUILD/shim-16.1/Cryptlib/OpenSSL/Include/ -I/builddir/build/BUILD/shim-16.1/Cryptlib/OpenSSL/crypto -I/builddir/build/BUILD/shim-16.1/Cryptlib/Include -I/builddir/build/BUILD/shim-16.1/gnu-efi/inc -I/builddir/build/BUILD/shim-16.1/gnu-efi/inc/aarch64 -I/builddir/build/BUILD/shim-16.1/gnu-efi/inc/protocol -I/builddir/build/BUILD/shim-16.1/Cryptlib/OpenSSL/crypto/asn1 -I/builddir/build/BUILD/shim-16.1/Cryptlib/OpenSSL/crypto/evp -I/builddir/build/BUILD/shim-16.1/Cryptlib/OpenSSL/crypto/modes -I/builddir/build/BUILD/shim-16.1/Cryptlib/OpenSSL/crypto/include -isystem /builddir/build/BUILD/shim-16.1/include/system -isystem /opt/rh/gcc-toolset-12/root/usr/lib/gcc/aarch64-redhat-linux/12/include -DL_ENDIAN -D_CRT_SECURE_NO_DEPRECATE -D_CRT_NONSTDC_NO_DEPRECATE -DOPENSSL_SMALL_FOOTPRINT -DPEDANTIC -DMDE_CPU_AARCH64   -c -o crypto/pkcs12/p12_p8e.o /builddir/build/BUILD/shim-16.1/Cryptlib/OpenSSL/crypto/pkcs12/p12_p8e.c
DEBUG util.py:463:  gcc -std=gnu11 -ggdb -gdwarf-4 -gstrict-dwarf -ffreestanding -fmacro-prefix-map=/builddir/build/BUILD/shim-16.1/= -fno-stack-protector -fno-strict-aliasing -fpic -fshort-wchar -nostdinc -Os -Wall -Wextra -Wno-missing-field-initializers -Wno-empty-body -Wno-implicit-fallthrough -Wno-old-style-declaration -Wno-unused-but-set-variable -Wno-unused-parameter -Werror -Wno-error=unused-but-set-variable -Wno-error=unused-parameter -I/builddir/build/BUILD/shim-16.1/Cryptlib/OpenSSL -I/builddir/build/BUILD/shim-16.1/Cryptlib -I/builddir/build/BUILD/shim-16.1/Cryptlib/OpenSSL/Include/ -I/builddir/build/BUILD/shim-16.1/Cryptlib/OpenSSL/crypto -I/builddir/build/BUILD/shim-16.1/Cryptlib/Include -I/builddir/build/BUILD/shim-16.1/gnu-efi/inc -I/builddir/build/BUILD/shim-16.1/gnu-efi/inc/aarch64 -I/builddir/build/BUILD/shim-16.1/gnu-efi/inc/protocol -I/builddir/build/BUILD/shim-16.1/Cryptlib/OpenSSL/crypto/asn1 -I/builddir/build/BUILD/shim-16.1/Cryptlib/OpenSSL/crypto/evp -I/builddir/build/BUILD/shim-16.1/Cryptlib/OpenSSL/crypto/modes -I/builddir/build/BUILD/shim-16.1/Cryptlib/OpenSSL/crypto/include -isystem /builddir/build/BUILD/shim-16.1/include/system -isystem /opt/rh/gcc-toolset-12/root/usr/lib/gcc/aarch64-redhat-linux/12/include -DL_ENDIAN -D_CRT_SECURE_NO_DEPRECATE -D_CRT_NONSTDC_NO_DEPRECATE -DOPENSSL_SMALL_FOOTPRINT -DPEDANTIC -DMDE_CPU_AARCH64   -c -o crypto/comp/comp_lib.o /builddir/build/BUILD/shim-16.1/Cryptlib/OpenSSL/crypto/comp/comp_lib.c
DEBUG util.py:463:  gcc -std=gnu11 -ggdb -gdwarf-4 -gstrict-dwarf -ffreestanding -fmacro-prefix-map=/builddir/build/BUILD/shim-16.1/= -fno-stack-protector -fno-strict-aliasing -fpic -fshort-wchar -nostdinc -Os -Wall -Wextra -Wno-missing-field-initializers -Wno-empty-body -Wno-implicit-fallthrough -Wno-old-style-declaration -Wno-unused-but-set-variable -Wno-unused-parameter -Werror -Wno-error=unused-but-set-variable -Wno-error=unused-parameter -I/builddir/build/BUILD/shim-16.1/Cryptlib/OpenSSL -I/builddir/build/BUILD/shim-16.1/Cryptlib -I/builddir/build/BUILD/shim-16.1/Cryptlib/OpenSSL/Include/ -I/builddir/build/BUILD/shim-16.1/Cryptlib/OpenSSL/crypto -I/builddir/build/BUILD/shim-16.1/Cryptlib/Include -I/builddir/build/BUILD/shim-16.1/gnu-efi/inc -I/builddir/build/BUILD/shim-16.1/gnu-efi/inc/aarch64 -I/builddir/build/BUILD/shim-16.1/gnu-efi/inc/protocol -I/builddir/build/BUILD/shim-16.1/Cryptlib/OpenSSL/crypto/asn1 -I/builddir/build/BUILD/shim-16.1/Cryptlib/OpenSSL/crypto/evp -I/builddir/build/BUILD/shim-16.1/Cryptlib/OpenSSL/crypto/modes -I/builddir/build/BUILD/shim-16.1/Cryptlib/OpenSSL/crypto/include -isystem /builddir/build/BUILD/shim-16.1/include/system -isystem /opt/rh/gcc-toolset-12/root/usr/lib/gcc/aarch64-redhat-linux/12/include -DL_ENDIAN -D_CRT_SECURE_NO_DEPRECATE -D_CRT_NONSTDC_NO_DEPRECATE -DOPENSSL_SMALL_FOOTPRINT -DPEDANTIC -DMDE_CPU_AARCH64   -c -o crypto/comp/comp_err.o /builddir/build/BUILD/shim-16.1/Cryptlib/OpenSSL/crypto/comp/comp_err.c
DEBUG util.py:463:  gcc -std=gnu11 -ggdb -gdwarf-4 -gstrict-dwarf -ffreestanding -fmacro-prefix-map=/builddir/build/BUILD/shim-16.1/= -fno-stack-protector -fno-strict-aliasing -fpic -fshort-wchar -nostdinc -Os -Wall -Wextra -Wno-missing-field-initializers -Wno-empty-body -Wno-implicit-fallthrough -Wno-old-style-declaration -Wno-unused-but-set-variable -Wno-unused-parameter -Werror -Wno-error=unused-but-set-variable -Wno-error=unused-parameter -I/builddir/build/BUILD/shim-16.1/Cryptlib/OpenSSL -I/builddir/build/BUILD/shim-16.1/Cryptlib -I/builddir/build/BUILD/shim-16.1/Cryptlib/OpenSSL/Include/ -I/builddir/build/BUILD/shim-16.1/Cryptlib/OpenSSL/crypto -I/builddir/build/BUILD/shim-16.1/Cryptlib/Include -I/builddir/build/BUILD/shim-16.1/gnu-efi/inc -I/builddir/build/BUILD/shim-16.1/gnu-efi/inc/aarch64 -I/builddir/build/BUILD/shim-16.1/gnu-efi/inc/protocol -I/builddir/build/BUILD/shim-16.1/Cryptlib/OpenSSL/crypto/asn1 -I/builddir/build/BUILD/shim-16.1/Cryptlib/OpenSSL/crypto/evp -I/builddir/build/BUILD/shim-16.1/Cryptlib/OpenSSL/crypto/modes -I/builddir/build/BUILD/shim-16.1/Cryptlib/OpenSSL/crypto/include -isystem /builddir/build/BUILD/shim-16.1/include/system -isystem /opt/rh/gcc-toolset-12/root/usr/lib/gcc/aarch64-redhat-linux/12/include -DL_ENDIAN -D_CRT_SECURE_NO_DEPRECATE -D_CRT_NONSTDC_NO_DEPRECATE -DOPENSSL_SMALL_FOOTPRINT -DPEDANTIC -DMDE_CPU_AARCH64   -c -o crypto/comp/c_rle.o /builddir/build/BUILD/shim-16.1/Cryptlib/OpenSSL/crypto/comp/c_rle.c
DEBUG util.py:463:  gcc -std=gnu11 -ggdb -gdwarf-4 -gstrict-dwarf -ffreestanding -fmacro-prefix-map=/builddir/build/BUILD/shim-16.1/= -fno-stack-protector -fno-strict-aliasing -fpic -fshort-wchar -nostdinc -Os -Wall -Wextra -Wno-missing-field-initializers -Wno-empty-body -Wno-implicit-fallthrough -Wno-old-style-declaration -Wno-unused-but-set-variable -Wno-unused-parameter -Werror -Wno-error=unused-but-set-variable -Wno-error=unused-parameter -I/builddir/build/BUILD/shim-16.1/Cryptlib/OpenSSL -I/builddir/build/BUILD/shim-16.1/Cryptlib -I/builddir/build/BUILD/shim-16.1/Cryptlib/OpenSSL/Include/ -I/builddir/build/BUILD/shim-16.1/Cryptlib/OpenSSL/crypto -I/builddir/build/BUILD/shim-16.1/Cryptlib/Include -I/builddir/build/BUILD/shim-16.1/gnu-efi/inc -I/builddir/build/BUILD/shim-16.1/gnu-efi/inc/aarch64 -I/builddir/build/BUILD/shim-16.1/gnu-efi/inc/protocol -I/builddir/build/BUILD/shim-16.1/Cryptlib/OpenSSL/crypto/asn1 -I/builddir/build/BUILD/shim-16.1/Cryptlib/OpenSSL/crypto/evp -I/builddir/build/BUILD/shim-16.1/Cryptlib/OpenSSL/crypto/modes -I/builddir/build/BUILD/shim-16.1/Cryptlib/OpenSSL/crypto/include -isystem /builddir/build/BUILD/shim-16.1/include/system -isystem /opt/rh/gcc-toolset-12/root/usr/lib/gcc/aarch64-redhat-linux/12/include -DL_ENDIAN -D_CRT_SECURE_NO_DEPRECATE -D_CRT_NONSTDC_NO_DEPRECATE -DOPENSSL_SMALL_FOOTPRINT -DPEDANTIC -DMDE_CPU_AARCH64   -c -o crypto/comp/c_zlib.o /builddir/build/BUILD/shim-16.1/Cryptlib/OpenSSL/crypto/comp/c_zlib.c
DEBUG util.py:463:  gcc -std=gnu11 -ggdb -gdwarf-4 -gstrict-dwarf -ffreestanding -fmacro-prefix-map=/builddir/build/BUILD/shim-16.1/= -fno-stack-protector -fno-strict-aliasing -fpic -fshort-wchar -nostdinc -Os -Wall -Wextra -Wno-missing-field-initializers -Wno-empty-body -Wno-implicit-fallthrough -Wno-old-style-declaration -Wno-unused-but-set-variable -Wno-unused-parameter -Werror -Wno-error=unused-but-set-variable -Wno-error=unused-parameter -I/builddir/build/BUILD/shim-16.1/Cryptlib/OpenSSL -I/builddir/build/BUILD/shim-16.1/Cryptlib -I/builddir/build/BUILD/shim-16.1/Cryptlib/OpenSSL/Include/ -I/builddir/build/BUILD/shim-16.1/Cryptlib/OpenSSL/crypto -I/builddir/build/BUILD/shim-16.1/Cryptlib/Include -I/builddir/build/BUILD/shim-16.1/gnu-efi/inc -I/builddir/build/BUILD/shim-16.1/gnu-efi/inc/aarch64 -I/builddir/build/BUILD/shim-16.1/gnu-efi/inc/protocol -I/builddir/build/BUILD/shim-16.1/Cryptlib/OpenSSL/crypto/asn1 -I/builddir/build/BUILD/shim-16.1/Cryptlib/OpenSSL/crypto/evp -I/builddir/build/BUILD/shim-16.1/Cryptlib/OpenSSL/crypto/modes -I/builddir/build/BUILD/shim-16.1/Cryptlib/OpenSSL/crypto/include -isystem /builddir/build/BUILD/shim-16.1/include/system -isystem /opt/rh/gcc-toolset-12/root/usr/lib/gcc/aarch64-redhat-linux/12/include -DL_ENDIAN -D_CRT_SECURE_NO_DEPRECATE -D_CRT_NONSTDC_NO_DEPRECATE -DOPENSSL_SMALL_FOOTPRINT -DPEDANTIC -DMDE_CPU_AARCH64   -c -o crypto/ocsp/ocsp_asn.o /builddir/build/BUILD/shim-16.1/Cryptlib/OpenSSL/crypto/ocsp/ocsp_asn.c
DEBUG util.py:463:  gcc -std=gnu11 -ggdb -gdwarf-4 -gstrict-dwarf -ffreestanding -fmacro-prefix-map=/builddir/build/BUILD/shim-16.1/= -fno-stack-protector -fno-strict-aliasing -fpic -fshort-wchar -nostdinc -Os -Wall -Wextra -Wno-missing-field-initializers -Wno-empty-body -Wno-implicit-fallthrough -Wno-old-style-declaration -Wno-unused-but-set-variable -Wno-unused-parameter -Werror -Wno-error=unused-but-set-variable -Wno-error=unused-parameter -I/builddir/build/BUILD/shim-16.1/Cryptlib/OpenSSL -I/builddir/build/BUILD/shim-16.1/Cryptlib -I/builddir/build/BUILD/shim-16.1/Cryptlib/OpenSSL/Include/ -I/builddir/build/BUILD/shim-16.1/Cryptlib/OpenSSL/crypto -I/builddir/build/BUILD/shim-16.1/Cryptlib/Include -I/builddir/build/BUILD/shim-16.1/gnu-efi/inc -I/builddir/build/BUILD/shim-16.1/gnu-efi/inc/aarch64 -I/builddir/build/BUILD/shim-16.1/gnu-efi/inc/protocol -I/builddir/build/BUILD/shim-16.1/Cryptlib/OpenSSL/crypto/asn1 -I/builddir/build/BUILD/shim-16.1/Cryptlib/OpenSSL/crypto/evp -I/builddir/build/BUILD/shim-16.1/Cryptlib/OpenSSL/crypto/modes -I/builddir/build/BUILD/shim-16.1/Cryptlib/OpenSSL/crypto/include -isystem /builddir/build/BUILD/shim-16.1/include/system -isystem /opt/rh/gcc-toolset-12/root/usr/lib/gcc/aarch64-redhat-linux/12/include -DL_ENDIAN -D_CRT_SECURE_NO_DEPRECATE -D_CRT_NONSTDC_NO_DEPRECATE -DOPENSSL_SMALL_FOOTPRINT -DPEDANTIC -DMDE_CPU_AARCH64   -c -o crypto/ocsp/ocsp_ext.o /builddir/build/BUILD/shim-16.1/Cryptlib/OpenSSL/crypto/ocsp/ocsp_ext.c
DEBUG util.py:463:  gcc -std=gnu11 -ggdb -gdwarf-4 -gstrict-dwarf -ffreestanding -fmacro-prefix-map=/builddir/build/BUILD/shim-16.1/= -fno-stack-protector -fno-strict-aliasing -fpic -fshort-wchar -nostdinc -Os -Wall -Wextra -Wno-missing-field-initializers -Wno-empty-body -Wno-implicit-fallthrough -Wno-old-style-declaration -Wno-unused-but-set-variable -Wno-unused-parameter -Werror -Wno-error=unused-but-set-variable -Wno-error=unused-parameter -I/builddir/build/BUILD/shim-16.1/Cryptlib/OpenSSL -I/builddir/build/BUILD/shim-16.1/Cryptlib -I/builddir/build/BUILD/shim-16.1/Cryptlib/OpenSSL/Include/ -I/builddir/build/BUILD/shim-16.1/Cryptlib/OpenSSL/crypto -I/builddir/build/BUILD/shim-16.1/Cryptlib/Include -I/builddir/build/BUILD/shim-16.1/gnu-efi/inc -I/builddir/build/BUILD/shim-16.1/gnu-efi/inc/aarch64 -I/builddir/build/BUILD/shim-16.1/gnu-efi/inc/protocol -I/builddir/build/BUILD/shim-16.1/Cryptlib/OpenSSL/crypto/asn1 -I/builddir/build/BUILD/shim-16.1/Cryptlib/OpenSSL/crypto/evp -I/builddir/build/BUILD/shim-16.1/Cryptlib/OpenSSL/crypto/modes -I/builddir/build/BUILD/shim-16.1/Cryptlib/OpenSSL/crypto/include -isystem /builddir/build/BUILD/shim-16.1/include/system -isystem /opt/rh/gcc-toolset-12/root/usr/lib/gcc/aarch64-redhat-linux/12/include -DL_ENDIAN -D_CRT_SECURE_NO_DEPRECATE -D_CRT_NONSTDC_NO_DEPRECATE -DOPENSSL_SMALL_FOOTPRINT -DPEDANTIC -DMDE_CPU_AARCH64   -c -o crypto/ocsp/ocsp_ht.o /builddir/build/BUILD/shim-16.1/Cryptlib/OpenSSL/crypto/ocsp/ocsp_ht.c
DEBUG util.py:463:  gcc -std=gnu11 -ggdb -gdwarf-4 -gstrict-dwarf -ffreestanding -fmacro-prefix-map=/builddir/build/BUILD/shim-16.1/= -fno-stack-protector -fno-strict-aliasing -fpic -fshort-wchar -nostdinc -Os -Wall -Wextra -Wno-missing-field-initializers -Wno-empty-body -Wno-implicit-fallthrough -Wno-old-style-declaration -Wno-unused-but-set-variable -Wno-unused-parameter -Werror -Wno-error=unused-but-set-variable -Wno-error=unused-parameter -I/builddir/build/BUILD/shim-16.1/Cryptlib/OpenSSL -I/builddir/build/BUILD/shim-16.1/Cryptlib -I/builddir/build/BUILD/shim-16.1/Cryptlib/OpenSSL/Include/ -I/builddir/build/BUILD/shim-16.1/Cryptlib/OpenSSL/crypto -I/builddir/build/BUILD/shim-16.1/Cryptlib/Include -I/builddir/build/BUILD/shim-16.1/gnu-efi/inc -I/builddir/build/BUILD/shim-16.1/gnu-efi/inc/aarch64 -I/builddir/build/BUILD/shim-16.1/gnu-efi/inc/protocol -I/builddir/build/BUILD/shim-16.1/Cryptlib/OpenSSL/crypto/asn1 -I/builddir/build/BUILD/shim-16.1/Cryptlib/OpenSSL/crypto/evp -I/builddir/build/BUILD/shim-16.1/Cryptlib/OpenSSL/crypto/modes -I/builddir/build/BUILD/shim-16.1/Cryptlib/OpenSSL/crypto/include -isystem /builddir/build/BUILD/shim-16.1/include/system -isystem /opt/rh/gcc-toolset-12/root/usr/lib/gcc/aarch64-redhat-linux/12/include -DL_ENDIAN -D_CRT_SECURE_NO_DEPRECATE -D_CRT_NONSTDC_NO_DEPRECATE -DOPENSSL_SMALL_FOOTPRINT -DPEDANTIC -DMDE_CPU_AARCH64   -c -o crypto/ocsp/ocsp_lib.o /builddir/build/BUILD/shim-16.1/Cryptlib/OpenSSL/crypto/ocsp/ocsp_lib.c
DEBUG util.py:463:  gcc -std=gnu11 -ggdb -gdwarf-4 -gstrict-dwarf -ffreestanding -fmacro-prefix-map=/builddir/build/BUILD/shim-16.1/= -fno-stack-protector -fno-strict-aliasing -fpic -fshort-wchar -nostdinc -Os -Wall -Wextra -Wno-missing-field-initializers -Wno-empty-body -Wno-implicit-fallthrough -Wno-old-style-declaration -Wno-unused-but-set-variable -Wno-unused-parameter -Werror -Wno-error=unused-but-set-variable -Wno-error=unused-parameter -I/builddir/build/BUILD/shim-16.1/Cryptlib/OpenSSL -I/builddir/build/BUILD/shim-16.1/Cryptlib -I/builddir/build/BUILD/shim-16.1/Cryptlib/OpenSSL/Include/ -I/builddir/build/BUILD/shim-16.1/Cryptlib/OpenSSL/crypto -I/builddir/build/BUILD/shim-16.1/Cryptlib/Include -I/builddir/build/BUILD/shim-16.1/gnu-efi/inc -I/builddir/build/BUILD/shim-16.1/gnu-efi/inc/aarch64 -I/builddir/build/BUILD/shim-16.1/gnu-efi/inc/protocol -I/builddir/build/BUILD/shim-16.1/Cryptlib/OpenSSL/crypto/asn1 -I/builddir/build/BUILD/shim-16.1/Cryptlib/OpenSSL/crypto/evp -I/builddir/build/BUILD/shim-16.1/Cryptlib/OpenSSL/crypto/modes -I/builddir/build/BUILD/shim-16.1/Cryptlib/OpenSSL/crypto/include -isystem /builddir/build/BUILD/shim-16.1/include/system -isystem /opt/rh/gcc-toolset-12/root/usr/lib/gcc/aarch64-redhat-linux/12/include -DL_ENDIAN -D_CRT_SECURE_NO_DEPRECATE -D_CRT_NONSTDC_NO_DEPRECATE -DOPENSSL_SMALL_FOOTPRINT -DPEDANTIC -DMDE_CPU_AARCH64   -c -o crypto/ocsp/ocsp_cl.o /builddir/build/BUILD/shim-16.1/Cryptlib/OpenSSL/crypto/ocsp/ocsp_cl.c
DEBUG util.py:463:  gcc -std=gnu11 -ggdb -gdwarf-4 -gstrict-dwarf -ffreestanding -fmacro-prefix-map=/builddir/build/BUILD/shim-16.1/= -fno-stack-protector -fno-strict-aliasing -fpic -fshort-wchar -nostdinc -Os -Wall -Wextra -Wno-missing-field-initializers -Wno-empty-body -Wno-implicit-fallthrough -Wno-old-style-declaration -Wno-unused-but-set-variable -Wno-unused-parameter -Werror -Wno-error=unused-but-set-variable -Wno-error=unused-parameter -I/builddir/build/BUILD/shim-16.1/Cryptlib/OpenSSL -I/builddir/build/BUILD/shim-16.1/Cryptlib -I/builddir/build/BUILD/shim-16.1/Cryptlib/OpenSSL/Include/ -I/builddir/build/BUILD/shim-16.1/Cryptlib/OpenSSL/crypto -I/builddir/build/BUILD/shim-16.1/Cryptlib/Include -I/builddir/build/BUILD/shim-16.1/gnu-efi/inc -I/builddir/build/BUILD/shim-16.1/gnu-efi/inc/aarch64 -I/builddir/build/BUILD/shim-16.1/gnu-efi/inc/protocol -I/builddir/build/BUILD/shim-16.1/Cryptlib/OpenSSL/crypto/asn1 -I/builddir/build/BUILD/shim-16.1/Cryptlib/OpenSSL/crypto/evp -I/builddir/build/BUILD/shim-16.1/Cryptlib/OpenSSL/crypto/modes -I/builddir/build/BUILD/shim-16.1/Cryptlib/OpenSSL/crypto/include -isystem /builddir/build/BUILD/shim-16.1/include/system -isystem /opt/rh/gcc-toolset-12/root/usr/lib/gcc/aarch64-redhat-linux/12/include -DL_ENDIAN -D_CRT_SECURE_NO_DEPRECATE -D_CRT_NONSTDC_NO_DEPRECATE -DOPENSSL_SMALL_FOOTPRINT -DPEDANTIC -DMDE_CPU_AARCH64   -c -o crypto/ocsp/ocsp_srv.o /builddir/build/BUILD/shim-16.1/Cryptlib/OpenSSL/crypto/ocsp/ocsp_srv.c
DEBUG util.py:463:  gcc -std=gnu11 -ggdb -gdwarf-4 -gstrict-dwarf -ffreestanding -fmacro-prefix-map=/builddir/build/BUILD/shim-16.1/= -fno-stack-protector -fno-strict-aliasing -fpic -fshort-wchar -nostdinc -Os -Wall -Wextra -Wno-missing-field-initializers -Wno-empty-body -Wno-implicit-fallthrough -Wno-old-style-declaration -Wno-unused-but-set-variable -Wno-unused-parameter -Werror -Wno-error=unused-but-set-variable -Wno-error=unused-parameter -I/builddir/build/BUILD/shim-16.1/Cryptlib/OpenSSL -I/builddir/build/BUILD/shim-16.1/Cryptlib -I/builddir/build/BUILD/shim-16.1/Cryptlib/OpenSSL/Include/ -I/builddir/build/BUILD/shim-16.1/Cryptlib/OpenSSL/crypto -I/builddir/build/BUILD/shim-16.1/Cryptlib/Include -I/builddir/build/BUILD/shim-16.1/gnu-efi/inc -I/builddir/build/BUILD/shim-16.1/gnu-efi/inc/aarch64 -I/builddir/build/BUILD/shim-16.1/gnu-efi/inc/protocol -I/builddir/build/BUILD/shim-16.1/Cryptlib/OpenSSL/crypto/asn1 -I/builddir/build/BUILD/shim-16.1/Cryptlib/OpenSSL/crypto/evp -I/builddir/build/BUILD/shim-16.1/Cryptlib/OpenSSL/crypto/modes -I/builddir/build/BUILD/shim-16.1/Cryptlib/OpenSSL/crypto/include -isystem /builddir/build/BUILD/shim-16.1/include/system -isystem /opt/rh/gcc-toolset-12/root/usr/lib/gcc/aarch64-redhat-linux/12/include -DL_ENDIAN -D_CRT_SECURE_NO_DEPRECATE -D_CRT_NONSTDC_NO_DEPRECATE -DOPENSSL_SMALL_FOOTPRINT -DPEDANTIC -DMDE_CPU_AARCH64   -c -o crypto/ocsp/ocsp_prn.o /builddir/build/BUILD/shim-16.1/Cryptlib/OpenSSL/crypto/ocsp/ocsp_prn.c
DEBUG util.py:463:  gcc -std=gnu11 -ggdb -gdwarf-4 -gstrict-dwarf -ffreestanding -fmacro-prefix-map=/builddir/build/BUILD/shim-16.1/= -fno-stack-protector -fno-strict-aliasing -fpic -fshort-wchar -nostdinc -Os -Wall -Wextra -Wno-missing-field-initializers -Wno-empty-body -Wno-implicit-fallthrough -Wno-old-style-declaration -Wno-unused-but-set-variable -Wno-unused-parameter -Werror -Wno-error=unused-but-set-variable -Wno-error=unused-parameter -I/builddir/build/BUILD/shim-16.1/Cryptlib/OpenSSL -I/builddir/build/BUILD/shim-16.1/Cryptlib -I/builddir/build/BUILD/shim-16.1/Cryptlib/OpenSSL/Include/ -I/builddir/build/BUILD/shim-16.1/Cryptlib/OpenSSL/crypto -I/builddir/build/BUILD/shim-16.1/Cryptlib/Include -I/builddir/build/BUILD/shim-16.1/gnu-efi/inc -I/builddir/build/BUILD/shim-16.1/gnu-efi/inc/aarch64 -I/builddir/build/BUILD/shim-16.1/gnu-efi/inc/protocol -I/builddir/build/BUILD/shim-16.1/Cryptlib/OpenSSL/crypto/asn1 -I/builddir/build/BUILD/shim-16.1/Cryptlib/OpenSSL/crypto/evp -I/builddir/build/BUILD/shim-16.1/Cryptlib/OpenSSL/crypto/modes -I/builddir/build/BUILD/shim-16.1/Cryptlib/OpenSSL/crypto/include -isystem /builddir/build/BUILD/shim-16.1/include/system -isystem /opt/rh/gcc-toolset-12/root/usr/lib/gcc/aarch64-redhat-linux/12/include -DL_ENDIAN -D_CRT_SECURE_NO_DEPRECATE -D_CRT_NONSTDC_NO_DEPRECATE -DOPENSSL_SMALL_FOOTPRINT -DPEDANTIC -DMDE_CPU_AARCH64   -c -o crypto/ocsp/ocsp_vfy.o /builddir/build/BUILD/shim-16.1/Cryptlib/OpenSSL/crypto/ocsp/ocsp_vfy.c
DEBUG util.py:463:  gcc -std=gnu11 -ggdb -gdwarf-4 -gstrict-dwarf -ffreestanding -fmacro-prefix-map=/builddir/build/BUILD/shim-16.1/= -fno-stack-protector -fno-strict-aliasing -fpic -fshort-wchar -nostdinc -Os -Wall -Wextra -Wno-missing-field-initializers -Wno-empty-body -Wno-implicit-fallthrough -Wno-old-style-declaration -Wno-unused-but-set-variable -Wno-unused-parameter -Werror -Wno-error=unused-but-set-variable -Wno-error=unused-parameter -I/builddir/build/BUILD/shim-16.1/Cryptlib/OpenSSL -I/builddir/build/BUILD/shim-16.1/Cryptlib -I/builddir/build/BUILD/shim-16.1/Cryptlib/OpenSSL/Include/ -I/builddir/build/BUILD/shim-16.1/Cryptlib/OpenSSL/crypto -I/builddir/build/BUILD/shim-16.1/Cryptlib/Include -I/builddir/build/BUILD/shim-16.1/gnu-efi/inc -I/builddir/build/BUILD/shim-16.1/gnu-efi/inc/aarch64 -I/builddir/build/BUILD/shim-16.1/gnu-efi/inc/protocol -I/builddir/build/BUILD/shim-16.1/Cryptlib/OpenSSL/crypto/asn1 -I/builddir/build/BUILD/shim-16.1/Cryptlib/OpenSSL/crypto/evp -I/builddir/build/BUILD/shim-16.1/Cryptlib/OpenSSL/crypto/modes -I/builddir/build/BUILD/shim-16.1/Cryptlib/OpenSSL/crypto/include -isystem /builddir/build/BUILD/shim-16.1/include/system -isystem /opt/rh/gcc-toolset-12/root/usr/lib/gcc/aarch64-redhat-linux/12/include -DL_ENDIAN -D_CRT_SECURE_NO_DEPRECATE -D_CRT_NONSTDC_NO_DEPRECATE -DOPENSSL_SMALL_FOOTPRINT -DPEDANTIC -DMDE_CPU_AARCH64   -c -o crypto/ocsp/ocsp_err.o /builddir/build/BUILD/shim-16.1/Cryptlib/OpenSSL/crypto/ocsp/ocsp_err.c
DEBUG util.py:463:  gcc -std=gnu11 -ggdb -gdwarf-4 -gstrict-dwarf -ffreestanding -fmacro-prefix-map=/builddir/build/BUILD/shim-16.1/= -fno-stack-protector -fno-strict-aliasing -fpic -fshort-wchar -nostdinc -Os -Wall -Wextra -Wno-missing-field-initializers -Wno-empty-body -Wno-implicit-fallthrough -Wno-old-style-declaration -Wno-unused-but-set-variable -Wno-unused-parameter -Werror -Wno-error=unused-but-set-variable -Wno-error=unused-parameter -I/builddir/build/BUILD/shim-16.1/Cryptlib/OpenSSL -I/builddir/build/BUILD/shim-16.1/Cryptlib -I/builddir/build/BUILD/shim-16.1/Cryptlib/OpenSSL/Include/ -I/builddir/build/BUILD/shim-16.1/Cryptlib/OpenSSL/crypto -I/builddir/build/BUILD/shim-16.1/Cryptlib/Include -I/builddir/build/BUILD/shim-16.1/gnu-efi/inc -I/builddir/build/BUILD/shim-16.1/gnu-efi/inc/aarch64 -I/builddir/build/BUILD/shim-16.1/gnu-efi/inc/protocol -I/builddir/build/BUILD/shim-16.1/Cryptlib/OpenSSL/crypto/asn1 -I/builddir/build/BUILD/shim-16.1/Cryptlib/OpenSSL/crypto/evp -I/builddir/build/BUILD/shim-16.1/Cryptlib/OpenSSL/crypto/modes -I/builddir/build/BUILD/shim-16.1/Cryptlib/OpenSSL/crypto/include -isystem /builddir/build/BUILD/shim-16.1/include/system -isystem /opt/rh/gcc-toolset-12/root/usr/lib/gcc/aarch64-redhat-linux/12/include -DL_ENDIAN -D_CRT_SECURE_NO_DEPRECATE -D_CRT_NONSTDC_NO_DEPRECATE -DOPENSSL_SMALL_FOOTPRINT -DPEDANTIC -DMDE_CPU_AARCH64   -c -o crypto/cmac/cmac.o /builddir/build/BUILD/shim-16.1/Cryptlib/OpenSSL/crypto/cmac/cmac.c
DEBUG util.py:463:  gcc -std=gnu11 -ggdb -gdwarf-4 -gstrict-dwarf -ffreestanding -fmacro-prefix-map=/builddir/build/BUILD/shim-16.1/= -fno-stack-protector -fno-strict-aliasing -fpic -fshort-wchar -nostdinc -Os -Wall -Wextra -Wno-missing-field-initializers -Wno-empty-body -Wno-implicit-fallthrough -Wno-old-style-declaration -Wno-unused-but-set-variable -Wno-unused-parameter -Werror -Wno-error=unused-but-set-variable -Wno-error=unused-parameter -I/builddir/build/BUILD/shim-16.1/Cryptlib/OpenSSL -I/builddir/build/BUILD/shim-16.1/Cryptlib -I/builddir/build/BUILD/shim-16.1/Cryptlib/OpenSSL/Include/ -I/builddir/build/BUILD/shim-16.1/Cryptlib/OpenSSL/crypto -I/builddir/build/BUILD/shim-16.1/Cryptlib/Include -I/builddir/build/BUILD/shim-16.1/gnu-efi/inc -I/builddir/build/BUILD/shim-16.1/gnu-efi/inc/aarch64 -I/builddir/build/BUILD/shim-16.1/gnu-efi/inc/protocol -I/builddir/build/BUILD/shim-16.1/Cryptlib/OpenSSL/crypto/asn1 -I/builddir/build/BUILD/shim-16.1/Cryptlib/OpenSSL/crypto/evp -I/builddir/build/BUILD/shim-16.1/Cryptlib/OpenSSL/crypto/modes -I/builddir/build/BUILD/shim-16.1/Cryptlib/OpenSSL/crypto/include -isystem /builddir/build/BUILD/shim-16.1/include/system -isystem /opt/rh/gcc-toolset-12/root/usr/lib/gcc/aarch64-redhat-linux/12/include -DL_ENDIAN -D_CRT_SECURE_NO_DEPRECATE -D_CRT_NONSTDC_NO_DEPRECATE -DOPENSSL_SMALL_FOOTPRINT -DPEDANTIC -DMDE_CPU_AARCH64   -c -o crypto/cmac/cm_ameth.o /builddir/build/BUILD/shim-16.1/Cryptlib/OpenSSL/crypto/cmac/cm_ameth.c
DEBUG util.py:463:  gcc -std=gnu11 -ggdb -gdwarf-4 -gstrict-dwarf -ffreestanding -fmacro-prefix-map=/builddir/build/BUILD/shim-16.1/= -fno-stack-protector -fno-strict-aliasing -fpic -fshort-wchar -nostdinc -Os -Wall -Wextra -Wno-missing-field-initializers -Wno-empty-body -Wno-implicit-fallthrough -Wno-old-style-declaration -Wno-unused-but-set-variable -Wno-unused-parameter -Werror -Wno-error=unused-but-set-variable -Wno-error=unused-parameter -I/builddir/build/BUILD/shim-16.1/Cryptlib/OpenSSL -I/builddir/build/BUILD/shim-16.1/Cryptlib -I/builddir/build/BUILD/shim-16.1/Cryptlib/OpenSSL/Include/ -I/builddir/build/BUILD/shim-16.1/Cryptlib/OpenSSL/crypto -I/builddir/build/BUILD/shim-16.1/Cryptlib/Include -I/builddir/build/BUILD/shim-16.1/gnu-efi/inc -I/builddir/build/BUILD/shim-16.1/gnu-efi/inc/aarch64 -I/builddir/build/BUILD/shim-16.1/gnu-efi/inc/protocol -I/builddir/build/BUILD/shim-16.1/Cryptlib/OpenSSL/crypto/asn1 -I/builddir/build/BUILD/shim-16.1/Cryptlib/OpenSSL/crypto/evp -I/builddir/build/BUILD/shim-16.1/Cryptlib/OpenSSL/crypto/modes -I/builddir/build/BUILD/shim-16.1/Cryptlib/OpenSSL/crypto/include -isystem /builddir/build/BUILD/shim-16.1/include/system -isystem /opt/rh/gcc-toolset-12/root/usr/lib/gcc/aarch64-redhat-linux/12/include -DL_ENDIAN -D_CRT_SECURE_NO_DEPRECATE -D_CRT_NONSTDC_NO_DEPRECATE -DOPENSSL_SMALL_FOOTPRINT -DPEDANTIC -DMDE_CPU_AARCH64   -c -o crypto/cmac/cm_pmeth.o /builddir/build/BUILD/shim-16.1/Cryptlib/OpenSSL/crypto/cmac/cm_pmeth.c
DEBUG util.py:463:  ar rcs libopenssl.a crypto/cryptlib.o crypto/mem.o crypto/mem_clr.o crypto/mem_dbg.o crypto/cversion.o crypto/ex_data.o crypto/cpt_err.o crypto/ebcdic.o crypto/uid.o crypto/o_time.o crypto/o_str.o crypto/o_dir.o crypto/o_fips.o crypto/o_init.o crypto/fips_ers.o crypto/md5/md5_dgst.o crypto/md5/md5_one.o crypto/sha/sha_dgst.o crypto/sha/sha1dgst.o crypto/sha/sha_one.o crypto/sha/sha1_one.o crypto/sha/sha256.o crypto/sha/sha512.o crypto/hmac/hmac.o crypto/hmac/hm_ameth.o crypto/hmac/hm_pmeth.o crypto/rc4/rc4_enc.o crypto/rc4/rc4_skey.o crypto/rc4/rc4_utl.o crypto/aes/aes_misc.o crypto/aes/aes_ecb.o crypto/aes/aes_cfb.o crypto/aes/aes_ofb.o crypto/aes/aes_ctr.o crypto/aes/aes_ige.o crypto/aes/aes_wrap.o crypto/aes/aes_core.o crypto/aes/aes_cbc.o crypto/modes/cbc128.o crypto/modes/ctr128.o crypto/modes/cts128.o crypto/modes/cfb128.o crypto/modes/ofb128.o crypto/modes/gcm128.o crypto/modes/ccm128.o crypto/modes/xts128.o crypto/modes/wrap128.o crypto/bn/bn_add.o crypto/bn/bn_div.o crypto/bn/bn_exp.o crypto/bn/bn_lib.o crypto/bn/bn_ctx.o crypto/bn/bn_mul.o crypto/bn/bn_mod.o crypto/bn/bn_print.o crypto/bn/bn_rand.o crypto/bn/bn_shift.o crypto/bn/bn_word.o crypto/bn/bn_blind.o crypto/bn/bn_kron.o crypto/bn/bn_sqrt.o crypto/bn/bn_gcd.o crypto/bn/bn_prime.o crypto/bn/bn_err.o crypto/bn/bn_sqr.o crypto/bn/bn_asm.o crypto/bn/bn_recp.o crypto/bn/bn_mont.o crypto/bn/bn_mpi.o crypto/bn/bn_exp2.o crypto/bn/bn_gf2m.o crypto/bn/bn_nist.o crypto/bn/bn_depr.o crypto/bn/bn_x931p.o crypto/bn/bn_const.o crypto/rsa/rsa_eay.o crypto/rsa/rsa_gen.o crypto/rsa/rsa_lib.o crypto/rsa/rsa_sign.o crypto/rsa/rsa_saos.o crypto/rsa/rsa_err.o crypto/rsa/rsa_pk1.o crypto/rsa/rsa_ssl.o crypto/rsa/rsa_none.o crypto/rsa/rsa_oaep.o crypto/rsa/rsa_chk.o crypto/rsa/rsa_null.o crypto/rsa/rsa_pss.o crypto/rsa/rsa_x931.o crypto/rsa/rsa_asn1.o crypto/rsa/rsa_depr.o crypto/rsa/rsa_ameth.o crypto/rsa/rsa_prn.o crypto/rsa/rsa_pmeth.o crypto/rsa/rsa_crpt.o crypto/dso/dso_dl.o crypto/dso/dso_dlfcn.o crypto/dso/dso_err.o crypto/dso/dso_lib.o crypto/dso/dso_null.o crypto/dso/dso_openssl.o crypto/dso/dso_win32.o crypto/dso/dso_vms.o crypto/dso/dso_beos.o crypto/dh/dh_asn1.o crypto/dh/dh_gen.o crypto/dh/dh_key.o crypto/dh/dh_lib.o crypto/dh/dh_check.o crypto/dh/dh_err.o crypto/dh/dh_depr.o crypto/dh/dh_ameth.o crypto/dh/dh_pmeth.o crypto/dh/dh_prn.o crypto/dh/dh_rfc5114.o crypto/buffer/buffer.o crypto/buffer/buf_str.o crypto/buffer/buf_err.o crypto/bio/bio_lib.o crypto/bio/bio_cb.o crypto/bio/bio_err.o crypto/bio/bss_mem.o crypto/bio/bss_null.o crypto/bio/bss_fd.o crypto/bio/bss_file.o crypto/bio/bss_sock.o crypto/bio/bss_conn.o crypto/bio/bf_null.o crypto/bio/bf_buff.o crypto/bio/b_dump.o crypto/bio/b_print.o crypto/bio/b_sock.o crypto/bio/bss_acpt.o crypto/bio/bf_nbio.o crypto/bio/bss_log.o crypto/bio/bss_bio.o crypto/bio/bss_dgram.o crypto/stack/stack.o crypto/lhash/lhash.o crypto/lhash/lh_stats.o crypto/rand/md_rand.o crypto/rand/randfile.o crypto/rand/rand_lib.o crypto/rand/rand_err.o crypto/rand/rand_unix.o crypto/err/err.o crypto/err/err_all.o crypto/err/err_prn.o crypto/objects/o_names.o crypto/objects/obj_dat.o crypto/objects/obj_lib.o crypto/objects/obj_err.o crypto/objects/obj_xref.o crypto/evp/encode.o crypto/evp/digest.o crypto/evp/evp_enc.o crypto/evp/evp_key.o crypto/evp/evp_acnf.o crypto/evp/evp_cnf.o crypto/evp/e_des.o crypto/evp/e_bf.o crypto/evp/e_idea.o crypto/evp/e_des3.o crypto/evp/e_camellia.o crypto/evp/e_rc4.o crypto/evp/e_aes.o crypto/evp/names.o crypto/evp/e_seed.o crypto/evp/e_xcbc_d.o crypto/evp/e_rc2.o crypto/evp/e_cast.o crypto/evp/e_rc5.o crypto/evp/m_null.o crypto/evp/m_md2.o crypto/evp/m_md4.o crypto/evp/m_md5.o crypto/evp/m_sha.o crypto/evp/m_sha1.o crypto/evp/m_wp.o crypto/evp/m_dss.o crypto/evp/m_dss1.o crypto/evp/m_mdc2.o crypto/evp/m_ripemd.o crypto/evp/m_ecdsa.o crypto/evp/p_open.o crypto/evp/p_seal.o crypto/evp/p_sign.o crypto/evp/p_verify.o crypto/evp/p_lib.o crypto/evp/p_enc.o crypto/evp/p_dec.o crypto/evp/bio_md.o crypto/evp/bio_b64.o crypto/evp/bio_enc.o crypto/evp/evp_err.o crypto/evp/e_null.o crypto/evp/c_all.o crypto/evp/c_allc.o crypto/evp/c_alld.o crypto/evp/evp_lib.o crypto/evp/bio_ok.o crypto/evp/evp_pkey.o crypto/evp/evp_pbe.o crypto/evp/p5_crpt.o crypto/evp/p5_crpt2.o crypto/evp/e_old.o crypto/evp/pmeth_lib.o crypto/evp/pmeth_fn.o crypto/evp/pmeth_gn.o crypto/evp/m_sigver.o crypto/evp/e_aes_cbc_hmac_sha1.o crypto/evp/e_aes_cbc_hmac_sha256.o crypto/evp/e_rc4_hmac_md5.o crypto/asn1/a_object.o crypto/asn1/a_bitstr.o crypto/asn1/a_utctm.o crypto/asn1/a_gentm.o crypto/asn1/a_time.o crypto/asn1/a_int.o crypto/asn1/a_octet.o crypto/asn1/a_print.o crypto/asn1/a_type.o crypto/asn1/a_set.o crypto/asn1/a_dup.o crypto/asn1/a_d2i_fp.o crypto/asn1/a_i2d_fp.o crypto/asn1/a_enum.o crypto/asn1/a_utf8.o crypto/asn1/a_sign.o crypto/asn1/a_digest.o crypto/asn1/a_verify.o crypto/asn1/a_mbstr.o crypto/asn1/a_strex.o crypto/asn1/x_algor.o crypto/asn1/x_val.o crypto/asn1/x_pubkey.o crypto/asn1/x_sig.o crypto/asn1/x_req.o crypto/asn1/x_attrib.o crypto/asn1/x_bignum.o crypto/asn1/x_long.o crypto/asn1/x_name.o crypto/asn1/x_x509.o crypto/asn1/x_x509a.o crypto/asn1/x_crl.o crypto/asn1/x_info.o crypto/asn1/x_spki.o crypto/asn1/nsseq.o crypto/asn1/x_nx509.o crypto/asn1/d2i_pu.o crypto/asn1/d2i_pr.o crypto/asn1/i2d_pu.o crypto/asn1/i2d_pr.o crypto/asn1/t_req.o crypto/asn1/t_x509.o crypto/asn1/t_x509a.o crypto/asn1/t_crl.o crypto/asn1/t_pkey.o crypto/asn1/t_spki.o crypto/asn1/t_bitst.o crypto/asn1/tasn_new.o crypto/asn1/tasn_fre.o crypto/asn1/tasn_enc.o crypto/asn1/tasn_dec.o crypto/asn1/tasn_utl.o crypto/asn1/tasn_typ.o crypto/asn1/tasn_prn.o crypto/asn1/ameth_lib.o crypto/asn1/f_int.o crypto/asn1/f_string.o crypto/asn1/n_pkey.o crypto/asn1/f_enum.o crypto/asn1/x_pkey.o crypto/asn1/a_bool.o crypto/asn1/x_exten.o crypto/asn1/bio_asn1.o crypto/asn1/bio_ndef.o crypto/asn1/asn_mime.o crypto/asn1/asn1_gen.o crypto/asn1/asn1_par.o crypto/asn1/asn1_lib.o crypto/asn1/asn1_err.o crypto/asn1/a_bytes.o crypto/asn1/a_strnid.o crypto/asn1/evp_asn1.o crypto/asn1/asn_pack.o crypto/asn1/p5_pbe.o crypto/asn1/p5_pbev2.o crypto/asn1/p8_pkey.o crypto/asn1/asn_moid.o crypto/pem/pem_sign.o crypto/pem/pem_seal.o crypto/pem/pem_info.o crypto/pem/pem_lib.o crypto/pem/pem_all.o crypto/pem/pem_err.o crypto/pem/pem_x509.o crypto/pem/pem_xaux.o crypto/pem/pem_oth.o crypto/pem/pem_pk8.o crypto/pem/pem_pkey.o crypto/pem/pvkfmt.o crypto/x509/x509_def.o crypto/x509/x509_d2.o crypto/x509/x509_r2x.o crypto/x509/x509_cmp.o crypto/x509/x509_obj.o crypto/x509/x509_req.o crypto/x509/x509spki.o crypto/x509/x509_vfy.o crypto/x509/x509_set.o crypto/x509/x509cset.o crypto/x509/x509rset.o crypto/x509/x509_err.o crypto/x509/x509name.o crypto/x509/x509_v3.o crypto/x509/x509_ext.o crypto/x509/x509_att.o crypto/x509/x509type.o crypto/x509/x509_lu.o crypto/x509/x_all.o crypto/x509/x509_txt.o crypto/x509/x509_trs.o crypto/x509/x509_vpm.o crypto/x509v3/v3_bcons.o crypto/x509v3/v3_bitst.o crypto/x509v3/v3_conf.o crypto/x509v3/v3_extku.o crypto/x509v3/v3_ia5.o crypto/x509v3/v3_lib.o crypto/x509v3/v3_prn.o crypto/x509v3/v3_utl.o crypto/x509v3/v3err.o crypto/x509v3/v3_genn.o crypto/x509v3/v3_alt.o crypto/x509v3/v3_skey.o crypto/x509v3/v3_akey.o crypto/x509v3/v3_pku.o crypto/x509v3/v3_int.o crypto/x509v3/v3_enum.o crypto/x509v3/v3_sxnet.o crypto/x509v3/v3_cpols.o crypto/x509v3/v3_crld.o crypto/x509v3/v3_purp.o crypto/x509v3/v3_info.o crypto/x509v3/v3_ocsp.o crypto/x509v3/v3_akeya.o crypto/x509v3/v3_pmaps.o crypto/x509v3/v3_pcons.o crypto/x509v3/v3_ncons.o crypto/x509v3/v3_pcia.o crypto/x509v3/v3_pci.o crypto/x509v3/pcy_cache.o crypto/x509v3/pcy_node.o crypto/x509v3/pcy_data.o crypto/x509v3/pcy_map.o crypto/x509v3/pcy_tree.o crypto/x509v3/pcy_lib.o crypto/x509v3/v3_asid.o crypto/x509v3/v3_addr.o crypto/conf/conf_err.o crypto/conf/conf_lib.o crypto/conf/conf_api.o crypto/conf/conf_def.o crypto/conf/conf_mod.o crypto/conf/conf_mall.o crypto/conf/conf_sap.o crypto/txt_db/txt_db.o crypto/pkcs7/pk7_asn1.o crypto/pkcs7/pk7_lib.o crypto/pkcs7/pkcs7err.o crypto/pkcs7/pk7_doit.o crypto/pkcs7/pk7_smime.o crypto/pkcs7/pk7_attr.o crypto/pkcs7/pk7_mime.o crypto/pkcs7/bio_pk7.o crypto/pkcs12/p12_add.o crypto/pkcs12/p12_asn.o crypto/pkcs12/p12_attr.o crypto/pkcs12/p12_crpt.o crypto/pkcs12/p12_crt.o crypto/pkcs12/p12_decr.o crypto/pkcs12/p12_init.o crypto/pkcs12/p12_key.o crypto/pkcs12/p12_kiss.o crypto/pkcs12/p12_mutl.o crypto/pkcs12/p12_utl.o crypto/pkcs12/p12_npas.o crypto/pkcs12/pk12err.o crypto/pkcs12/p12_p8d.o crypto/pkcs12/p12_p8e.o crypto/comp/comp_lib.o crypto/comp/comp_err.o crypto/comp/c_rle.o crypto/comp/c_zlib.o crypto/ocsp/ocsp_asn.o crypto/ocsp/ocsp_ext.o crypto/ocsp/ocsp_ht.o crypto/ocsp/ocsp_lib.o crypto/ocsp/ocsp_cl.o crypto/ocsp/ocsp_srv.o crypto/ocsp/ocsp_prn.o crypto/ocsp/ocsp_vfy.o crypto/ocsp/ocsp_err.o crypto/cmac/cmac.o crypto/cmac/cm_ameth.o crypto/cmac/cm_pmeth.o 
DEBUG util.py:463:  make[1]: Leaving directory '/builddir/build/BUILD/shim-16.1/build-aa64/Cryptlib/OpenSSL'
DEBUG util.py:463:  mkdir -p lib
DEBUG util.py:463:  make VPATH=/builddir/build/BUILD/shim-16.1/lib TOPDIR=/builddir/build/BUILD/shim-16.1 -C lib -f /builddir/build/BUILD/shim-16.1/lib/Makefile 
DEBUG util.py:463:  make[1]: Entering directory '/builddir/build/BUILD/shim-16.1/build-aa64/lib'
DEBUG util.py:463:  gcc -std=gnu11 -ggdb -gdwarf-4 -gstrict-dwarf -ffreestanding -fmacro-prefix-map=/builddir/build/BUILD/shim-16.1/= -fno-stack-protector -fno-strict-aliasing -fpic -fshort-wchar -Os -Wall -Wextra -Wno-missing-field-initializers -Werror -I/builddir/build/BUILD/shim-16.1/gnu-efi/inc -I/builddir/build/BUILD/shim-16.1/gnu-efi/inc/aarch64 -I/builddir/build/BUILD/shim-16.1/gnu-efi/inc/protocol -I/builddir/build/BUILD/shim-16.1/include -I/builddir/build/BUILD/shim-16.1/Cryptlib/Include/openssl/ -I/builddir/build/BUILD/shim-16.1/Cryptlib/Include/ -I/builddir/build/BUILD/shim-16.1/Cryptlib -I/builddir/build/BUILD/shim-16.1 -isystem /builddir/build/BUILD/shim-16.1/include/system -isystem /opt/rh/gcc-toolset-12/root/usr/lib/gcc/aarch64-redhat-linux/12/include -DDEFAULT_LOADER='L"\\\\grubaa64.efi"' -DDEFAULT_LOADER_CHAR='"\\\\grubaa64.efi"' -DEFI_ARCH='L"aa64"' -DDEBUGDIR='L"/usr/lib/debug/usr/share/shim/aa64-16.1-2.el9.alma.2/"' -DVENDOR_DB_FILE=\"../vendor_db.esl\" -DVENDOR_DBX_FILE=\"/builddir/build/SOURCES/dbx.esl\" -DSBAT_AUTOMATIC_DATE=2023012900 -DMDE_CPU_AARCH64   -c -o configtable.o /builddir/build/BUILD/shim-16.1/lib/configtable.c
DEBUG util.py:463:  gcc -std=gnu11 -ggdb -gdwarf-4 -gstrict-dwarf -ffreestanding -fmacro-prefix-map=/builddir/build/BUILD/shim-16.1/= -fno-stack-protector -fno-strict-aliasing -fpic -fshort-wchar -Os -Wall -Wextra -Wno-missing-field-initializers -Werror -I/builddir/build/BUILD/shim-16.1/gnu-efi/inc -I/builddir/build/BUILD/shim-16.1/gnu-efi/inc/aarch64 -I/builddir/build/BUILD/shim-16.1/gnu-efi/inc/protocol -I/builddir/build/BUILD/shim-16.1/include -I/builddir/build/BUILD/shim-16.1/Cryptlib/Include/openssl/ -I/builddir/build/BUILD/shim-16.1/Cryptlib/Include/ -I/builddir/build/BUILD/shim-16.1/Cryptlib -I/builddir/build/BUILD/shim-16.1 -isystem /builddir/build/BUILD/shim-16.1/include/system -isystem /opt/rh/gcc-toolset-12/root/usr/lib/gcc/aarch64-redhat-linux/12/include -DDEFAULT_LOADER='L"\\\\grubaa64.efi"' -DDEFAULT_LOADER_CHAR='"\\\\grubaa64.efi"' -DEFI_ARCH='L"aa64"' -DDEBUGDIR='L"/usr/lib/debug/usr/share/shim/aa64-16.1-2.el9.alma.2/"' -DVENDOR_DB_FILE=\"../vendor_db.esl\" -DVENDOR_DBX_FILE=\"/builddir/build/SOURCES/dbx.esl\" -DSBAT_AUTOMATIC_DATE=2023012900 -DMDE_CPU_AARCH64   -c -o console.o /builddir/build/BUILD/shim-16.1/lib/console.c
DEBUG util.py:463:  gcc -std=gnu11 -ggdb -gdwarf-4 -gstrict-dwarf -ffreestanding -fmacro-prefix-map=/builddir/build/BUILD/shim-16.1/= -fno-stack-protector -fno-strict-aliasing -fpic -fshort-wchar -Os -Wall -Wextra -Wno-missing-field-initializers -Werror -I/builddir/build/BUILD/shim-16.1/gnu-efi/inc -I/builddir/build/BUILD/shim-16.1/gnu-efi/inc/aarch64 -I/builddir/build/BUILD/shim-16.1/gnu-efi/inc/protocol -I/builddir/build/BUILD/shim-16.1/include -I/builddir/build/BUILD/shim-16.1/Cryptlib/Include/openssl/ -I/builddir/build/BUILD/shim-16.1/Cryptlib/Include/ -I/builddir/build/BUILD/shim-16.1/Cryptlib -I/builddir/build/BUILD/shim-16.1 -isystem /builddir/build/BUILD/shim-16.1/include/system -isystem /opt/rh/gcc-toolset-12/root/usr/lib/gcc/aarch64-redhat-linux/12/include -DDEFAULT_LOADER='L"\\\\grubaa64.efi"' -DDEFAULT_LOADER_CHAR='"\\\\grubaa64.efi"' -DEFI_ARCH='L"aa64"' -DDEBUGDIR='L"/usr/lib/debug/usr/share/shim/aa64-16.1-2.el9.alma.2/"' -DVENDOR_DB_FILE=\"../vendor_db.esl\" -DVENDOR_DBX_FILE=\"/builddir/build/SOURCES/dbx.esl\" -DSBAT_AUTOMATIC_DATE=2023012900 -DMDE_CPU_AARCH64   -c -o execute.o /builddir/build/BUILD/shim-16.1/lib/execute.c
DEBUG util.py:463:  gcc -std=gnu11 -ggdb -gdwarf-4 -gstrict-dwarf -ffreestanding -fmacro-prefix-map=/builddir/build/BUILD/shim-16.1/= -fno-stack-protector -fno-strict-aliasing -fpic -fshort-wchar -Os -Wall -Wextra -Wno-missing-field-initializers -Werror -I/builddir/build/BUILD/shim-16.1/gnu-efi/inc -I/builddir/build/BUILD/shim-16.1/gnu-efi/inc/aarch64 -I/builddir/build/BUILD/shim-16.1/gnu-efi/inc/protocol -I/builddir/build/BUILD/shim-16.1/include -I/builddir/build/BUILD/shim-16.1/Cryptlib/Include/openssl/ -I/builddir/build/BUILD/shim-16.1/Cryptlib/Include/ -I/builddir/build/BUILD/shim-16.1/Cryptlib -I/builddir/build/BUILD/shim-16.1 -isystem /builddir/build/BUILD/shim-16.1/include/system -isystem /opt/rh/gcc-toolset-12/root/usr/lib/gcc/aarch64-redhat-linux/12/include -DDEFAULT_LOADER='L"\\\\grubaa64.efi"' -DDEFAULT_LOADER_CHAR='"\\\\grubaa64.efi"' -DEFI_ARCH='L"aa64"' -DDEBUGDIR='L"/usr/lib/debug/usr/share/shim/aa64-16.1-2.el9.alma.2/"' -DVENDOR_DB_FILE=\"../vendor_db.esl\" -DVENDOR_DBX_FILE=\"/builddir/build/SOURCES/dbx.esl\" -DSBAT_AUTOMATIC_DATE=2023012900 -DMDE_CPU_AARCH64   -c -o guid.o /builddir/build/BUILD/shim-16.1/lib/guid.c
DEBUG util.py:463:  gcc -std=gnu11 -ggdb -gdwarf-4 -gstrict-dwarf -ffreestanding -fmacro-prefix-map=/builddir/build/BUILD/shim-16.1/= -fno-stack-protector -fno-strict-aliasing -fpic -fshort-wchar -Os -Wall -Wextra -Wno-missing-field-initializers -Werror -I/builddir/build/BUILD/shim-16.1/gnu-efi/inc -I/builddir/build/BUILD/shim-16.1/gnu-efi/inc/aarch64 -I/builddir/build/BUILD/shim-16.1/gnu-efi/inc/protocol -I/builddir/build/BUILD/shim-16.1/include -I/builddir/build/BUILD/shim-16.1/Cryptlib/Include/openssl/ -I/builddir/build/BUILD/shim-16.1/Cryptlib/Include/ -I/builddir/build/BUILD/shim-16.1/Cryptlib -I/builddir/build/BUILD/shim-16.1 -isystem /builddir/build/BUILD/shim-16.1/include/system -isystem /opt/rh/gcc-toolset-12/root/usr/lib/gcc/aarch64-redhat-linux/12/include -DDEFAULT_LOADER='L"\\\\grubaa64.efi"' -DDEFAULT_LOADER_CHAR='"\\\\grubaa64.efi"' -DEFI_ARCH='L"aa64"' -DDEBUGDIR='L"/usr/lib/debug/usr/share/shim/aa64-16.1-2.el9.alma.2/"' -DVENDOR_DB_FILE=\"../vendor_db.esl\" -DVENDOR_DBX_FILE=\"/builddir/build/SOURCES/dbx.esl\" -DSBAT_AUTOMATIC_DATE=2023012900 -DMDE_CPU_AARCH64   -c -o print_crypto.o /builddir/build/BUILD/shim-16.1/lib/print_crypto.c
DEBUG util.py:463:  gcc -std=gnu11 -ggdb -gdwarf-4 -gstrict-dwarf -ffreestanding -fmacro-prefix-map=/builddir/build/BUILD/shim-16.1/= -fno-stack-protector -fno-strict-aliasing -fpic -fshort-wchar -Os -Wall -Wextra -Wno-missing-field-initializers -Werror -I/builddir/build/BUILD/shim-16.1/gnu-efi/inc -I/builddir/build/BUILD/shim-16.1/gnu-efi/inc/aarch64 -I/builddir/build/BUILD/shim-16.1/gnu-efi/inc/protocol -I/builddir/build/BUILD/shim-16.1/include -I/builddir/build/BUILD/shim-16.1/Cryptlib/Include/openssl/ -I/builddir/build/BUILD/shim-16.1/Cryptlib/Include/ -I/builddir/build/BUILD/shim-16.1/Cryptlib -I/builddir/build/BUILD/shim-16.1 -isystem /builddir/build/BUILD/shim-16.1/include/system -isystem /opt/rh/gcc-toolset-12/root/usr/lib/gcc/aarch64-redhat-linux/12/include -DDEFAULT_LOADER='L"\\\\grubaa64.efi"' -DDEFAULT_LOADER_CHAR='"\\\\grubaa64.efi"' -DEFI_ARCH='L"aa64"' -DDEBUGDIR='L"/usr/lib/debug/usr/share/shim/aa64-16.1-2.el9.alma.2/"' -DVENDOR_DB_FILE=\"../vendor_db.esl\" -DVENDOR_DBX_FILE=\"/builddir/build/SOURCES/dbx.esl\" -DSBAT_AUTOMATIC_DATE=2023012900 -DMDE_CPU_AARCH64   -c -o security_policy.o /builddir/build/BUILD/shim-16.1/lib/security_policy.c
DEBUG util.py:463:  gcc -std=gnu11 -ggdb -gdwarf-4 -gstrict-dwarf -ffreestanding -fmacro-prefix-map=/builddir/build/BUILD/shim-16.1/= -fno-stack-protector -fno-strict-aliasing -fpic -fshort-wchar -Os -Wall -Wextra -Wno-missing-field-initializers -Werror -I/builddir/build/BUILD/shim-16.1/gnu-efi/inc -I/builddir/build/BUILD/shim-16.1/gnu-efi/inc/aarch64 -I/builddir/build/BUILD/shim-16.1/gnu-efi/inc/protocol -I/builddir/build/BUILD/shim-16.1/include -I/builddir/build/BUILD/shim-16.1/Cryptlib/Include/openssl/ -I/builddir/build/BUILD/shim-16.1/Cryptlib/Include/ -I/builddir/build/BUILD/shim-16.1/Cryptlib -I/builddir/build/BUILD/shim-16.1 -isystem /builddir/build/BUILD/shim-16.1/include/system -isystem /opt/rh/gcc-toolset-12/root/usr/lib/gcc/aarch64-redhat-linux/12/include -DDEFAULT_LOADER='L"\\\\grubaa64.efi"' -DDEFAULT_LOADER_CHAR='"\\\\grubaa64.efi"' -DEFI_ARCH='L"aa64"' -DDEBUGDIR='L"/usr/lib/debug/usr/share/shim/aa64-16.1-2.el9.alma.2/"' -DVENDOR_DB_FILE=\"../vendor_db.esl\" -DVENDOR_DBX_FILE=\"/builddir/build/SOURCES/dbx.esl\" -DSBAT_AUTOMATIC_DATE=2023012900 -DMDE_CPU_AARCH64   -c -o shell.o /builddir/build/BUILD/shim-16.1/lib/shell.c
DEBUG util.py:463:  gcc -std=gnu11 -ggdb -gdwarf-4 -gstrict-dwarf -ffreestanding -fmacro-prefix-map=/builddir/build/BUILD/shim-16.1/= -fno-stack-protector -fno-strict-aliasing -fpic -fshort-wchar -Os -Wall -Wextra -Wno-missing-field-initializers -Werror -I/builddir/build/BUILD/shim-16.1/gnu-efi/inc -I/builddir/build/BUILD/shim-16.1/gnu-efi/inc/aarch64 -I/builddir/build/BUILD/shim-16.1/gnu-efi/inc/protocol -I/builddir/build/BUILD/shim-16.1/include -I/builddir/build/BUILD/shim-16.1/Cryptlib/Include/openssl/ -I/builddir/build/BUILD/shim-16.1/Cryptlib/Include/ -I/builddir/build/BUILD/shim-16.1/Cryptlib -I/builddir/build/BUILD/shim-16.1 -isystem /builddir/build/BUILD/shim-16.1/include/system -isystem /opt/rh/gcc-toolset-12/root/usr/lib/gcc/aarch64-redhat-linux/12/include -DDEFAULT_LOADER='L"\\\\grubaa64.efi"' -DDEFAULT_LOADER_CHAR='"\\\\grubaa64.efi"' -DEFI_ARCH='L"aa64"' -DDEBUGDIR='L"/usr/lib/debug/usr/share/shim/aa64-16.1-2.el9.alma.2/"' -DVENDOR_DB_FILE=\"../vendor_db.esl\" -DVENDOR_DBX_FILE=\"/builddir/build/SOURCES/dbx.esl\" -DSBAT_AUTOMATIC_DATE=2023012900 -DMDE_CPU_AARCH64   -c -o simple_file.o /builddir/build/BUILD/shim-16.1/lib/simple_file.c
DEBUG util.py:463:  gcc -std=gnu11 -ggdb -gdwarf-4 -gstrict-dwarf -ffreestanding -fmacro-prefix-map=/builddir/build/BUILD/shim-16.1/= -fno-stack-protector -fno-strict-aliasing -fpic -fshort-wchar -Os -Wall -Wextra -Wno-missing-field-initializers -Werror -I/builddir/build/BUILD/shim-16.1/gnu-efi/inc -I/builddir/build/BUILD/shim-16.1/gnu-efi/inc/aarch64 -I/builddir/build/BUILD/shim-16.1/gnu-efi/inc/protocol -I/builddir/build/BUILD/shim-16.1/include -I/builddir/build/BUILD/shim-16.1/Cryptlib/Include/openssl/ -I/builddir/build/BUILD/shim-16.1/Cryptlib/Include/ -I/builddir/build/BUILD/shim-16.1/Cryptlib -I/builddir/build/BUILD/shim-16.1 -isystem /builddir/build/BUILD/shim-16.1/include/system -isystem /opt/rh/gcc-toolset-12/root/usr/lib/gcc/aarch64-redhat-linux/12/include -DDEFAULT_LOADER='L"\\\\grubaa64.efi"' -DDEFAULT_LOADER_CHAR='"\\\\grubaa64.efi"' -DEFI_ARCH='L"aa64"' -DDEBUGDIR='L"/usr/lib/debug/usr/share/shim/aa64-16.1-2.el9.alma.2/"' -DVENDOR_DB_FILE=\"../vendor_db.esl\" -DVENDOR_DBX_FILE=\"/builddir/build/SOURCES/dbx.esl\" -DSBAT_AUTOMATIC_DATE=2023012900 -DMDE_CPU_AARCH64   -c -o string.o /builddir/build/BUILD/shim-16.1/lib/string.c
DEBUG util.py:463:  gcc -std=gnu11 -ggdb -gdwarf-4 -gstrict-dwarf -ffreestanding -fmacro-prefix-map=/builddir/build/BUILD/shim-16.1/= -fno-stack-protector -fno-strict-aliasing -fpic -fshort-wchar -Os -Wall -Wextra -Wno-missing-field-initializers -Werror -I/builddir/build/BUILD/shim-16.1/gnu-efi/inc -I/builddir/build/BUILD/shim-16.1/gnu-efi/inc/aarch64 -I/builddir/build/BUILD/shim-16.1/gnu-efi/inc/protocol -I/builddir/build/BUILD/shim-16.1/include -I/builddir/build/BUILD/shim-16.1/Cryptlib/Include/openssl/ -I/builddir/build/BUILD/shim-16.1/Cryptlib/Include/ -I/builddir/build/BUILD/shim-16.1/Cryptlib -I/builddir/build/BUILD/shim-16.1 -isystem /builddir/build/BUILD/shim-16.1/include/system -isystem /opt/rh/gcc-toolset-12/root/usr/lib/gcc/aarch64-redhat-linux/12/include -DDEFAULT_LOADER='L"\\\\grubaa64.efi"' -DDEFAULT_LOADER_CHAR='"\\\\grubaa64.efi"' -DEFI_ARCH='L"aa64"' -DDEBUGDIR='L"/usr/lib/debug/usr/share/shim/aa64-16.1-2.el9.alma.2/"' -DVENDOR_DB_FILE=\"../vendor_db.esl\" -DVENDOR_DBX_FILE=\"/builddir/build/SOURCES/dbx.esl\" -DSBAT_AUTOMATIC_DATE=2023012900 -DMDE_CPU_AARCH64   -c -o variables.o /builddir/build/BUILD/shim-16.1/lib/variables.c
DEBUG util.py:463:  ar rcs lib.a configtable.o console.o execute.o guid.o print_crypto.o security_policy.o shell.o simple_file.o string.o variables.o
DEBUG util.py:463:  make[1]: Leaving directory '/builddir/build/BUILD/shim-16.1/build-aa64/lib'
DEBUG util.py:463:  mkdir -p gnu-efi/lib gnu-efi/gnuefi
DEBUG util.py:463:  make -C gnu-efi \
DEBUG util.py:463:  	COMPILER="gcc" \
DEBUG util.py:463:  	CCC_CC="gcc" \
DEBUG util.py:463:  	CC="gcc" \
DEBUG util.py:463:  	ARCH=aarch64 \
DEBUG util.py:463:  	TOPDIR=/builddir/build/BUILD/shim-16.1/gnu-efi \
DEBUG util.py:463:  	-f /builddir/build/BUILD/shim-16.1/gnu-efi/Makefile \
DEBUG util.py:463:  	lib gnuefi inc 
DEBUG util.py:463:  make[1]: Entering directory '/builddir/build/BUILD/shim-16.1/build-aa64/gnu-efi'
DEBUG util.py:463:  mkdir -p /builddir/build/BUILD/shim-16.1/build-aa64/gnu-efi/aarch64/lib
DEBUG util.py:463:  mkdir -p /builddir/build/BUILD/shim-16.1/build-aa64/gnu-efi/aarch64/inc
DEBUG util.py:463:  make -C /builddir/build/BUILD/shim-16.1/build-aa64/gnu-efi/aarch64/lib -f /builddir/build/BUILD/shim-16.1/gnu-efi//lib/Makefile SRCDIR=/builddir/build/BUILD/shim-16.1/gnu-efi//lib ARCH=aarch64
DEBUG util.py:463:  make[2]: Entering directory '/builddir/build/BUILD/shim-16.1/build-aa64/gnu-efi/aarch64/lib'
DEBUG util.py:463:  make -C /builddir/build/BUILD/shim-16.1/build-aa64/gnu-efi/aarch64/inc -f /builddir/build/BUILD/shim-16.1/gnu-efi//inc/Makefile SRCDIR=/builddir/build/BUILD/shim-16.1/gnu-efi//inc ARCH=aarch64
DEBUG util.py:463:  make[2]: Entering directory '/builddir/build/BUILD/shim-16.1/build-aa64/gnu-efi/aarch64/inc'
DEBUG util.py:463:  make[2]: Nothing to be done for 'all'.
DEBUG util.py:463:  make[2]: Leaving directory '/builddir/build/BUILD/shim-16.1/build-aa64/gnu-efi/aarch64/inc'
DEBUG util.py:463:  gcc -I/builddir/build/BUILD/shim-16.1/gnu-efi//lib -I/builddir/build/BUILD/shim-16.1/gnu-efi/inc -I/builddir/build/BUILD/shim-16.1/gnu-efi/inc/aarch64 -I/builddir/build/BUILD/shim-16.1/gnu-efi/inc/protocol -Wno-error=pragmas -fpic  -Os -Wall -Wextra -Wno-missing-field-initializers -Werror -fshort-wchar -fno-strict-aliasing -ffreestanding -fno-stack-protector -fno-stack-check -nostdinc   -isystem /builddir/build/BUILD/shim-16.1/gnu-efi/../include/system -isystem /opt/rh/gcc-toolset-12/root/usr/lib/gcc/aarch64-redhat-linux/12/include -fno-merge-all-constants -DCONFIG_aarch64 -c /builddir/build/BUILD/shim-16.1/gnu-efi//lib/boxdraw.c -o boxdraw.o
DEBUG util.py:463:  gcc -I/builddir/build/BUILD/shim-16.1/gnu-efi//lib -I/builddir/build/BUILD/shim-16.1/gnu-efi/inc -I/builddir/build/BUILD/shim-16.1/gnu-efi/inc/aarch64 -I/builddir/build/BUILD/shim-16.1/gnu-efi/inc/protocol -Wno-error=pragmas -fpic  -Os -Wall -Wextra -Wno-missing-field-initializers -Werror -fshort-wchar -fno-strict-aliasing -ffreestanding -fno-stack-protector -fno-stack-check -nostdinc   -isystem /builddir/build/BUILD/shim-16.1/gnu-efi/../include/system -isystem /opt/rh/gcc-toolset-12/root/usr/lib/gcc/aarch64-redhat-linux/12/include -fno-merge-all-constants -DCONFIG_aarch64 -c /builddir/build/BUILD/shim-16.1/gnu-efi//lib/smbios.c -o smbios.o
DEBUG util.py:463:  gcc -I/builddir/build/BUILD/shim-16.1/gnu-efi//lib -I/builddir/build/BUILD/shim-16.1/gnu-efi/inc -I/builddir/build/BUILD/shim-16.1/gnu-efi/inc/aarch64 -I/builddir/build/BUILD/shim-16.1/gnu-efi/inc/protocol -Wno-error=pragmas -fpic  -Os -Wall -Wextra -Wno-missing-field-initializers -Werror -fshort-wchar -fno-strict-aliasing -ffreestanding -fno-stack-protector -fno-stack-check -nostdinc   -isystem /builddir/build/BUILD/shim-16.1/gnu-efi/../include/system -isystem /opt/rh/gcc-toolset-12/root/usr/lib/gcc/aarch64-redhat-linux/12/include -fno-merge-all-constants -DCONFIG_aarch64 -c /builddir/build/BUILD/shim-16.1/gnu-efi//lib/console.c -o console.o
DEBUG util.py:463:  gcc -I/builddir/build/BUILD/shim-16.1/gnu-efi//lib -I/builddir/build/BUILD/shim-16.1/gnu-efi/inc -I/builddir/build/BUILD/shim-16.1/gnu-efi/inc/aarch64 -I/builddir/build/BUILD/shim-16.1/gnu-efi/inc/protocol -Wno-error=pragmas -fpic  -Os -Wall -Wextra -Wno-missing-field-initializers -Werror -fshort-wchar -fno-strict-aliasing -ffreestanding -fno-stack-protector -fno-stack-check -nostdinc   -isystem /builddir/build/BUILD/shim-16.1/gnu-efi/../include/system -isystem /opt/rh/gcc-toolset-12/root/usr/lib/gcc/aarch64-redhat-linux/12/include -fno-merge-all-constants -DCONFIG_aarch64 -c /builddir/build/BUILD/shim-16.1/gnu-efi//lib/crc.c -o crc.o
DEBUG util.py:463:  gcc -I/builddir/build/BUILD/shim-16.1/gnu-efi//lib -I/builddir/build/BUILD/shim-16.1/gnu-efi/inc -I/builddir/build/BUILD/shim-16.1/gnu-efi/inc/aarch64 -I/builddir/build/BUILD/shim-16.1/gnu-efi/inc/protocol -Wno-error=pragmas -fpic  -Os -Wall -Wextra -Wno-missing-field-initializers -Werror -fshort-wchar -fno-strict-aliasing -ffreestanding -fno-stack-protector -fno-stack-check -nostdinc   -isystem /builddir/build/BUILD/shim-16.1/gnu-efi/../include/system -isystem /opt/rh/gcc-toolset-12/root/usr/lib/gcc/aarch64-redhat-linux/12/include -fno-merge-all-constants -DCONFIG_aarch64 -c /builddir/build/BUILD/shim-16.1/gnu-efi//lib/data.c -o data.o
DEBUG util.py:463:  gcc -I/builddir/build/BUILD/shim-16.1/gnu-efi//lib -I/builddir/build/BUILD/shim-16.1/gnu-efi/inc -I/builddir/build/BUILD/shim-16.1/gnu-efi/inc/aarch64 -I/builddir/build/BUILD/shim-16.1/gnu-efi/inc/protocol -Wno-error=pragmas -fpic  -Os -Wall -Wextra -Wno-missing-field-initializers -Werror -fshort-wchar -fno-strict-aliasing -ffreestanding -fno-stack-protector -fno-stack-check -nostdinc   -isystem /builddir/build/BUILD/shim-16.1/gnu-efi/../include/system -isystem /opt/rh/gcc-toolset-12/root/usr/lib/gcc/aarch64-redhat-linux/12/include -fno-merge-all-constants -DCONFIG_aarch64 -c /builddir/build/BUILD/shim-16.1/gnu-efi//lib/debug.c -o debug.o
DEBUG util.py:463:  gcc -I/builddir/build/BUILD/shim-16.1/gnu-efi//lib -I/builddir/build/BUILD/shim-16.1/gnu-efi/inc -I/builddir/build/BUILD/shim-16.1/gnu-efi/inc/aarch64 -I/builddir/build/BUILD/shim-16.1/gnu-efi/inc/protocol -Wno-error=pragmas -fpic  -Os -Wall -Wextra -Wno-missing-field-initializers -Werror -fshort-wchar -fno-strict-aliasing -ffreestanding -fno-stack-protector -fno-stack-check -nostdinc   -isystem /builddir/build/BUILD/shim-16.1/gnu-efi/../include/system -isystem /opt/rh/gcc-toolset-12/root/usr/lib/gcc/aarch64-redhat-linux/12/include -fno-merge-all-constants -DCONFIG_aarch64 -c /builddir/build/BUILD/shim-16.1/gnu-efi//lib/dpath.c -o dpath.o
DEBUG util.py:463:  gcc -I/builddir/build/BUILD/shim-16.1/gnu-efi//lib -I/builddir/build/BUILD/shim-16.1/gnu-efi/inc -I/builddir/build/BUILD/shim-16.1/gnu-efi/inc/aarch64 -I/builddir/build/BUILD/shim-16.1/gnu-efi/inc/protocol -Wno-error=pragmas -fpic  -Os -Wall -Wextra -Wno-missing-field-initializers -Werror -fshort-wchar -fno-strict-aliasing -ffreestanding -fno-stack-protector -fno-stack-check -nostdinc   -isystem /builddir/build/BUILD/shim-16.1/gnu-efi/../include/system -isystem /opt/rh/gcc-toolset-12/root/usr/lib/gcc/aarch64-redhat-linux/12/include -fno-merge-all-constants -DCONFIG_aarch64 -c /builddir/build/BUILD/shim-16.1/gnu-efi//lib/error.c -o error.o
DEBUG util.py:463:  gcc -I/builddir/build/BUILD/shim-16.1/gnu-efi//lib -I/builddir/build/BUILD/shim-16.1/gnu-efi/inc -I/builddir/build/BUILD/shim-16.1/gnu-efi/inc/aarch64 -I/builddir/build/BUILD/shim-16.1/gnu-efi/inc/protocol -Wno-error=pragmas -fpic  -Os -Wall -Wextra -Wno-missing-field-initializers -Werror -fshort-wchar -fno-strict-aliasing -ffreestanding -fno-stack-protector -fno-stack-check -nostdinc   -isystem /builddir/build/BUILD/shim-16.1/gnu-efi/../include/system -isystem /opt/rh/gcc-toolset-12/root/usr/lib/gcc/aarch64-redhat-linux/12/include -fno-merge-all-constants -DCONFIG_aarch64 -c /builddir/build/BUILD/shim-16.1/gnu-efi//lib/event.c -o event.o
DEBUG util.py:463:  gcc -I/builddir/build/BUILD/shim-16.1/gnu-efi//lib -I/builddir/build/BUILD/shim-16.1/gnu-efi/inc -I/builddir/build/BUILD/shim-16.1/gnu-efi/inc/aarch64 -I/builddir/build/BUILD/shim-16.1/gnu-efi/inc/protocol -Wno-error=pragmas -fpic  -Os -Wall -Wextra -Wno-missing-field-initializers -Werror -fshort-wchar -fno-strict-aliasing -ffreestanding -fno-stack-protector -fno-stack-check -nostdinc   -isystem /builddir/build/BUILD/shim-16.1/gnu-efi/../include/system -isystem /opt/rh/gcc-toolset-12/root/usr/lib/gcc/aarch64-redhat-linux/12/include -fno-merge-all-constants -DCONFIG_aarch64 -c /builddir/build/BUILD/shim-16.1/gnu-efi//lib/exit.c -o exit.o
DEBUG util.py:463:  gcc -I/builddir/build/BUILD/shim-16.1/gnu-efi//lib -I/builddir/build/BUILD/shim-16.1/gnu-efi/inc -I/builddir/build/BUILD/shim-16.1/gnu-efi/inc/aarch64 -I/builddir/build/BUILD/shim-16.1/gnu-efi/inc/protocol -Wno-error=pragmas -fpic  -Os -Wall -Wextra -Wno-missing-field-initializers -Werror -fshort-wchar -fno-strict-aliasing -ffreestanding -fno-stack-protector -fno-stack-check -nostdinc   -isystem /builddir/build/BUILD/shim-16.1/gnu-efi/../include/system -isystem /opt/rh/gcc-toolset-12/root/usr/lib/gcc/aarch64-redhat-linux/12/include -fno-merge-all-constants -DCONFIG_aarch64 -c /builddir/build/BUILD/shim-16.1/gnu-efi//lib/guid.c -o guid.o
DEBUG util.py:463:  gcc -I/builddir/build/BUILD/shim-16.1/gnu-efi//lib -I/builddir/build/BUILD/shim-16.1/gnu-efi/inc -I/builddir/build/BUILD/shim-16.1/gnu-efi/inc/aarch64 -I/builddir/build/BUILD/shim-16.1/gnu-efi/inc/protocol -Wno-error=pragmas -fpic  -Os -Wall -Wextra -Wno-missing-field-initializers -Werror -fshort-wchar -fno-strict-aliasing -ffreestanding -fno-stack-protector -fno-stack-check -nostdinc   -isystem /builddir/build/BUILD/shim-16.1/gnu-efi/../include/system -isystem /opt/rh/gcc-toolset-12/root/usr/lib/gcc/aarch64-redhat-linux/12/include -fno-merge-all-constants -DCONFIG_aarch64 -c /builddir/build/BUILD/shim-16.1/gnu-efi//lib/hand.c -o hand.o
DEBUG util.py:463:  gcc -I/builddir/build/BUILD/shim-16.1/gnu-efi//lib -I/builddir/build/BUILD/shim-16.1/gnu-efi/inc -I/builddir/build/BUILD/shim-16.1/gnu-efi/inc/aarch64 -I/builddir/build/BUILD/shim-16.1/gnu-efi/inc/protocol -Wno-error=pragmas -fpic  -Os -Wall -Wextra -Wno-missing-field-initializers -Werror -fshort-wchar -fno-strict-aliasing -ffreestanding -fno-stack-protector -fno-stack-check -nostdinc   -isystem /builddir/build/BUILD/shim-16.1/gnu-efi/../include/system -isystem /opt/rh/gcc-toolset-12/root/usr/lib/gcc/aarch64-redhat-linux/12/include -fno-merge-all-constants -DCONFIG_aarch64 -c /builddir/build/BUILD/shim-16.1/gnu-efi//lib/hw.c -o hw.o
DEBUG util.py:463:  gcc -I/builddir/build/BUILD/shim-16.1/gnu-efi//lib -I/builddir/build/BUILD/shim-16.1/gnu-efi/inc -I/builddir/build/BUILD/shim-16.1/gnu-efi/inc/aarch64 -I/builddir/build/BUILD/shim-16.1/gnu-efi/inc/protocol -Wno-error=pragmas -fpic  -Os -Wall -Wextra -Wno-missing-field-initializers -Werror -fshort-wchar -fno-strict-aliasing -ffreestanding -fno-stack-protector -fno-stack-check -nostdinc   -isystem /builddir/build/BUILD/shim-16.1/gnu-efi/../include/system -isystem /opt/rh/gcc-toolset-12/root/usr/lib/gcc/aarch64-redhat-linux/12/include -fno-merge-all-constants -DCONFIG_aarch64 -c /builddir/build/BUILD/shim-16.1/gnu-efi//lib/init.c -o init.o
DEBUG util.py:463:  gcc -I/builddir/build/BUILD/shim-16.1/gnu-efi//lib -I/builddir/build/BUILD/shim-16.1/gnu-efi/inc -I/builddir/build/BUILD/shim-16.1/gnu-efi/inc/aarch64 -I/builddir/build/BUILD/shim-16.1/gnu-efi/inc/protocol -Wno-error=pragmas -fpic  -Os -Wall -Wextra -Wno-missing-field-initializers -Werror -fshort-wchar -fno-strict-aliasing -ffreestanding -fno-stack-protector -fno-stack-check -nostdinc   -isystem /builddir/build/BUILD/shim-16.1/gnu-efi/../include/system -isystem /opt/rh/gcc-toolset-12/root/usr/lib/gcc/aarch64-redhat-linux/12/include -fno-merge-all-constants -DCONFIG_aarch64 -c /builddir/build/BUILD/shim-16.1/gnu-efi//lib/lock.c -o lock.o
DEBUG util.py:463:  gcc -I/builddir/build/BUILD/shim-16.1/gnu-efi//lib -I/builddir/build/BUILD/shim-16.1/gnu-efi/inc -I/builddir/build/BUILD/shim-16.1/gnu-efi/inc/aarch64 -I/builddir/build/BUILD/shim-16.1/gnu-efi/inc/protocol -Wno-error=pragmas -fpic  -Os -Wall -Wextra -Wno-missing-field-initializers -Werror -fshort-wchar -fno-strict-aliasing -ffreestanding -fno-stack-protector -fno-stack-check -nostdinc   -isystem /builddir/build/BUILD/shim-16.1/gnu-efi/../include/system -isystem /opt/rh/gcc-toolset-12/root/usr/lib/gcc/aarch64-redhat-linux/12/include -fno-merge-all-constants -DCONFIG_aarch64 -c /builddir/build/BUILD/shim-16.1/gnu-efi//lib/misc.c -o misc.o
DEBUG util.py:463:  gcc -I/builddir/build/BUILD/shim-16.1/gnu-efi//lib -I/builddir/build/BUILD/shim-16.1/gnu-efi/inc -I/builddir/build/BUILD/shim-16.1/gnu-efi/inc/aarch64 -I/builddir/build/BUILD/shim-16.1/gnu-efi/inc/protocol -Wno-error=pragmas -fpic  -Os -Wall -Wextra -Wno-missing-field-initializers -Werror -fshort-wchar -fno-strict-aliasing -ffreestanding -fno-stack-protector -fno-stack-check -nostdinc   -isystem /builddir/build/BUILD/shim-16.1/gnu-efi/../include/system -isystem /opt/rh/gcc-toolset-12/root/usr/lib/gcc/aarch64-redhat-linux/12/include -fno-merge-all-constants -DCONFIG_aarch64 -c /builddir/build/BUILD/shim-16.1/gnu-efi//lib/pause.c -o pause.o
DEBUG util.py:463:  gcc -I/builddir/build/BUILD/shim-16.1/gnu-efi//lib -I/builddir/build/BUILD/shim-16.1/gnu-efi/inc -I/builddir/build/BUILD/shim-16.1/gnu-efi/inc/aarch64 -I/builddir/build/BUILD/shim-16.1/gnu-efi/inc/protocol -Wno-error=pragmas -fpic  -Os -Wall -Wextra -Wno-missing-field-initializers -Werror -fshort-wchar -fno-strict-aliasing -ffreestanding -fno-stack-protector -fno-stack-check -nostdinc   -isystem /builddir/build/BUILD/shim-16.1/gnu-efi/../include/system -isystem /opt/rh/gcc-toolset-12/root/usr/lib/gcc/aarch64-redhat-linux/12/include -fno-merge-all-constants -DCONFIG_aarch64 -c /builddir/build/BUILD/shim-16.1/gnu-efi//lib/print.c -o print.o
DEBUG util.py:463:  gcc -I/builddir/build/BUILD/shim-16.1/gnu-efi//lib -I/builddir/build/BUILD/shim-16.1/gnu-efi/inc -I/builddir/build/BUILD/shim-16.1/gnu-efi/inc/aarch64 -I/builddir/build/BUILD/shim-16.1/gnu-efi/inc/protocol -Wno-error=pragmas -fpic  -Os -Wall -Wextra -Wno-missing-field-initializers -Werror -fshort-wchar -fno-strict-aliasing -ffreestanding -fno-stack-protector -fno-stack-check -nostdinc   -isystem /builddir/build/BUILD/shim-16.1/gnu-efi/../include/system -isystem /opt/rh/gcc-toolset-12/root/usr/lib/gcc/aarch64-redhat-linux/12/include -fno-merge-all-constants -DCONFIG_aarch64 -c /builddir/build/BUILD/shim-16.1/gnu-efi//lib/sread.c -o sread.o
DEBUG util.py:463:  gcc -I/builddir/build/BUILD/shim-16.1/gnu-efi//lib -I/builddir/build/BUILD/shim-16.1/gnu-efi/inc -I/builddir/build/BUILD/shim-16.1/gnu-efi/inc/aarch64 -I/builddir/build/BUILD/shim-16.1/gnu-efi/inc/protocol -Wno-error=pragmas -fpic  -Os -Wall -Wextra -Wno-missing-field-initializers -Werror -fshort-wchar -fno-strict-aliasing -ffreestanding -fno-stack-protector -fno-stack-check -nostdinc   -isystem /builddir/build/BUILD/shim-16.1/gnu-efi/../include/system -isystem /opt/rh/gcc-toolset-12/root/usr/lib/gcc/aarch64-redhat-linux/12/include -fno-merge-all-constants -DCONFIG_aarch64 -c /builddir/build/BUILD/shim-16.1/gnu-efi//lib/str.c -o str.o
DEBUG util.py:463:  gcc -I/builddir/build/BUILD/shim-16.1/gnu-efi//lib -I/builddir/build/BUILD/shim-16.1/gnu-efi/inc -I/builddir/build/BUILD/shim-16.1/gnu-efi/inc/aarch64 -I/builddir/build/BUILD/shim-16.1/gnu-efi/inc/protocol -Wno-error=pragmas -fpic  -Os -Wall -Wextra -Wno-missing-field-initializers -Werror -fshort-wchar -fno-strict-aliasing -ffreestanding -fno-stack-protector -fno-stack-check -nostdinc   -isystem /builddir/build/BUILD/shim-16.1/gnu-efi/../include/system -isystem /opt/rh/gcc-toolset-12/root/usr/lib/gcc/aarch64-redhat-linux/12/include -fno-merge-all-constants -DCONFIG_aarch64 -c /builddir/build/BUILD/shim-16.1/gnu-efi//lib/cmdline.c -o cmdline.o
DEBUG util.py:463:  gcc -I/builddir/build/BUILD/shim-16.1/gnu-efi//lib -I/builddir/build/BUILD/shim-16.1/gnu-efi/inc -I/builddir/build/BUILD/shim-16.1/gnu-efi/inc/aarch64 -I/builddir/build/BUILD/shim-16.1/gnu-efi/inc/protocol -Wno-error=pragmas -fpic  -Os -Wall -Wextra -Wno-missing-field-initializers -Werror -fshort-wchar -fno-strict-aliasing -ffreestanding -fno-stack-protector -fno-stack-check -nostdinc   -isystem /builddir/build/BUILD/shim-16.1/gnu-efi/../include/system -isystem /opt/rh/gcc-toolset-12/root/usr/lib/gcc/aarch64-redhat-linux/12/include -fno-merge-all-constants -DCONFIG_aarch64 -c /builddir/build/BUILD/shim-16.1/gnu-efi//lib/runtime/rtlock.c -o runtime/rtlock.o
DEBUG util.py:463:  gcc -I/builddir/build/BUILD/shim-16.1/gnu-efi//lib -I/builddir/build/BUILD/shim-16.1/gnu-efi/inc -I/builddir/build/BUILD/shim-16.1/gnu-efi/inc/aarch64 -I/builddir/build/BUILD/shim-16.1/gnu-efi/inc/protocol -Wno-error=pragmas -fpic  -Os -Wall -Wextra -Wno-missing-field-initializers -Werror -fshort-wchar -fno-strict-aliasing -ffreestanding -fno-stack-protector -fno-stack-check -nostdinc   -isystem /builddir/build/BUILD/shim-16.1/gnu-efi/../include/system -isystem /opt/rh/gcc-toolset-12/root/usr/lib/gcc/aarch64-redhat-linux/12/include -fno-merge-all-constants -DCONFIG_aarch64 -c /builddir/build/BUILD/shim-16.1/gnu-efi//lib/runtime/efirtlib.c -o runtime/efirtlib.o
DEBUG util.py:463:  gcc -I/builddir/build/BUILD/shim-16.1/gnu-efi//lib -I/builddir/build/BUILD/shim-16.1/gnu-efi/inc -I/builddir/build/BUILD/shim-16.1/gnu-efi/inc/aarch64 -I/builddir/build/BUILD/shim-16.1/gnu-efi/inc/protocol -Wno-error=pragmas -fpic  -Os -Wall -Wextra -Wno-missing-field-initializers -Werror -fshort-wchar -fno-strict-aliasing -ffreestanding -fno-stack-protector -fno-stack-check -nostdinc   -isystem /builddir/build/BUILD/shim-16.1/gnu-efi/../include/system -isystem /opt/rh/gcc-toolset-12/root/usr/lib/gcc/aarch64-redhat-linux/12/include -fno-merge-all-constants -DCONFIG_aarch64 -c /builddir/build/BUILD/shim-16.1/gnu-efi//lib/runtime/rtstr.c -o runtime/rtstr.o
DEBUG util.py:463:  gcc -I/builddir/build/BUILD/shim-16.1/gnu-efi//lib -I/builddir/build/BUILD/shim-16.1/gnu-efi/inc -I/builddir/build/BUILD/shim-16.1/gnu-efi/inc/aarch64 -I/builddir/build/BUILD/shim-16.1/gnu-efi/inc/protocol -Wno-error=pragmas -fpic  -Os -Wall -Wextra -Wno-missing-field-initializers -Werror -fshort-wchar -fno-strict-aliasing -ffreestanding -fno-stack-protector -fno-stack-check -nostdinc   -isystem /builddir/build/BUILD/shim-16.1/gnu-efi/../include/system -isystem /opt/rh/gcc-toolset-12/root/usr/lib/gcc/aarch64-redhat-linux/12/include -fno-merge-all-constants -DCONFIG_aarch64 -c /builddir/build/BUILD/shim-16.1/gnu-efi//lib/runtime/vm.c -o runtime/vm.o
DEBUG util.py:463:  gcc -I/builddir/build/BUILD/shim-16.1/gnu-efi//lib -I/builddir/build/BUILD/shim-16.1/gnu-efi/inc -I/builddir/build/BUILD/shim-16.1/gnu-efi/inc/aarch64 -I/builddir/build/BUILD/shim-16.1/gnu-efi/inc/protocol -Wno-error=pragmas -fpic  -Os -Wall -Wextra -Wno-missing-field-initializers -Werror -fshort-wchar -fno-strict-aliasing -ffreestanding -fno-stack-protector -fno-stack-check -nostdinc   -isystem /builddir/build/BUILD/shim-16.1/gnu-efi/../include/system -isystem /opt/rh/gcc-toolset-12/root/usr/lib/gcc/aarch64-redhat-linux/12/include -fno-merge-all-constants -DCONFIG_aarch64 -c /builddir/build/BUILD/shim-16.1/gnu-efi//lib/runtime/rtdata.c -o runtime/rtdata.o
DEBUG util.py:463:  gcc -I/builddir/build/BUILD/shim-16.1/gnu-efi//lib -I/builddir/build/BUILD/shim-16.1/gnu-efi/inc -I/builddir/build/BUILD/shim-16.1/gnu-efi/inc/aarch64 -I/builddir/build/BUILD/shim-16.1/gnu-efi/inc/protocol -Wno-error=pragmas -fpic  -Os -Wall -Wextra -Wno-missing-field-initializers -Werror -fshort-wchar -fno-strict-aliasing -ffreestanding -fno-stack-protector -fno-stack-check -nostdinc   -isystem /builddir/build/BUILD/shim-16.1/gnu-efi/../include/system -isystem /opt/rh/gcc-toolset-12/root/usr/lib/gcc/aarch64-redhat-linux/12/include -fno-merge-all-constants -DCONFIG_aarch64 -c /builddir/build/BUILD/shim-16.1/gnu-efi//lib/aarch64/initplat.c -o aarch64/initplat.o
DEBUG util.py:463:  gcc -I/builddir/build/BUILD/shim-16.1/gnu-efi//lib -I/builddir/build/BUILD/shim-16.1/gnu-efi/inc -I/builddir/build/BUILD/shim-16.1/gnu-efi/inc/aarch64 -I/builddir/build/BUILD/shim-16.1/gnu-efi/inc/protocol -Wno-error=pragmas -fpic  -Os -Wall -Wextra -Wno-missing-field-initializers -Werror -fshort-wchar -fno-strict-aliasing -ffreestanding -fno-stack-protector -fno-stack-check -nostdinc   -isystem /builddir/build/BUILD/shim-16.1/gnu-efi/../include/system -isystem /opt/rh/gcc-toolset-12/root/usr/lib/gcc/aarch64-redhat-linux/12/include -fno-merge-all-constants -DCONFIG_aarch64 -c /builddir/build/BUILD/shim-16.1/gnu-efi//lib/aarch64/math.c -o aarch64/math.o
DEBUG util.py:463:  gcc -I/builddir/build/BUILD/shim-16.1/gnu-efi//lib -I/builddir/build/BUILD/shim-16.1/gnu-efi/inc -I/builddir/build/BUILD/shim-16.1/gnu-efi/inc/aarch64 -I/builddir/build/BUILD/shim-16.1/gnu-efi/inc/protocol -Wno-error=pragmas -fpic  -Os -Wall -Wextra -Wno-missing-field-initializers -Werror -fshort-wchar -fno-strict-aliasing -ffreestanding -fno-stack-protector -fno-stack-check -nostdinc   -isystem /builddir/build/BUILD/shim-16.1/gnu-efi/../include/system -isystem /opt/rh/gcc-toolset-12/root/usr/lib/gcc/aarch64-redhat-linux/12/include -fno-merge-all-constants -DCONFIG_aarch64 -c /builddir/build/BUILD/shim-16.1/gnu-efi//lib/aarch64/setjmp.S -o aarch64/setjmp.o
DEBUG util.py:461:  /builddir/build/BUILD/shim-16.1/gnu-efi//lib/aarch64/setjmp.S: Assembler messages:
DEBUG util.py:461:  /builddir/build/BUILD/shim-16.1/gnu-efi//lib/aarch64/setjmp.S:61: Warning: setting incorrect section attributes for .note.GNU-stack
DEBUG util.py:463:  gcc-ar rv -U libefi.a boxdraw.o smbios.o console.o crc.o data.o debug.o dpath.o error.o event.o exit.o guid.o hand.o hw.o init.o lock.o misc.o pause.o print.o sread.o str.o cmdline.o runtime/rtlock.o runtime/efirtlib.o runtime/rtstr.o runtime/vm.o runtime/rtdata.o aarch64/initplat.o aarch64/math.o aarch64/setjmp.o
DEBUG util.py:461:  /opt/rh/gcc-toolset-12/root/usr/libexec/gcc/aarch64-redhat-linux/12/ar: creating libefi.a
DEBUG util.py:463:  a - boxdraw.o
DEBUG util.py:463:  a - smbios.o
DEBUG util.py:463:  a - console.o
DEBUG util.py:463:  a - crc.o
DEBUG util.py:463:  a - data.o
DEBUG util.py:463:  a - debug.o
DEBUG util.py:463:  a - dpath.o
DEBUG util.py:463:  a - error.o
DEBUG util.py:463:  a - event.o
DEBUG util.py:463:  a - exit.o
DEBUG util.py:463:  a - guid.o
DEBUG util.py:463:  a - hand.o
DEBUG util.py:463:  a - hw.o
DEBUG util.py:463:  a - init.o
DEBUG util.py:463:  a - lock.o
DEBUG util.py:463:  a - misc.o
DEBUG util.py:463:  a - pause.o
DEBUG util.py:463:  a - print.o
DEBUG util.py:463:  a - sread.o
DEBUG util.py:463:  a - str.o
DEBUG util.py:463:  a - cmdline.o
DEBUG util.py:463:  a - runtime/rtlock.o
DEBUG util.py:463:  a - runtime/efirtlib.o
DEBUG util.py:463:  a - runtime/rtstr.o
DEBUG util.py:463:  a - runtime/vm.o
DEBUG util.py:463:  a - runtime/rtdata.o
DEBUG util.py:463:  a - aarch64/initplat.o
DEBUG util.py:463:  a - aarch64/math.o
DEBUG util.py:463:  a - aarch64/setjmp.o
DEBUG util.py:463:  make[2]: Leaving directory '/builddir/build/BUILD/shim-16.1/build-aa64/gnu-efi/aarch64/lib'
DEBUG util.py:463:  mkdir -p /builddir/build/BUILD/shim-16.1/build-aa64/gnu-efi/aarch64/gnuefi
DEBUG util.py:463:  make -C /builddir/build/BUILD/shim-16.1/build-aa64/gnu-efi/aarch64/gnuefi -f /builddir/build/BUILD/shim-16.1/gnu-efi//gnuefi/Makefile SRCDIR=/builddir/build/BUILD/shim-16.1/gnu-efi//gnuefi ARCH=aarch64
DEBUG util.py:463:  make[2]: Entering directory '/builddir/build/BUILD/shim-16.1/build-aa64/gnu-efi/aarch64/gnuefi'
DEBUG util.py:463:  gcc -I/builddir/build/BUILD/shim-16.1/gnu-efi//gnuefi -I/builddir/build/BUILD/shim-16.1/gnu-efi/inc -I/builddir/build/BUILD/shim-16.1/gnu-efi/inc/aarch64 -I/builddir/build/BUILD/shim-16.1/gnu-efi/inc/protocol -Wno-error=pragmas -fpic  -Os -Wall -Wextra -Wno-missing-field-initializers -Werror -fshort-wchar -fno-strict-aliasing -ffreestanding -fno-stack-protector -fno-stack-check -nostdinc   -isystem /builddir/build/BUILD/shim-16.1/gnu-efi/../include/system -isystem /opt/rh/gcc-toolset-12/root/usr/lib/gcc/aarch64-redhat-linux/12/include -fno-merge-all-constants -DCONFIG_aarch64 -c /builddir/build/BUILD/shim-16.1/gnu-efi//gnuefi/crt0-efi-aarch64.S -o crt0-efi-aarch64.o
DEBUG util.py:463:  gcc -I/builddir/build/BUILD/shim-16.1/gnu-efi//gnuefi -I/builddir/build/BUILD/shim-16.1/gnu-efi/inc -I/builddir/build/BUILD/shim-16.1/gnu-efi/inc/aarch64 -I/builddir/build/BUILD/shim-16.1/gnu-efi/inc/protocol -Wno-error=pragmas -fpic  -Os -Wall -Wextra -Wno-missing-field-initializers -Werror -fshort-wchar -fno-strict-aliasing -ffreestanding -fno-stack-protector -fno-stack-check -nostdinc   -isystem /builddir/build/BUILD/shim-16.1/gnu-efi/../include/system -isystem /opt/rh/gcc-toolset-12/root/usr/lib/gcc/aarch64-redhat-linux/12/include -fno-merge-all-constants -fno-jump-tables -DCONFIG_aarch64 -c /builddir/build/BUILD/shim-16.1/gnu-efi//gnuefi/reloc_aarch64.c -o reloc_aarch64.o
DEBUG util.py:461:  /builddir/build/BUILD/shim-16.1/gnu-efi//gnuefi/crt0-efi-aarch64.S: Assembler messages:
DEBUG util.py:461:  /builddir/build/BUILD/shim-16.1/gnu-efi//gnuefi/crt0-efi-aarch64.S:54: Warning: setting incorrect section attributes for .note.GNU-stack
DEBUG util.py:463:  gcc-ar rv -U libgnuefi.a reloc_aarch64.o
DEBUG util.py:461:  /opt/rh/gcc-toolset-12/root/usr/libexec/gcc/aarch64-redhat-linux/12/ar: creating libgnuefi.a
DEBUG util.py:463:  a - reloc_aarch64.o
DEBUG util.py:463:  make[2]: Leaving directory '/builddir/build/BUILD/shim-16.1/build-aa64/gnu-efi/aarch64/gnuefi'
DEBUG util.py:463:  make[1]: Leaving directory '/builddir/build/BUILD/shim-16.1/build-aa64/gnu-efi'
DEBUG util.py:463:  ld -o shimaa64.so --hash-style=sysv -nostdlib -znocombreloc -T /builddir/build/BUILD/shim-16.1/elf_aarch64_efi.lds -shared -Bsymbolic -Lgnu-efi/aarch64/gnuefi -Lgnu-efi/aarch64/lib -LCryptlib -LCryptlib/OpenSSL gnu-efi/aarch64/gnuefi/crt0-efi-aarch64.o --build-id=sha1  --no-undefined shim.o globals.o memattrs.o mok.o netboot.o cert.o dp.o loader-proto.o tpm.o version.o errlog.o sbat.o sbat_data.o sbat_var.o pe.o pe-relocate.o httpboot.o csv.o load-options.o utils.o verify.o Cryptlib/libcryptlib.a Cryptlib/OpenSSL/libopenssl.a lib/lib.a gnu-efi/aarch64/lib/libefi.a gnu-efi/aarch64/gnuefi/libgnuefi.a -lefi -lgnuefi --start-group Cryptlib/libcryptlib.a Cryptlib/OpenSSL/libopenssl.a --end-group /opt/rh/gcc-toolset-12/root/usr/lib/gcc/aarch64-redhat-linux/12/libgcc.a lib/lib.a
DEBUG util.py:463:  gcc -std=gnu11 -Og -g3 -Wall -Wextra -Wno-missing-field-initializers -Werror -o post-process-pe /builddir/build/BUILD/shim-16.1/post-process-pe.c
DEBUG util.py:463:  objcopy -D -j .text -j .sdata -j .data -j .data.ident \
DEBUG util.py:463:  	-j .dynamic -j .rodata -j .rel* \
DEBUG util.py:463:  	-j .rela* -j .dyn -j .reloc -j .eh_frame \
DEBUG util.py:463:  	-j .vendor_cert -j .sbat -j .sbatlevel \
DEBUG util.py:463:  	--file-alignment 0x1000 \
DEBUG util.py:463:  	--target efi-app-aarch64 shimaa64.so shimaa64.efi
DEBUG util.py:463:  ./post-process-pe -vv -n -x shimaa64.efi
DEBUG util.py:463:  set_dll_characteristics():357: Updating DLL Characteristics from 0x0000 to 0x0100
DEBUG util.py:463:  fix_checksum():459: Updating checksum from 0x001101ca to 0x001102ca
DEBUG util.py:463:  objcopy -D -j .text -j .sdata -j .data \
DEBUG util.py:463:  	-j .dynamic -j .rodata -j .rel* \
DEBUG util.py:463:  	-j .rela* -j .dyn -j .reloc -j .eh_frame -j .sbat \
DEBUG util.py:463:  	-j .sbatlevel \
DEBUG util.py:463:  	-j .debug_info -j .debug_abbrev -j .debug_aranges \
DEBUG util.py:463:  	-j .debug_line -j .debug_str -j .debug_ranges \
DEBUG util.py:463:  	-j .note.gnu.build-id \
DEBUG util.py:463:  	--file-alignment 0x1000 \
DEBUG util.py:463:  	shimaa64.so shimaa64.efi.debug
DEBUG util.py:463:  gcc -std=gnu11 -ggdb -gdwarf-4 -gstrict-dwarf -ffreestanding -fmacro-prefix-map=/builddir/build/BUILD/shim-16.1/= -fno-stack-protector -fno-strict-aliasing -fpic -fshort-wchar -Os -Wall -Wextra -Wno-missing-field-initializers  -DMDE_CPU_AARCH64 -DPAGE_SIZE=4096 -mstrict-align -Werror -nostdinc -I/builddir/build/BUILD/shim-16.1/Cryptlib -I/builddir/build/BUILD/shim-16.1/Cryptlib/Include -I/builddir/build/BUILD/shim-16.1/gnu-efi/inc -I/builddir/build/BUILD/shim-16.1/gnu-efi/inc/aarch64 -I/builddir/build/BUILD/shim-16.1/gnu-efi/inc/protocol -I/builddir/build/BUILD/shim-16.1/include -iquote /builddir/build/BUILD/shim-16.1 -iquote /builddir/build/BUILD/shim-16.1/build-aa64 -isystem /builddir/build/BUILD/shim-16.1/include/system -isystem /opt/rh/gcc-toolset-12/root/usr/lib/gcc/aarch64-redhat-linux/12/include -DDEFAULT_LOADER='L"\\\\grubaa64.efi"' -DDEFAULT_LOADER_CHAR='"\\\\grubaa64.efi"' -DEFI_ARCH='L"aa64"' -DDEBUGDIR='L"/usr/lib/debug/usr/share/shim/aa64-16.1-2.el9.alma.2/"' -DVENDOR_DB_FILE=\"../vendor_db.esl\" -DVENDOR_DBX_FILE=\"/builddir/build/SOURCES/dbx.esl\" -DSBAT_AUTOMATIC_DATE=2023012900   -c -o MokManager.o /builddir/build/BUILD/shim-16.1/MokManager.c
DEBUG util.py:463:  gcc -std=gnu11 -ggdb -gdwarf-4 -gstrict-dwarf -ffreestanding -fmacro-prefix-map=/builddir/build/BUILD/shim-16.1/= -fno-stack-protector -fno-strict-aliasing -fpic -fshort-wchar -Os -Wall -Wextra -Wno-missing-field-initializers  -DMDE_CPU_AARCH64 -DPAGE_SIZE=4096 -mstrict-align -Werror -nostdinc -I/builddir/build/BUILD/shim-16.1/Cryptlib -I/builddir/build/BUILD/shim-16.1/Cryptlib/Include -I/builddir/build/BUILD/shim-16.1/gnu-efi/inc -I/builddir/build/BUILD/shim-16.1/gnu-efi/inc/aarch64 -I/builddir/build/BUILD/shim-16.1/gnu-efi/inc/protocol -I/builddir/build/BUILD/shim-16.1/include -iquote /builddir/build/BUILD/shim-16.1 -iquote /builddir/build/BUILD/shim-16.1/build-aa64 -isystem /builddir/build/BUILD/shim-16.1/include/system -isystem /opt/rh/gcc-toolset-12/root/usr/lib/gcc/aarch64-redhat-linux/12/include -DDEFAULT_LOADER='L"\\\\grubaa64.efi"' -DDEFAULT_LOADER_CHAR='"\\\\grubaa64.efi"' -DEFI_ARCH='L"aa64"' -DDEBUGDIR='L"/usr/lib/debug/usr/share/shim/aa64-16.1-2.el9.alma.2/"' -DVENDOR_DB_FILE=\"../vendor_db.esl\" -DVENDOR_DBX_FILE=\"/builddir/build/SOURCES/dbx.esl\" -DSBAT_AUTOMATIC_DATE=2023012900   -c -o PasswordCrypt.o /builddir/build/BUILD/shim-16.1/PasswordCrypt.c
DEBUG util.py:463:  gcc -std=gnu11 -ggdb -gdwarf-4 -gstrict-dwarf -ffreestanding -fmacro-prefix-map=/builddir/build/BUILD/shim-16.1/= -fno-stack-protector -fno-strict-aliasing -fpic -fshort-wchar -Os -Wall -Wextra -Wno-missing-field-initializers  -DMDE_CPU_AARCH64 -DPAGE_SIZE=4096 -mstrict-align -Werror -nostdinc -I/builddir/build/BUILD/shim-16.1/Cryptlib -I/builddir/build/BUILD/shim-16.1/Cryptlib/Include -I/builddir/build/BUILD/shim-16.1/gnu-efi/inc -I/builddir/build/BUILD/shim-16.1/gnu-efi/inc/aarch64 -I/builddir/build/BUILD/shim-16.1/gnu-efi/inc/protocol -I/builddir/build/BUILD/shim-16.1/include -iquote /builddir/build/BUILD/shim-16.1 -iquote /builddir/build/BUILD/shim-16.1/build-aa64 -isystem /builddir/build/BUILD/shim-16.1/include/system -isystem /opt/rh/gcc-toolset-12/root/usr/lib/gcc/aarch64-redhat-linux/12/include -DDEFAULT_LOADER='L"\\\\grubaa64.efi"' -DDEFAULT_LOADER_CHAR='"\\\\grubaa64.efi"' -DEFI_ARCH='L"aa64"' -DDEBUGDIR='L"/usr/lib/debug/usr/share/shim/aa64-16.1-2.el9.alma.2/"' -DVENDOR_DB_FILE=\"../vendor_db.esl\" -DVENDOR_DBX_FILE=\"/builddir/build/SOURCES/dbx.esl\" -DSBAT_AUTOMATIC_DATE=2023012900   -c -o crypt_blowfish.o /builddir/build/BUILD/shim-16.1/crypt_blowfish.c
DEBUG util.py:463:  ld -o mmaa64.so --hash-style=sysv -nostdlib -znocombreloc -T /builddir/build/BUILD/shim-16.1/elf_aarch64_efi.lds -shared -Bsymbolic -Lgnu-efi/aarch64/gnuefi -Lgnu-efi/aarch64/lib -LCryptlib -LCryptlib/OpenSSL gnu-efi/aarch64/gnuefi/crt0-efi-aarch64.o --build-id=sha1  --no-undefined MokManager.o PasswordCrypt.o crypt_blowfish.o errlog.o sbat_data.o globals.o dp.o Cryptlib/libcryptlib.a Cryptlib/OpenSSL/libopenssl.a lib/lib.a gnu-efi/aarch64/lib/libefi.a gnu-efi/aarch64/gnuefi/libgnuefi.a -lefi -lgnuefi --start-group Cryptlib/libcryptlib.a Cryptlib/OpenSSL/libopenssl.a --end-group /opt/rh/gcc-toolset-12/root/usr/lib/gcc/aarch64-redhat-linux/12/libgcc.a lib/lib.a
DEBUG util.py:463:  objcopy -D -j .text -j .sdata -j .data \
DEBUG util.py:463:  	-j .dynamic -j .rodata -j .rel* \
DEBUG util.py:463:  	-j .rela* -j .dyn -j .reloc -j .eh_frame -j .sbat \
DEBUG util.py:463:  	-j .sbatlevel \
DEBUG util.py:463:  	-j .debug_info -j .debug_abbrev -j .debug_aranges \
DEBUG util.py:463:  	-j .debug_line -j .debug_str -j .debug_ranges \
DEBUG util.py:463:  	-j .note.gnu.build-id \
DEBUG util.py:463:  	--file-alignment 0x1000 \
DEBUG util.py:463:  	mmaa64.so mmaa64.efi.debug
DEBUG util.py:463:  gcc -std=gnu11 -ggdb -gdwarf-4 -gstrict-dwarf -ffreestanding -fmacro-prefix-map=/builddir/build/BUILD/shim-16.1/= -fno-stack-protector -fno-strict-aliasing -fpic -fshort-wchar -Os -Wall -Wextra -Wno-missing-field-initializers  -DMDE_CPU_AARCH64 -DPAGE_SIZE=4096 -mstrict-align -Werror -nostdinc -I/builddir/build/BUILD/shim-16.1/Cryptlib -I/builddir/build/BUILD/shim-16.1/Cryptlib/Include -I/builddir/build/BUILD/shim-16.1/gnu-efi/inc -I/builddir/build/BUILD/shim-16.1/gnu-efi/inc/aarch64 -I/builddir/build/BUILD/shim-16.1/gnu-efi/inc/protocol -I/builddir/build/BUILD/shim-16.1/include -iquote /builddir/build/BUILD/shim-16.1 -iquote /builddir/build/BUILD/shim-16.1/build-aa64 -isystem /builddir/build/BUILD/shim-16.1/include/system -isystem /opt/rh/gcc-toolset-12/root/usr/lib/gcc/aarch64-redhat-linux/12/include -DDEFAULT_LOADER='L"\\\\grubaa64.efi"' -DDEFAULT_LOADER_CHAR='"\\\\grubaa64.efi"' -DEFI_ARCH='L"aa64"' -DDEBUGDIR='L"/usr/lib/debug/usr/share/shim/aa64-16.1-2.el9.alma.2/"' -DVENDOR_DB_FILE=\"../vendor_db.esl\" -DVENDOR_DBX_FILE=\"/builddir/build/SOURCES/dbx.esl\" -DSBAT_AUTOMATIC_DATE=2023012900   -c -o fallback.o /builddir/build/BUILD/shim-16.1/fallback.c
DEBUG util.py:463:  ld -o fbaa64.so --hash-style=sysv -nostdlib -znocombreloc -T /builddir/build/BUILD/shim-16.1/elf_aarch64_efi.lds -shared -Bsymbolic -Lgnu-efi/aarch64/gnuefi -Lgnu-efi/aarch64/lib -LCryptlib -LCryptlib/OpenSSL gnu-efi/aarch64/gnuefi/crt0-efi-aarch64.o --build-id=sha1  --no-undefined fallback.o tpm.o errlog.o sbat_data.o globals.o utils.o Cryptlib/libcryptlib.a Cryptlib/OpenSSL/libopenssl.a lib/lib.a gnu-efi/aarch64/lib/libefi.a gnu-efi/aarch64/gnuefi/libgnuefi.a -lefi -lgnuefi --start-group Cryptlib/libcryptlib.a Cryptlib/OpenSSL/libopenssl.a --end-group /opt/rh/gcc-toolset-12/root/usr/lib/gcc/aarch64-redhat-linux/12/libgcc.a lib/lib.a
DEBUG util.py:463:  objcopy -D -j .text -j .sdata -j .data \
DEBUG util.py:463:  	-j .dynamic -j .rodata -j .rel* \
DEBUG util.py:463:  	-j .rela* -j .dyn -j .reloc -j .eh_frame -j .sbat \
DEBUG util.py:463:  	-j .sbatlevel \
DEBUG util.py:463:  	-j .debug_info -j .debug_abbrev -j .debug_aranges \
DEBUG util.py:463:  	-j .debug_line -j .debug_str -j .debug_ranges \
DEBUG util.py:463:  	-j .note.gnu.build-id \
DEBUG util.py:463:  	--file-alignment 0x1000 \
DEBUG util.py:463:  	fbaa64.so fbaa64.efi.debug
DEBUG util.py:463:  pesign -i shimaa64.efi -P -h > shimaa64.hash
DEBUG util.py:463:  objcopy -D -j .text -j .sdata -j .data -j .data.ident \
DEBUG util.py:463:  	-j .dynamic -j .rodata -j .rel* \
DEBUG util.py:463:  	-j .rela* -j .dyn -j .reloc -j .eh_frame \
DEBUG util.py:463:  	-j .vendor_cert -j .sbat -j .sbatlevel \
DEBUG util.py:463:  	--file-alignment 0x1000 \
DEBUG util.py:463:  	--target efi-app-aarch64 mmaa64.so mmaa64.efi
DEBUG util.py:463:  ./post-process-pe -vv -n -x mmaa64.efi
DEBUG util.py:463:  set_dll_characteristics():357: Updating DLL Characteristics from 0x0000 to 0x0100
DEBUG util.py:463:  fix_checksum():459: Updating checksum from 0x000df6e8 to 0x000df7e8
DEBUG util.py:463:  objcopy -D -j .text -j .sdata -j .data -j .data.ident \
DEBUG util.py:463:  	-j .dynamic -j .rodata -j .rel* \
DEBUG util.py:463:  	-j .rela* -j .dyn -j .reloc -j .eh_frame \
DEBUG util.py:463:  	-j .vendor_cert -j .sbat -j .sbatlevel \
DEBUG util.py:463:  	--file-alignment 0x1000 \
DEBUG util.py:463:  	--target efi-app-aarch64 fbaa64.so fbaa64.efi
DEBUG util.py:463:  ./post-process-pe -vv -n -x fbaa64.efi
DEBUG util.py:463:  set_dll_characteristics():357: Updating DLL Characteristics from 0x0000 to 0x0100
DEBUG util.py:463:  fix_checksum():459: Updating checksum from 0x0002bf52 to 0x0002c052
DEBUG util.py:463:  + cd ..
DEBUG util.py:463:  + RPM_EC=0
DEBUG util.py:461:  ++ jobs -p
DEBUG util.py:463:  + exit 0
DEBUG util.py:463:  Executing(%install): /bin/sh -e /var/tmp/rpm-tmp.pTU2mg
DEBUG util.py:463:  + umask 022
DEBUG util.py:463:  + cd /builddir/build/BUILD
DEBUG util.py:463:  + '[' /builddir/build/BUILDROOT/shim-unsigned-aarch64-16.1-2.el9.alma.2.aarch64 '!=' / ']'
DEBUG util.py:463:  + rm -rf /builddir/build/BUILDROOT/shim-unsigned-aarch64-16.1-2.el9.alma.2.aarch64
DEBUG util.py:461:  ++ dirname /builddir/build/BUILDROOT/shim-unsigned-aarch64-16.1-2.el9.alma.2.aarch64
DEBUG util.py:463:  + mkdir -p /builddir/build/BUILDROOT
DEBUG util.py:463:  + mkdir /builddir/build/BUILDROOT/shim-unsigned-aarch64-16.1-2.el9.alma.2.aarch64
DEBUG util.py:463:  + cd shim-16.1
DEBUG util.py:463:  + COMMIT_ID=afc49558b34548644c1cd0ad1b6526a9470182ed
DEBUG util.py:463:  + MAKEFLAGS='TOPDIR=.. -f ../Makefile COMMIT_ID=afc49558b34548644c1cd0ad1b6526a9470182ed '
DEBUG util.py:463:  + MAKEFLAGS+='EFIDIR=almalinux PKGNAME=shim RELEASE=2.el9.alma.2 '
DEBUG util.py:463:  + MAKEFLAGS+='ENABLE_SHIM_HASH=true '
DEBUG util.py:463:  + MAKEFLAGS+='SBAT_AUTOMATIC_DATE=2023012900 '
DEBUG util.py:463:  + '[' -f vendor_db.esl ']'
DEBUG util.py:463:  + MAKEFLAGS='TOPDIR=.. -f ../Makefile COMMIT_ID=afc49558b34548644c1cd0ad1b6526a9470182ed EFIDIR=almalinux PKGNAME=shim RELEASE=2.el9.alma.2 ENABLE_SHIM_HASH=true SBAT_AUTOMATIC_DATE=2023012900  VENDOR_DB_FILE=../vendor_db.esl '
DEBUG util.py:463:  + '[' -f /builddir/build/SOURCES/dbx.esl ']'
DEBUG util.py:463:  + MAKEFLAGS='TOPDIR=.. -f ../Makefile COMMIT_ID=afc49558b34548644c1cd0ad1b6526a9470182ed EFIDIR=almalinux PKGNAME=shim RELEASE=2.el9.alma.2 ENABLE_SHIM_HASH=true SBAT_AUTOMATIC_DATE=2023012900  VENDOR_DB_FILE=../vendor_db.esl  VENDOR_DBX_FILE=/builddir/build/SOURCES/dbx.esl '
DEBUG util.py:463:  + cd build-aa64
DEBUG util.py:463:  + make TOPDIR=.. -f ../Makefile COMMIT_ID=afc49558b34548644c1cd0ad1b6526a9470182ed EFIDIR=almalinux PKGNAME=shim RELEASE=2.el9.alma.2 ENABLE_SHIM_HASH=true SBAT_AUTOMATIC_DATE=2023012900 VENDOR_DB_FILE=../vendor_db.esl VENDOR_DBX_FILE=/builddir/build/SOURCES/dbx.esl 'DEFAULT_LOADER=\\\\grubaa64.efi' DESTDIR=/builddir/build/BUILDROOT/shim-unsigned-aarch64-16.1-2.el9.alma.2.aarch64 install-as-data install-debuginfo install-debugsource
DEBUG util.py:463:  gcc -I/usr/include -Og -g3 -Wall -Werror -Wextra -o buildid /builddir/build/BUILD/shim-16.1/buildid.c -lelf
DEBUG util.py:463:  Making BOOTAA64.CSV
DEBUG util.py:463:  install -d -m 0755 /builddir/build/BUILDROOT/shim-unsigned-aarch64-16.1-2.el9.alma.2.aarch64//usr/share//shim/16.1-2.el9.alma.2/aa64/
DEBUG util.py:463:  install -m 0644 shimaa64.efi /builddir/build/BUILDROOT/shim-unsigned-aarch64-16.1-2.el9.alma.2.aarch64//usr/share//shim/16.1-2.el9.alma.2/aa64//
DEBUG util.py:463:  install -m 0644 BOOTAA64.CSV /builddir/build/BUILDROOT/shim-unsigned-aarch64-16.1-2.el9.alma.2.aarch64//usr/share//shim/16.1-2.el9.alma.2/aa64//
DEBUG util.py:463:  install -m 0644 shimaa64.hash /builddir/build/BUILDROOT/shim-unsigned-aarch64-16.1-2.el9.alma.2.aarch64//usr/share//shim/16.1-2.el9.alma.2/aa64//
DEBUG util.py:463:  install -m 0644 mmaa64.efi /builddir/build/BUILDROOT/shim-unsigned-aarch64-16.1-2.el9.alma.2.aarch64//usr/share//shim/16.1-2.el9.alma.2/aa64//mmaa64.efi
DEBUG util.py:463:  install -m 0644 fbaa64.efi /builddir/build/BUILDROOT/shim-unsigned-aarch64-16.1-2.el9.alma.2.aarch64//usr/share//shim/16.1-2.el9.alma.2/aa64//fbaa64.efi
DEBUG util.py:463:  install -d -m 0755 /builddir/build/BUILDROOT/shim-unsigned-aarch64-16.1-2.el9.alma.2.aarch64/
DEBUG util.py:463:  install -d -m 0755 /builddir/build/BUILDROOT/shim-unsigned-aarch64-16.1-2.el9.alma.2.aarch64//usr/lib/debug/boot/efi/EFI/almalinux//
DEBUG util.py:463:  install -d -m 0755 /builddir/build/BUILDROOT/shim-unsigned-aarch64-16.1-2.el9.alma.2.aarch64//usr/src/debug//shim-16.1-2.el9.alma.2
DEBUG util.py:463:  find /builddir/build/BUILD/shim-16.1 -type f -a '(' -iname '*.c' -o -iname '*.h' -o -iname '*.S' ')' | while read file ; do \
DEBUG util.py:463:  	outfile=$(echo ${file} | sed -e "s,^/builddir/build/BUILD/shim-16.1,,") ; \
DEBUG util.py:463:  	install -d -m 0755 /builddir/build/BUILDROOT/shim-unsigned-aarch64-16.1-2.el9.alma.2.aarch64//usr/src/debug//shim-16.1-2.el9.alma.2/$(dirname ${outfile}) ; \
DEBUG util.py:463:  	install -m 0644 ${file} /builddir/build/BUILDROOT/shim-unsigned-aarch64-16.1-2.el9.alma.2.aarch64//usr/src/debug//shim-16.1-2.el9.alma.2/${outfile} ; \
DEBUG util.py:463:  done
DEBUG util.py:463:  + cd ..
DEBUG util.py:463:  + /builddir/build/SOURCES/shim-find-debuginfo.sh aa64
DEBUG util.py:463:  + /usr/lib/rpm/check-buildroot
DEBUG util.py:463:  + /usr/lib/rpm/redhat/brp-ldconfig
DEBUG util.py:463:  + /usr/lib/rpm/brp-compress
DEBUG util.py:463:  + /usr/lib/rpm/redhat/brp-strip-lto /usr/bin/strip
DEBUG util.py:463:  + /usr/lib/rpm/brp-strip-static-archive /usr/bin/strip
DEBUG util.py:463:  + /usr/lib/rpm/redhat/brp-python-bytecompile '' 1 0
DEBUG util.py:463:  + /usr/lib/rpm/brp-python-hardlink
DEBUG util.py:463:  + /usr/lib/rpm/redhat/brp-mangle-shebangs
DEBUG util.py:463:  Processing files: shim-unsigned-aarch64-16.1-2.el9.alma.2.aarch64
DEBUG util.py:463:  Executing(%license): /bin/sh -e /var/tmp/rpm-tmp.JcN7gk
DEBUG util.py:463:  + umask 022
DEBUG util.py:463:  + cd /builddir/build/BUILD
DEBUG util.py:463:  + cd shim-16.1
DEBUG util.py:463:  + LICENSEDIR=/builddir/build/BUILDROOT/shim-unsigned-aarch64-16.1-2.el9.alma.2.aarch64/usr/share/licenses/shim-unsigned-aarch64
DEBUG util.py:463:  + export LC_ALL=C
DEBUG util.py:463:  + LC_ALL=C
DEBUG util.py:463:  + export LICENSEDIR
DEBUG util.py:463:  + /usr/bin/mkdir -p /builddir/build/BUILDROOT/shim-unsigned-aarch64-16.1-2.el9.alma.2.aarch64/usr/share/licenses/shim-unsigned-aarch64
DEBUG util.py:463:  + cp -pr COPYRIGHT /builddir/build/BUILDROOT/shim-unsigned-aarch64-16.1-2.el9.alma.2.aarch64/usr/share/licenses/shim-unsigned-aarch64
DEBUG util.py:463:  + RPM_EC=0
DEBUG util.py:461:  ++ jobs -p
DEBUG util.py:463:  + exit 0
DEBUG util.py:463:  Provides: bundled(openssl) = 1.0.2j shim-unsigned-aarch64 = 16.1-2.el9.alma.2 shim-unsigned-aarch64(aarch-64) = 16.1-2.el9.alma.2
DEBUG util.py:463:  Requires(rpmlib): rpmlib(CompressedFileNames) <= 3.0.4-1 rpmlib(FileDigests) <= 4.6.0-1 rpmlib(PayloadFilesHavePrefix) <= 4.0-1
DEBUG util.py:463:  Processing files: shim-unsigned-aarch64-debuginfo-16.1-2.el9.alma.2.noarch
DEBUG util.py:463:  Provides: shim-unsigned-aarch64-debuginfo = 16.1-2.el9.alma.2
DEBUG util.py:463:  Requires(rpmlib): rpmlib(CompressedFileNames) <= 3.0.4-1 rpmlib(FileDigests) <= 4.6.0-1 rpmlib(PayloadFilesHavePrefix) <= 4.0-1
DEBUG util.py:463:  Recommends: shim-unsigned-aarch64-debugsource(aarch-64) = 16.1-2.el9.alma.2
DEBUG util.py:463:  Processing files: shim-unsigned-aarch64-debugsource-16.1-2.el9.alma.2.noarch
DEBUG util.py:463:  Provides: shim-unsigned-aarch64-debugsource = 16.1-2.el9.alma.2
DEBUG util.py:463:  Requires(rpmlib): rpmlib(CompressedFileNames) <= 3.0.4-1 rpmlib(FileDigests) <= 4.6.0-1 rpmlib(PayloadFilesHavePrefix) <= 4.0-1
DEBUG util.py:463:  Checking for unpackaged file(s): /usr/lib/rpm/check-files /builddir/build/BUILDROOT/shim-unsigned-aarch64-16.1-2.el9.alma.2.aarch64
DEBUG util.py:463:  Wrote: /builddir/build/RPMS/shim-unsigned-aarch64-16.1-2.el9.alma.2.aarch64.rpm
DEBUG util.py:463:  Wrote: /builddir/build/RPMS/shim-unsigned-aarch64-debuginfo-16.1-2.el9.alma.2.noarch.rpm
DEBUG util.py:463:  Wrote: /builddir/build/RPMS/shim-unsigned-aarch64-debugsource-16.1-2.el9.alma.2.noarch.rpm
DEBUG util.py:610:  Child return code was: 0
DEBUG backend.py:821:  Copying packages to result dir
DEBUG util.py:185:  kill orphans in chroot /var/lib/mock/e72385b4a8f5cd7f125828f2ec3220030c12951ab2166ae122ccae7e96ee833f.0/root
DEBUG util.py:636:  child environment: None
DEBUG util.py:558:  Executing command: ['/bin/umount', '-n', '/var/lib/mock/e72385b4a8f5cd7f125828f2ec3220030c12951ab2166ae122ccae7e96ee833f.0/root/var/cache/dnf'] with env {'TERM': 'vt100', 'SHELL': '/bin/sh', 'HOME': '/builddir', 'HOSTNAME': 'mock', 'PATH': '/usr/bin:/bin:/usr/sbin:/sbin', 'LANG': 'C.UTF-8'} and shell False
DEBUG util.py:610:  Child return code was: 0
DEBUG util.py:636:  child environment: None
DEBUG util.py:558:  Executing command: ['/bin/umount', '-n', '/var/lib/mock/e72385b4a8f5cd7f125828f2ec3220030c12951ab2166ae122ccae7e96ee833f.0/root/var/cache/yum'] with env {'TERM': 'vt100', 'SHELL': '/bin/sh', 'HOME': '/builddir', 'HOSTNAME': 'mock', 'PATH': '/usr/bin:/bin:/usr/sbin:/sbin', 'LANG': 'C.UTF-8'} and shell False
DEBUG util.py:610:  Child return code was: 0
